Title,NumberOfActors,NumberOfDirectors
"The Drew Barrymore Show",59,1
"Unsolved Mysteries",47,6
"Dirty Money",27,7
Bloodride,24,2
"Dead Places",24,2
"Love, Death & Robots",23,11
Dark,21,1
"Magic for Humans",21,1
"Monster: The Jeffrey Dahmer Story",18,1
"The Last Kingdom",17,7
"Bleach: Burîchi",17,3
"High Score",15,4
"Home for Christmas",15,1
"This Is a Robbery: The World's Biggest Art Heist",15,1
"The Confession Killer",13,2
"The Movies That Made Us",13,1
"Pandemic: How to Prevent an Outbreak",12,4
"Hagane no renkinjutsushi",12,3
"Challenger: The Final Flight",12,2
"The Midnight Gospel",11,2
"The Serpent",11,2
Vikings,11,2
"El caso Alcàsser",11,1
"Glitch Techs",10,6
"A Suitable Boy",10,2
"Historia de un crimen: Colmenares",10,2
"The Devil Next Door",10,2
"Unnatural Selection",10,2
Maid,9,5
"From Scratch",9,2
"The Stranger",9,2
"Tiger King: Murder, Mayhem and Madness",9,2
"Masters of the Universe: Revelation",9,2
Gokushufudo,9,1
"Jeffrey Epstein: Filthy Rich",9,1
"Room 2806: The Accusation",9,1
Lunatics,9,1
Bridgerton,8,4
"The Sandman",8,4
"American Experience",8,3
"Fate: The Winx Saga",8,3
Alex,8,1
"Alice in Borderland",8,1
Diablero,8,1
"El inocente",8,1
Kingdom,8,1
"Locke & Key",8,1
"Tiny Creatures",8,1
"Midnight Mass",8,1
"The Salisbury Poisonings",8,1
"Astronomy Club",7,3
"Ghost in the Shell SAC_2045",7,2
"In from the Cold",7,2
"Legends of Tomorrow",7,2
"Queen Sono",7,2
Yasuke,7,2
1899,7,1
"Bling Empire",7,1
"Crime Scene: The Vanishing at the Cecil Hotel",7,1
"History of Swear Words",7,1
"Queer Eye",7,1
"RH Project",7,1
"Super Monsters",7,1
"The Chair",7,1
"The Circle",7,1
"The Windsors",7,1
"Luis Miguel: La Serie",7,1
"Prank Encounters",7,1
"Untitled Lakers Project",7,1
"Archive 81",6,2
"Carmen Sandiego",6,2
"Daniel Spellbound",6,2
Élite,6,2
"Rhythm + Flow",6,2
"The Kominsky Method",6,2
Mismatched,6,2
"Aseudal Yeondaegi",6,1
Baki,6,1
"Bee and PuppyCat",6,1
"Blood of Zeus",6,1
Chichipatos,6,1
"Don't F**k with Cats: Hunting an Internet Killer",6,1
Fatma,6,1
Fauda,6,1
Glória,6,1
"Hollywood Insider",6,1
"Ju-on: Origins",6,1
"The Dragon Prince",6,1
"Love Is Blind",6,1
Sneakerheads,6,1
"You Don't Know Me",6,1
"Age of Samurai: Battle for Japan",5,1
Beastars,5,1
Bojwagwan,5,1
Castlevania,5,1
"Feel Good",5,1
"First Kill",5,1
"Formula 1: Drive to Survive",5,1
Heartstopper,5,1
"Hero Mask",5,1
"Inside Man",5,1
"Jack Whitehall: Travels with My Father",5,1
Ófærð,5,1
"Resident Evil",5,1
"Master of None",5,1
"Resident Evil: Infinite Darkness",5,1
"Ridley Jones",5,1
StarBeam,5,1
"The Imperfects",5,1
