Movies,NotablePeople
"¡A cantar!"," Salva Romero"
"¡A cantar!","Barbara Orti , Ricky Merino , Gianni Calchetti , Maysa Monção"
"¡Ay, mi madre!","Estefaníadelos Santos , Secundela Rosa , Terele Pávez , María Alfonsa Rosso"
"¡Ay, mi madre!","Frank Ariza , Rafa Montesinos"
"¿A quién te llevarías a una isla desierta?","Jota Linares"
"¿A quién te llevarías a una isla desierta?","Pol Monen , Jaime Lorente , Andrea Ros , María Pedraza"
"¿Quién Mató a Sara?","Eugenio Siller Manolo Cardona , Ginés García Millán , Carolina Miranda , Alejandro Nones"
"¿Quién Mató a Sara?"," David Ruiz , Bernardo Dela Rosa Villarreal"
(Un)Well,
(Un)Well,"Jennifer Julian"
"#AnneFrank - Parallel Stories","Helen Mirren , Anne Frank , Martina Gatti , Arianna Szorenyi"
"#AnneFrank - Parallel Stories","Sabina Fedeli , Anna Migotto"
#BlackAF,
#BlackAF,"Rashida Jones , Kenya Barris , Iman Benson , Genneya Walton"
#cats_the_mewvie,"Kevin Allocca , Phaedra Barratt , Amanda Brennan , Mike Bridavsky"
#cats_the_mewvie,"Michael Margolis"
#differentnotless,
#HappyBirthdaySense8,"Freema Agyeman , Jamie Clayton , Tina Desai , Bae Doona"
#HappyBirthdaySense8,"Josh Oreck"
#Realityhigh,"Fernando Lebrija"
#Realityhigh,"Nesta Cooper , Keith Powers , Alicia Sanz , Jake Borelli"
#Rucker50,"Inez Dickens"
#Rucker50,"Robert Mc Cullough Jr."
#Saraitda,"Il Cho"
#Saraitda,"Yoo Ah-in , Park Shin-Hye , Jeon Bae-soo , Hyun-Wook Lee"
#TemanTapiMenikah,"Adipati Dolken , Vanesha Prescilla , Refal Hady , Denira Wiraguna"
#TemanTapiMenikah,"Rako Prijanto"
#TemanTapiMenikah2,"Rako Prijanto"
#TemanTapiMenikah2,"Adipati Dolken , Mawar Evade Jongh , Vonny Cornellya , Sari Nila"
"1 Chance 2 Dance","Lexi Giovagnoli , Justin Ray , Rae Latt , Poonam Basu"
"1 Chance 2 Dance","Adam Deyoe"
"1,000,000 yen no Onnatachi",
"1,000,000 yen no Onnatachi","YôjirôNoda , Rila Fukushima , Rena Matsui , Miwako Wagatsuma"
"10 000 timmar","Peter Magnusson , Karin Lithman Özz Nûjen , Mathildavon Essen"
"10 000 timmar","Joachim Hedén"
"10 Days in Sun City","Adze Ugah"
"10 Days in Sun City","Gbenro Ajibade , Ali Baba , Fathia Balogun , Jaunde Jager"
"100 días para enamorarnos","Ilse Salas , Mariana Treviño , Erick Elias , David Chocarro"
"100 días para enamorarnos",
"100 Humans",
"100 Humans","Komalpreet Kaur Batth , Haley Bockrath , Dylan George , Braxton Hale"
"100 metros","Dani Rovira , Karra Elejalde , Alexandra Jiménez , David Verdaguer"
"100 metros","Marcel Barrena"
"100-man no Inochi no Ue ni Ore wa Tatte Iru",
"100-man no Inochi no Ue ni Ore wa Tatte Iru","Tara Sands , Makoto Koichi , Risa Kubota , Yûto Uemura"
"100% Coco","Nola Kemper , Valentijn Avé Merelde Zwart , Firy Beuk"
"100% Coco","Tessa Schram"
"100% Hotter",
"100% Hotter","Daniel Palmer , Melissa Sophia , Karen Williams , Zoe Hardman"
"101 Dalmatians","Glenn Close , Jeff Daniels , Joely Richardson , Joan Plowright"
"101 Dalmatians","Stephen Herek"
"12 Monkeys",
"12 Monkeys","Aaron Stanford , Amanda Schull , Noah Bean , Barbara Sukowa"
"12 Rounds 3: Lockdown","Jonathan Good , Roger Cross , Daniel Cudmore , Lochlyn Munro"
"12 Rounds 3: Lockdown","Stephen Reynolds"
"127 Hours","Danny Boyle"
"127 Hours","James Franco , Amber Tamblyn , Kate Mara , Sean Bott"
"13 Geboden","Dirkvan Dijck , Marie Vinck , Karlijn Sileghem , Line Pillet"
"13 Geboden",
"13 Minutes",
"13 Minutes","Jimmy Waitman"
"13 Reasons Why"," Katherine Langford Dylan Minnette , Grace Saif , Christian Navarro , Alisha Boe"
"13 Reasons Why"," Brenda Strong , Brian Yorkey , Michael Sucsy , Russell Mulcahy , Sunu Gonera , Tommy Lohmann"
"13 Reasons Why: Season 2 Date Announcement Commercial","Greg Jardin"
"13 Reasons Why: Season 2 Date Announcement Commercial","Alisha Boe , Tommy Dorfman , Katherine Langford , Derek Luke"
"13: The Musical","Josh Peck , Rhea Perlman , Peter Hermann , Debra Messing"
"13: The Musical","Tamra Davis"
13th,"Ava Du Vernay"
13th,"Melina Abdullah , Michelle Alexander , Cory Booker , Dolores Canales"
"13th: A Conversation with Oprah Winfrey & Ava DuVernay","Oprah Winfrey , Ava Du Vernay"
"13th: A Conversation with Oprah Winfrey & Ava DuVernay",
"15 August","Swapnaneel Jaykar"
"15 August","Abhishek Deshmukh , Mrunmayee Deshpande , Namrata Kadam , Addinath Kothare"
"17 filles","Louise Grinberg , Juliette Darche , Roxane Duran , Esther Garrel"
"17 filles","Delphine Coulin , Muriel Coulin"
"18 regali","Francesco Amato"
"18 regali","Vittoria Puccini , Benedetta Porcaroli , Edoardo Leo , Sara Lazzaro"
"1898. Los últimos de Filipinas","Luis Tosar , Javier Gutiérrez Álvaro Cervantes , Karra Elejalde"
"1898. Los últimos de Filipinas","Salvador Calvo"
1899," Baranbo Odar"
1899,"Miguel Bernardeau , Jonas Bloquet , Rosalie Craig , Aneurin Barnard , Anton Lesser , Mathilde Ollivier , Alexandre Willaume"
1920,"Rajniesh Duggall , Adah Sharma , Anjori Alagh , Raj Zutshi"
1920,"Vikram Bhatt"
"1920 London","Dharmendra Suresh Desai"
"1920 London","Sharman Joshi , Meera Chopra , Vishal Karwal , Surendra Pal"
1922,"Thomas Jane , Molly Parker , Dylan Schmid , Kaitlyn Bernard"
1922,"Zak Hilditch"
1983,
1983,"Robert Wieckiewicz , Maciej Musial , Michalina Olszanska , Andrzej Chyra"
1994,"Rafael Sebastián Guillén Vicente , Carlos Salinasde Gortari"
1994,
"1994: Poder, Rebeldía y Crimen en México",
"2 Weeks","Lee Joon-Gi , Ha-seon Park , Soo-young Ryu , Kim So-yeon"
"2 Weeks",
2:22,"Phillip Guzman"
2:22,"Mick Rossi , Robert Miano , Aaron Gallagher , Jorge A.Jimenez"
"2001: A Space Odyssey","Keir Dullea , Gary Lockwood , William Sylvester , Daniel Richter"
"2001: A Space Odyssey","Stanley Kubrick"
"2006 Independent Spirit Awards","Chris Donovan"
"2006 Independent Spirit Awards","Sarah Silverman , Hany Abu-Assad , Amy Adams , Shohreh Aghdashloo"
"2020 Golden Globe Awards","Ricky Gervais , Jennifer Aniston , Reese Witherspoon , Michael Douglas"
"2020 Golden Globe Awards","Louis J.Horvitz"
2067,"Seth Larney"
2067,"Aaron Glenane , Kodi Smit-Mc Phee , Ryan Kwanten , Finn Little"
"21 Days Under the Sky","Troy Critchlow , Gentry Dayton , Tom Fugle , Ryan Grossman"
"21 Days Under the Sky","Michael Schmidt"
"21 Sarfarosh Saragarhi 1897",
"21 Sarfarosh Saragarhi 1897","Harry Chauhan , Paras Raajj Ganndhhi , Sooraj Ohri , Mohit Raina"
"21 Thunder","Stephanie Bennett , Emmanuel Kabongo , Andres Joseph , Kevin Claydon"
"21 Thunder",
"22 July","Paul Greengrass"
"22 July","Anders Danielsen Lie , Jonas Strand Gravli , JonØigarden , Maria Bock"
"22nd Annual Mark Twain Prize for American Humor celebrating: Dave Chappelle","Dave Chappelle , Mohammed Amer , Aziz Ansari , Erykah Badu"
"22nd Annual Mark Twain Prize for American Humor celebrating: Dave Chappelle","Chris Robinson"
23:59,"Gilbert Chan"
23:59,"Tedd Chan , Stella Chung , Philip Hersh , Henley Hii"
"26 nyeon","Jin Goo , Hye-jin Han , Soo-bin Bae , Seul-ong Im"
"26 nyeon","Geun-hyun Cho"
2gether,
2gether,"Vachirawit Chivaaree , Metawin Opas-Iamkajorn , Chinnarat Siriphongchawalit , Sivakorn Lertchoochot"
"3 Geezers!","J.K.Simmons , Tim Allen , Scott Caan , Basil Hoffman"
"3 Geezers!","Michelle Schumacher"
"3 Türken & ein Baby","Sinan Akkus"
"3 Türken & ein Baby","Kida Khodr Ramadan , Eko Fresh , Kostja Ullmann , Sabrina Klüber"
3%,"Bianca Comparato , Vaneza Oliveira , Rodolfo Valente , ZezéMotta"
3%,
300,"Zack Snyder"
300,"Gerard Butler , Lena Headey , David Wenham , Dominic West"
"300: Rise of an Empire","Sullivan Stapleton , Eva Green , Lena Headey , Hans Matheson"
"300: Rise of an Empire","Noam Murro"
"365 dni","Barbara Bialowas , Tomasz Mandes"
"365 dni","Anna Maria Sieklucka , Michele Morrone , Bronislaw Wroclawski , Otar Saralidze"
"37 sekanzu","Nanami Kawakami , Makiko Watanabe , Mei Kayama , Shizuka Ishibashi"
"37 sekanzu",Hikari
"3Below: Tales of Arcadia","Andrew L.Schmidt Elaine Bogan - Francisco Ruiz-Velasco Rodrigo Blaas , Johane Matte"
"3Below: Tales of Arcadia","Frank Welker Alon Aboutboul Glenn Close , Tatiana Maslany , Diego Luna , Nick Offerman , Nick Frost"
"3rd Rock from the Sun","John Lithgow , Jane Curtin , Kristen Johnston , French Stewart"
"3rd Rock from the Sun",
"4 latas","Gerardo Olivares"
"4 latas","Jean Reno , Hovik Keuchkerian , Susana Abaitua , Juan Dos Santos"
"42 días en la oscuridad","Aline Küppenheim , Claudia Di Girólamo , Gloria Münchmeyer"
"42 días en la oscuridad",
"44 Gatti",
"44 Gatti","Judith Cabral , Sarah Natochenny , Keira Johnson , Joy Salaretti"
"45 Revoluciones","Carlos Cuevas , Guiomar Puerta , Iván Marcos , Israel Elejalde"
"45 Revoluciones",
"46 Yok Olan",
"46 Yok Olan","Erdal Besikçioglu , Yasemin Kay Allen , Melis Birkan , Saygin Soysal"
50M2,"EnginÖztürk , Kürsat Alniaçik , Cengiz Bozkurt , Aybüke Pusat"
50M2," Burak Aksak , Selçuk Aydemir"
"6 Balloons","Marja-Lewis Ryan"
"6 Balloons","Abbi Jacobson , Dave Franco , Charlotte Carel , Madeline Carel"
"6 Below: Miracle on the Mountain","Josh Hartnett , Mira Sorvino , Sarah Dumont , Kale Culley"
"6 Below: Miracle on the Mountain","Scott Waugh"
"6 Days","Toa Fraser"
"6 Days","Jamie Bell , Mark Strong , Abbie Cornish , Martin Shaw"
"6 Underground","Ryan Reynolds , Mélanie Laurent , Manuel Garcia-Rulfo , Ben Hardy"
"6 Underground","Michael Bay"
"6 Years","Hannah Fidell"
"6 Years","Taissa Farmiga , Ben Rosenfield , Lindsay Burdge , Joshua Leonard"
6-5=2,"Prashantt Guptha , Gaurav Paswala , Gaurav Kothari , Disha Kapoor"
6-5=2,"Bharat Jain"
"60 Il, Jijeongsaengjonja",
"60 Il, Jijeongsaengjonja","Jin-hee Ji , Joon-ho Huh , Kang Han-na , Lee Joon-hyuk"
"7 años","Juana Acosta , Alex Brendemühl , Paco León , Manuel Morón"
"7 años","Roger Gual"
"7 Chinese Brothers","Bob Byington"
"7 Chinese Brothers","Jason Schwartzman , Olympia Dukakis , Tunde Adebimpe , Eleanore Pienta"
"7 Days Out","Frank Bruni , Emmy , Kevin Flanery , Matthew Haag"
"7 Days Out",
"7 Guardians of the Tomb","Kimble Rendall"
"7 Guardians of the Tomb","Bingbing Li , Kellan Lutz , Kelsey Grammer , Chun Wu"
"7 Ilui Wangbi","Hyun-Sung Jang , Do Ji-Won , Dong-geon Lee , Eun-seo Son"
"7 Ilui Wangbi",
"7 Prisioneiros","Alexandre Moratto"
"7 Prisioneiros","Rodrigo Santoro , Christian Malheiros , Lucas Oranmian"
7:19,"Carmen Beato , Demián Bichir , Héctor Bonilla , Octavio Michel"
7:19,"Jorge Michel Grau"
"71st Golden Globe Awards","Louis J.Horvitz"
"71st Golden Globe Awards","Tina Fey , Amy Poehler , Jennifer Lawrence , Jacqueline Bisset"
"72 Dangerous Animals - Asia","Bob Brisbane , Bryan Grieg Fry , Romulus Whitaker , Paul Rosolie"
"72 Dangerous Animals - Asia",
"72 Dangerous Animals: Latin America",
"72 Dangerous Animals: Latin America","Bob Brisbane , Rui Seabra Ferreira Jr. Vidal Haddad Jr. Justin Schmidt"
76,"Efetobore Afatakpa , Tunde Alabi , Bisi Ariyo , Preach Bassey"
76,"Izu Ojukwu"
7Seeds,
7Seeds,".Christine M.Auten Jun Fukuyama Elissa Cuellar Marty Fleck Greg Cote Adam Gibbs Justin Doran Shannon Emerick Morgan Berry , Shelley Calene-Black Caitlynn French Bryson Baugus , Clint Bickham , Sam Butler , Ryan Anthony , Luci Christian Patricia Duran , Scott Gibbs , Alejandro Saab , Jad Saxton , Amber Lee Connors"
8:46,"Dave Chappelle"
8:46,"Steven Bognar , Julia Reichert"
"800 metros"," León Siminiani"
"800 metros"," "
"9 Kere Leyla","Haluk Bilginer , Demet Akbag , Elçin Sangu , Firat Tanis"
"9 Kere Leyla","Ezel Akay"
"A 3 Minute Hug","Everardo González"
"A 3 Minute Hug",
"A Babysitter's Guide to Monster Hunting","Tamara Smart , Oona Laurence , Tom Felton , Troy Leigh-Anne Johnson"
"A Babysitter's Guide to Monster Hunting","Rachel Talalay"
"A Boy Called Christmas","Gil Kenan"
"A Boy Called Christmas","Kristen Wiig , Maggie Smith , Michiel Huisman , Stephen Merchant"
"A California Christmas","Lauren Swickard , Josh Swickard , Ali Afshar , David Del Rio"
"A California Christmas","Shaun Paul Piccinino"
"A cambio de nada","Daniel Guzmán"
"A cambio de nada","Miguel Herrán , Antonio Bachiller , Antonia Guzmán , Felipe García Vélez"
"A Castle for Christmas","Brooke Shields , Cary Elwes , Suanne Braun , Lee Ross"
"A Castle for Christmas","Mary Lambert"
"A Chorus Line",
"A Christmas Prince","Rose Mc Iver , Ben Lamb , Alice Krige , Honor Kneafsey"
"A Christmas Prince","Alex Zamm"
"A Christmas Prince: The Royal Baby","John Schultz"
"A Christmas Prince: The Royal Baby","Rose Mc Iver , Ben Lamb , Alice Krige , Honor Kneafsey"
"A Christmas Prince: The Royal Wedding","Rose Mc Iver , Ben Lamb , Alice Krige , Honor Kneafsey"
"A Christmas Prince: The Royal Wedding","John Schultz"
"A Christmas Tree Miracle",J.W.Myers
"A Christmas Tree Miracle","Kevin Sizemore , Terry Kiser , Jill Whelan , Barrett Carnahan"
"A Cinderella Story","Hilary Duff , Chad Michael Murray , Jennifer Coolidge , Dan Byrd"
"A Cinderella Story","Mark Rosman"
"A Cinderella Story: Christmas Wish","Michelle Johnston"
"A Cinderella Story: Christmas Wish","Laura Marano , Gregg Sulkin , Isabella Gomez , Johannah Newmarch"
"A Classic Horror Story","Matilda Anna Ingrid Lutz , Francesco Russo , Peppino Mazzotta , Will Merrick"
"A Classic Horror Story","Roberto De Feo , Paolo Strippoli"
"A Decade of Decadence, Pt. 2: Legacy of Dreams","Drew Glick"
"A Decade of Decadence, Pt. 2: Legacy of Dreams","Gordon Auld , Howie Boulware Jr. Tod Boulware , Patrícia Faolli"
"A Dog's Life: The Oscar Lose Story","Scottdu Pont , Shirley Fox , Debbie Fritz , M.Phyllis Lose"
"A Dog's Life: The Oscar Lose Story","Rick Pamplin"
"A Fall from Grace","Tyler Perry"
"A Fall from Grace","Crystal Fox , Phylicia Rashad , Bresha Webb , Mehcad Brooks"
"A Family Reunion Christmas","Tia Mowry-Hardrict , Anthony Alabi , Talia Jackson , Isaiah Russell-Bailey"
"A Family Reunion Christmas","Robbie Countryman"
"A Faster Horse","David Gelb"
"A Faster Horse",
"A Field Full of Secrets","Colin Andrews , Francine Blake , Tim Carson , Will Carson"
"A Field Full of Secrets","Charles Maxwell"
"A Final Cut for Orson: 40 Years in the Making","Ryan Suffern"
"A Final Cut for Orson: 40 Years in the Making","Frank Marshall , Peter Bogdanovich , Filip Jan Rymsza , Ruth Hasty"
"A Futile and Stupid Gesture","Frank Gingerich , Morgan Gingerich , Annette O'Toole , Harry Groener"
"A Futile and Stupid Gesture","David Wain"
"A Garota Invisível","Mauricio Eça"
"A Garota Invisível","Guilherme Brumatti , Mharessa Fernanda , Bia Jordão , Bianca Paiva"
"A Go! Go! Cory Carson Christmas","Ella Joy Ballesteros , Maisie Benson , Smith Foreman , Kerry Gudjohnsen"
"A Go! Go! Cory Carson Christmas","Stanley Moore , Alex Woo"
"A Go! Go! Cory Carson Halloween","Stanley Moore , Alex Woo"
"A Go! Go! Cory Carson Halloween","Ella Joy Ballesteros , Maisie Benson , Smith Foreman , Kerry Gudjohnsen"
"A god in ruins",
"A Haunting at Silver Falls 2","Laura Flannery , James Cavlo , Harry Hains , Clemmie Dugdale"
"A Haunting at Silver Falls 2","Teo Konuralp"
"A Jazzman's Blues","Tyler Perry"
"A Jazzman's Blues","Ryan Eggold , Milauna Jackson , Amirah Vann , Lauren Buglioli"
"A Killer Uncaged","Tommy Le Noir"
"A Killer Uncaged",
"A Life in Men",
"A Little Help with Carol Burnett","Caleb Jeon , Emmersyn Fiorentino , Charlie Kolsby , Seane Mele"
"A Little Help with Carol Burnett",
"A Love So Beautiful",
"A Love So Beautiful","Joo-yeon So , Kim Yo-han , Hoi-Hyeon Yeo , Hye-Jo Cho"
"A Love Song for Latasha","Tybie O'Bard , Shinese Harlins , Zoe Flint , Nnenna Brown"
"A Love Song for Latasha","Sophia Nahli Allison"
"A Love to Last",
"A Love to Last","Bea Alonzo , Ian Veneracion , Iza Calzado , Julia Barretto"
"A Madea Homecoming","Tyler Perry , Gabrielle Dennis , Brendan O'Carroll , Cassi Davis"
"A Madea Homecoming","Tyler Perry"
"A Man Apart","F.Gary Gray"
"A Man Apart","Vin Diesel , Timothy Olyphant , Larenz Tate , Geno Silva"
"A Man for All Seasons","Paul Scofield , Wendy Hiller , Robert Shaw , Leo Mc Kern"
"A Man for All Seasons","Fred Zinnemann"
"A Martfüi Rém - A Sorozat",
"A Martfüi Rém - A Sorozat","Zsolt Anger , Mónika Balsai , Péter Bárnai , Károly Hajduk"
"A mil kilómetros de la Navidad","Tamar Novas , Peter Vives , Verónica Forqué Andrea Ros"
"A mil kilómetros de la Navidad","Álvaro Fernández Armero"
"A Million Colours","Peter Bishai"
"A Million Colours","Wandile Molebatsi , Jason Hartman , Masello Motana , Stelio Savante"
"A New York Christmas Wedding","Chris Noth , Nia Fairweather , Chris Trousdale , Otoja Abit"
"A New York Christmas Wedding","Otoja Abit"
"A Night for Dying Tigers","Terry Miles"
"A Night for Dying Tigers","Jennifer Beals , Gil Bellows , John Pyper-Ferguson , Leah Gibson"
"A Note of Explanation",
"A Perfect Crime","Sam Booth , Günther Classen , Willi Fundermann , Rainer Hofmeyer"
"A Perfect Crime",
"A Perfect Ending","Nicole Conn"
"A Perfect Ending","Barbara Niven , Bryan Mordechai Jackson , Jessica Clark , John Heard"
"A Perfect Fit","Nadya Arina , Refal Hady , Giorgino Abraham , Laura Theux"
"A Perfect Fit","Hadrah Daeng Ratu"
"A pesar de todo","Gabriela Tagliavini"
"A pesar de todo","Blanca Suárez , Macarena García , Amaia Salamanca , Belén Cuesta"
"A Plastic Ocean","David Attenborough , Sylvia Earle , Ben Fogle , Craig Leeson"
"A Plastic Ocean","Craig Leeson"
"A Prayer Before Dawn","Jean-Stéphane Sauvaire"
"A Prayer Before Dawn","Joe Cole , Cherry Miko , Vithaya Pansringarm , Panya Yimmumphai"
"A Primeira Tentação de Cristo","Gregório Duvivier , Fábio Porchat , Antonio Tabet , Evelyn Castro"
"A Primeira Tentação de Cristo","Rodrigo Van Der Put"
"A Scandall","Ishaan Trivedi"
"A Scandall","Johnny Baweja , Reeth Mazumder-Roberts , Manav Kaul , Puru Chibber"
"A Second Chance: Rivals!","Emily Morris , Stella Shute , Adam Tuominen , Carmel Johnson"
"A Second Chance: Rivals!","Clay Glen"
"A Secret Love","Chris Bolan"
"A Secret Love","Terry Donahue , Pat Henschel , Diana Bolan , Kim Donahue"
"A Series of Unfortunate Events","Neil Patrick Harris , Patrick Warburton , Malina Weissman , Louis Hynes"
"A Series of Unfortunate Events",
"A Shaun the Sheep Movie: Farmageddon","Will Becher , Richard Phelan"
"A Shaun the Sheep Movie: Farmageddon","Justin Fletcher , John Sparkes , Amalia Vitale , Kate Harbour"
"A StoryBots Christmas","Judy Greer , Erin Fitzgerald , Fred Tatasciore , Jeff Gill"
"A StoryBots Christmas","Jeff Gill , Evan Spiridellis"
"A Suitable Boy"," Mira Nair , Shimit Amin"
"A Suitable Boy","Bugs Bhargava Krishna Sharvari Deshpande Jeevan Singh Rawat , Aamir Bashir , Shubham Saraf Vivek Gomber Danesh Razvi , Boloram Das Geeta Agrawal Sharma , Ishaan Khattar , Gagandev Riar , Tanya Maniktala , Mahira Kakkar , Vivaan Shah , Rasika Dugal"
"A Taiwanese Tale of Two Cities","Tammy Chen , Peggy Tseng , Sheng-hao Wen , Shao-Hua Lung"
"A Taiwanese Tale of Two Cities",
"A Tale Dark & Grimm",
"A Tale Dark & Grimm","Scott Adsit , Eric Bauza , Nicole Byer , Ron Funches"
"A Tale Dark and Grimm","Missi Pyle , Tom Hollander , Nicole Byer , Ron Funches"
"A Tale Dark and Grimm","Simon Otto"
"A Tale of Two Kitchens","Trisha Ziff"
"A Tale of Two Kitchens",
"A Thousand Goodnights","Nicholas Teo , Cindy Yu-Han Lien , Ai-Ning Yao , Chung-Lin Li"
"A Thousand Goodnights",
"A Tiger in the Dark: The Decadence Saga","Drew Glick"
"A Tiger in the Dark: The Decadence Saga","Tod Boulware , Chen Drachman , Patrícia Faolli , Drew Glick"
"A Time Lost",
"A Toca","Bruno Correa , Daniel Curi , Fábiode Luca , Juliano Eopitmane"
"A Toca",
"À tombeau ouvert","Régis Blondeau"
"À tombeau ouvert","Jemima West , Simon Abkarian , Franck Gastambide , Michaël Abiteboul"
"A Trash Truck Christmas","Henry Keane , Glen Keane , Lucas Neff , Brian Baumgartner"
"A Trash Truck Christmas","Eddie Rosas"
"A Través De Mi Ventana","Marçal Forés"
"A Través De Mi Ventana","Hugo Arbues , Eric Masip , Julio Peña , Clara Galle"
"A United Kingdom","David Oyelowo , Rosamund Pike , Tom Felton , Jack Davenport"
"A United Kingdom","Amma Asante"
"A Very Murray Christmas","Sofia Coppola"
"A Very Murray Christmas","Bill Murray , Paul Shaffer , Michael Cera , George Clooney"
"A Walk to Remember","Mandy Moore , Shane West , Peter Coyote , Daryl Hannah"
"A Walk to Remember","Adam Shankman"
"A Week Away","Roman White"
"A Week Away","Kevin Quinn , Bailee Madison , Jahbril Cook , Kat Conner Sterling"
"A Week in Watts","Emada Tingirides , John Coughlin , Erik Shear , Eric Ortiz"
"A Week in Watts","Gregory Caruso"
"A Weekend with the Family","Chris Stokes"
"A Weekend with the Family","Marques Houston , Karrueche Tran , Wendy Raquel Robinson , Clifton Powell"
"A Wish For Christmas","Lacey Chabert , Paul Greene , Andrea Brooks , Colleen Wheeler"
"A Wish For Christmas","Christie Will Wolf"
"A Year in Burgundy","David Kennard"
"A Year in Burgundy","Martine Saunier"
"A Year in Space","Scott Kelly , Jeffrey Kluger , Mikhail Kornienko , Amiko Kauderer"
"A Year in Space",
"A Yellow Bird",KRajagopal
"A Yellow Bird","Sivakumar Palakrishnan , Lu Huang , Seema Biswas , Udaya Soundari"
A-reu-gon,"Ju-hyuk Kim , Woo-hee Chun , Il-Joo Ji , Yoon-ho Ji"
A-reu-gon,
"A.I.C.O. Incarnation",
"A.I.C.O. Incarnation","Xanthe Huynh , Billy Kametz , Erica Mendez , Allegra Clark"
"A.N.T. Farm","China Anne Mc Clain , Sierra Mc Cormick , Jake Short , Stefanie Scott"
"A.N.T. Farm",
"Aakash Gupta Special",
"Aakash Gupta Special","Aakash Gupta"
"Aala Kaf Ifrit","Mariam Al Ferjani , Ghanem Zrelli , Noomen Hamda , Mohamed Akkari"
"Aala Kaf Ifrit","Kaouther Ben Hania"
"Abby Hatcher",
"Abby Hatcher","Macy Drouin , Wyatt White , Laaibah Alvi , Leo Orgil"
"Abducted in Plain Sight","Jan Broberg , Bob Broberg , Mary Ann Broberg , Susan Broberg"
"Abducted in Plain Sight","Skye Borgman"
"Abeojiga Isanghae",
"Abeojiga Isanghae","Yeong-cheol Kim , Kim Hae-sook , Yu-ri Lee , Soo-young Ryu"
"Abla Fahita: Drama Queen","Caro , Abla Fahita , Mena Adel , Nadia Hamzeh"
"Abla Fahita: Drama Queen",
"Abstract: The Art of Design",
"Abstract: The Art of Design","Platon , Cas Holman , Ian Spalter , Elisabeth Biondi"
"Absurd Planet","Afi Ekulona , Steven Marmalstein , Thomas Mitchell , Elliot Schiff"
"Absurd Planet",
Abzurdah,"Daniela Goggi"
Abzurdah,"Eugenia Suárez , Esteban Lamothe , Gloria Carrá Rafael Spregelburd"
"Accidentally in Love","Junchen Guo , Yi Ning Sun , Yiqin Zhao"
"Accidentally in Love",
Accomplice,"Jeremy Grant"
Accomplice,"Graham Agassiz , Paul Basagoitia , Garett Buehler , Paul Genovese"
"Aci Kiraz","Erdal Besikçioglu , Ertan Saban , Belçim Bilgin , Bülent Sakrak"
"Aci Kiraz","Serdar Akar"
Acrimony,"Tyler Perry"
Acrimony,"Taraji P.Henson , Lyriq Bent , Crystle Stewart , Jazmyn Simon"
"Acts of Violence","Bruce Willis , Cole Hauser , Shawn Ashmore , Ashton Holmes"
"Acts of Violence","Brett Donowho"
"Ad Vitam",
"Ad Vitam","Yvan Attal , Garance Marillier , Niels Schneider , Victor Assié"
"Ada Twist, Scientist",
"Adam Devine: Best Time of Our Lives","Adam Devine"
"Adam Devine: Best Time of Our Lives","Jay Karas"
"Adam Sandler: 100% Fresh","Steven Brill , Nicholaus Goossen"
"Adam Sandler: 100% Fresh","Adam Sandler , Rob Schneider , Dan Bulla"
"Adel Karam: Live from Beirut","Adel Karam"
"Adel Karam: Live from Beirut","Mohamed Khalifa"
"Adios Amigos","Albert Janvan Rees"
"Adios Amigos","Lieke-Rosa Altink , Erika Cederqvist , Christelde Laat , Dominik Gadze"
"Aditi Mittal: Things They Wouldn't Let Me Say","Aditi Mittal"
"Aditi Mittal: Things They Wouldn't Let Me Say","Fazila Allana"
ADN,Maïwenn
ADN,"Fanny Ardant , Louis Garrel , Dylan Robert , Marine Vacth"
Adú,"Luis Tosar Álvaro Cervantes , Anna Castillo , Moustapha Oumarou"
Adú,"Salvador Calvo"
"Adult Beginners","Ross Katz"
"Adult Beginners","Nick Kroll , Rose Byrne , Bobby Cannavale , Joel Mc Hale"
Advantageous,"Jacqueline Kim , James Urbaniak , Freya Adams , Ken Jeong"
Advantageous,"Jennifer Phang"
"Adventure Time",
"Adventure Time","John Di Maggio , Jeremy Shada , Tom Kenny , Hynden Walch"
Advokaten,"Alexander Karim , Malin Buska , Thomas Bo Larsen , Nicolaj Kopernikus"
Advokaten,
Aelay,"Halitha Shameem"
Aelay,"Madhumathi , Manikandan , Samuthirakani"
Aelliseu,"Kim Hee-seon , Joo Won , Da-In Lee , Choi Wonyoung"
Aelliseu,
Aenggeurimam,
Aenggeurimam,"Kim Hee-seon , Kim Yoo-jeong , Hyun-Woo Ji , Ji Soo"
"Aetaneun Romaenseu","Ji-eun Song , Sung Hoon , Jae-young Kim , Da-Sol Jeong"
"Aetaneun Romaenseu",
Afblijven,"Maria Peters , Arne Toonen"
Afblijven,"Sem Veeger , Matthijsvande Sande Bakhuyzen , Tommie Christiaan , Tessa Schram"
Afflicted,"Bekah , Jake , Pilar , Star"
Afflicted,
Affliction,"Teddy Soeriaatmadja"
Affliction,"Raihaanun Soeriaatmadja , Tutie Kirana , Ibnu Jamil , Abiyyu Barakbah"
"Afonso Padilha: Alma de Pobre","Afonso Padilha"
"Afonso Padilha: Alma de Pobre","Rudge Campos , Junior Carelli"
"Afro Samurai",
"Afro Samurai","Samuel L.Jackson , Phil La Marr , Yuri Lowenthal , Greg Eagles"
"After Life","Ricky Gervais , Tom Basden , Tony Way , Diane Morgan"
"After Life"," Ricky Gervais"
"After Maria","Nadia Hallgren"
"After Maria","Glenda Martes"
"After Porn Ends","Amber Lynn , Asia Carrera , Bobby Slayton , Crissy Moran"
"After Porn Ends","Bryce Wagoner"
"After Porn Ends 2","Bryce Wagoner"
"After Porn Ends 2","Lisa Ann , Georgina Spelvin , Darren James , Ginger Lynn"
"After Porn Ends 3","Christy Canyon , Jenteal , Tera Patrick , Priya Rai"
"After Porn Ends 3","Brittany Andrews"
"After the Raid","Rodrigo Reyes"
"After the Raid",
"After Tiller","George Tiller , Warren Hern , Leroy Carhart , Susan Robinson"
"After Tiller","Martha Shane , Lana Wilson"
"After Trek",
"After Trek","Matt Mira , Sonequa Martin-Green , Aaron Harberts , Doug Jones"
"Afterlife of the Party","Victoria Justice , Adam Garcia , Midori Francis , Spencer Sutherland"
"Afterlife of the Party","Stephen Herek"
Aftermath,"Peter Winther"
Aftermath,"Ashley Greene , Shawn Ashmore , Sharif Atkins , Britt Baron"
Again,
"Against the Ice","Nikolaj Coster-Waldau , Joe Cole , Charles Dance , Ed Speleers"
"Against the Ice","Peter Flinth"
"Against the Sun","Brian Peter Falk"
"Against the Sun","Garret Dillahunt , Tom Felton , Jake Abel , Nadia Parra"
"Age of Samurai: Battle for Japan","Darren Ashmore , Michael Auslin Yohei Matsukado Hideaki Itô Hiro Kanagawa , Masayoshi Haneda , Masami Kosaka , Hayate Masao"
"Age of Samurai: Battle for Japan"," Stephen Scott"
Agent,
Agent,"Kay Sibiya , Sisanda Henna , Tarryn Wyngaard , Anthony Oseyemi"
"Agent King",
"Agents of S.H.I.E.L.D.","Clark Gregg , Ming-Na Wen , Brett Dalton , Iain De Caestecker"
"Agents of S.H.I.E.L.D.",
"Aggressive Retsuko",
"Aggressive Retsuko",Kaolip
Aggretsuko,"Ben Diskin , Erica Mendez , G.K.Bowes , Katelyn Gault"
Aggretsuko,
"Aguacate El Fruto Del Cielo","Victor Solorio"
"Aguacate El Fruto Del Cielo","Damián Alcázar , Lorenadela Torre , Alex Pimienta"
"Agustín Aristarán: Soy Rada","Mago Radagast"
"Agustín Aristarán: Soy Rada","Mariano Baez"
"Ahí te Encargo","Salvador Espinosa"
"Ahí te Encargo","Tato Alexander , Moisés Arizmendi , Krizia Bajos , Fernando Becerril"
"Ahiru no Sora","Cameron Bautsch , Greg Cote , Joe Daniels , Ned Gayle"
"Ahiru no Sora",
"Ai hui lai",
"Ai hui lai","June Tsai , Ray Chang , Ya-Jo Wu , Shao-Hua Lung"
"Ai-naki mori de sakebe","Kippei Shîna , Shinnosuke Mitsushima , Kyoko Hinami , Eri Kamataki"
"Ai-naki mori de sakebe","Sion Sono"
Ailiseu,
Ailiseu,"Yeong-cheol Kim , Yun Ju-sang , Seung-woo Kim , Lee Jeong-kil"
"Ainori Love Wagon: African Journey","Becky , RyôKatô Karina Maruyama"
"Ainori Love Wagon: African Journey",
"Ainori Reboot",
"Ainori: Asian Journey","Becky , Toshiaki Kasuga , Mayuko Kawakita , Shimon Ohkura"
"Ainori: Asian Journey",
"AJ and the Queen",
"AJ and the Queen","Ru Paul , Izzy G. Michael-Leon Wooley , Josh Segarra"
"Ajeeb Daastaans","Fatima Sana Shaikh , Jaideep Ahlawat , Nushrat Bharucha , Abhishek Banerjee"
"Ajeeb Daastaans","Neeraj Ghaywan , Kayoze Irani , Shashank Khaitan , Raj Mehta"
Ajin,
Ajin,"Mamoru Miyano , Martin Billany , Johnny Yong Bosch , Lucien Dodge"
Ajji,"Sushama Deshpande , Smita Tambe , Sharvani Suryavanshi , Abhishek Banerjee"
Ajji,"Devashish Makhija"
"AK vs AK","Vikramaditya Motwane"
"AK vs AK","Anil Kapoor , Anurag Kashyap , Sonam Kapoor , Harshvardhan Kapoor"
"Akame ga Kill!","Sôma Saitô Corey Hartzog , Sora Amamiya , Molly Searcy"
"Akame ga Kill!",
"Akbar Birbal",
"Akbar Birbal","Kiku Sharda , Vishal Kotian , Delnaaz Irani , Sunil Chauhan"
Akelarre,"Amaia Aberasturi , Alex Brendemühl , Daniel Fanego , Garazi Urkola"
Akelarre,"Pablo Agüero"
"Akhir Kisah Cinta Si Doel","Rano Karno"
"Akhir Kisah Cinta Si Doel","Rano Karno , Maudy Koesnaedi , Cornelia Agatha , Mandra"
Akjilkyungchal,"Song Boo-gun , Park Hae-joon , Philip Hersh , So-nee Jeon"
Akjilkyungchal,"Jeong-beom Lee"
"Al Hayba",
"Al Hayba","Taim Hasan , Nadine Nassib Njeim , Mona Wassef , Oweiss Mkhallalati"
"Al midan","Ahmed Hassan , Khalid Abdalla , Magdy Ashour , Ramy Essam"
"Al midan","Jehane Noujaim"
"Al posto suo","Riccardo Donna"
"Al posto suo","Alessandro Tiberi , Aurora Ruffino , Andrea Bosca , Liz Solari"
"Ala Vaikunthapurramuloo","Allu Arjun , Pooja Hegde , Tabu , Jayaram"
"Ala Vaikunthapurramuloo","Trivikram Srinivas"
"Alan Saldaña: Locked Up","Alex Díaz"
"Alan Saldaña: Locked Up","Alan Saldaña"
"Alan Saldaña: Mi vida de pobre","Alan Saldaña"
"Alan Saldaña: Mi vida de pobre","Raúl Campos , Jan Suter"
"Alejandra Azcárate",
"Alejandra Azcárate","Daniel Toro , Alejandra Azcárate"
"Alejandro Riaño: Especial de stand-up","Alejandro Riaño"
"Alejandro Riaño: Especial de stand-up","Raúl Campos , Jan Suter"
"Aleksandr's Price","Pau Masó David Damen"
"Aleksandr's Price","Pau Masó Anatoli Grigoriadou , Josh Berresford , Samantha Glovin"
Alex,"Dragomir Mrsic , Rakel Wärmländer , Maximilian Alonso Mrsic , Stefan Gödicke , Helena Af Sandeberg , Zahraa Aldoujaili , Abdirizak Farah Ali , Robert Andersson"
Alex,"Alain Darborg"
"Alex Fernández: El mejor comediante del mundo","Alex Díaz"
"Alex Fernández: El mejor comediante del mundo","Alex Fernández"
"Alex Strangelove","Michael Abela , Brendan Archer , Joshua Barragan , Kai Wes"
"Alex Strangelove","Craig Johnson"
"Alexa & Katie",
"Alexa & Katie","Paris Berelc , Isabel May , Jolie Jenkins , Emery Kelly"
"Alexis Viera, una historia de superación",
"Alexis Viera, una historia de superación","Luis Ara"
Algoissjiman,
Algoissjiman,"So-hee Han , Song Kang , Han Eu-Ddeum , Lee Ho-jung"
"Alguien tiene que morir","Cecilia Suárez , Ernesto Alterio , Alejandro Speitzer , Isaac Hernández"
"Alguien tiene que morir"," Manolo Caro"
"Alhambeura Goongjeonui Chooeok",
"Alhambeura Goongjeonui Chooeok","Park Shin-Hye , Hyun Bin , Jin-Woong Min , Park Hoon"
"Ali & the Queens","Iqbaal Dhiafakhri Ramadhan , Aurora Ribero , Nirina Zubir , Tika Panggabean"
"Ali & the Queens","Lucky Kuswandi"
"Ali Wong: Baby Cobra","Jay Karas"
"Ali Wong: Baby Cobra","Ali Wong"
"Ali Wong: Hard Knock Wife","Ali Wong"
"Ali Wong: Hard Knock Wife","Jay Karas"
"Ali's Wedding","Jeffrey Walker"
"Ali's Wedding","Osamah Sami , Don Hany , Helana Sawires , Robert Rabiah"
"Alias Grace","Sarah Gadon , Edward Holcroft , Rebecca Liddiard , Zachary Levi"
"Alias Grace",
"Alice in Borderland"," Shinsuke Sato"
"Alice in Borderland","NijirôMurakami Kento Yamazaki , Tao Tsuchiya , Keita Machida , Yûki Morinaga , Shôhei Abe Tsuyoshi Abe , ShôAoyagi , Aya Asahina , Nobuaki Kaneko"
"Alice in Wonderland","Sabrina Carpenter"
"Alice in Wonderland",
"Alice Júnior","Gil Baroni"
"Alice Júnior","Anna Celestino Mota , Emmanuel Rosset , Thaís Schier , Surya Amitrano"
"Alice Through the Looking Glass","Mia Wasikowska , Johnny Depp , Helena Bonham Carter , Anne Hathaway"
"Alice Through the Looking Glass","James Bobin"
"Alien Contact: Outer Space","J.Michael Long"
"Alien Contact: Outer Space","J.Michael Long , Bill Mecca , Philip Gardiner , O.H.Krill"
"Alien Secrets","Brandon Scott , Spike Steingasser , Tracy Erickson , Hallie Bird"
"Alien Secrets","Joseph John Barmettler"
"Alien TV",
"Alien TV","John Cleland , Rupert Degas , Kyle Dooley , Julie Lemieux"
"Alien Warfare","Clayton Snyder , David B.Meadows , Daniel Washington , Scott C.Roe"
"Alien Warfare","Jeremiah Jones"
"Alien Worlds",
"Alien Worlds","Sophie Okonedo , Leigh Joel Scott , Vahe Alaverdian , Stuart Armstrong"
"Alien Xmas","Keythe Farley , Dee Bradley Baker , Kaliayh Rhambo , Michelle Deco"
"Alien Xmas","Stephen Chiodo"
"Aliens on the Moon: The Truth Exposed","Robert Kiviat"
"Aliens on the Moon: The Truth Exposed","Roger Leopardi , Amy Shira Teitel , Joshua P.Warren , Lee Speigel"
"Aliens: Zone of Silence","Sarah Hester , Peter Gesswein , Jed Maheu , Vince Tula"
"Aliens: Zone of Silence","Andy Fowler"
"Alive Inside","Michael Rossato-Bennett"
"Alive Inside","Dan Cohen , Louise Dueno , Nell Hardie , Norman Hardie"
"All About The Washingtons","Joseph Simmons , Justine Simmons , Kiana Ledé Nathan Anderson"
"All About The Washingtons",
"All Because of You","Adrian Teh"
"All Because of You","Hairul Azreen , Janna Nick , Amerul Affendi , Henley Hii"
"All Day and a Night","Ashton Sanders , Jeffrey Wright , Isaiah John , Kelly Jenrette"
"All Day and a Night","Joe Robert Cole"
"All Hail King Julien",
"All Hail King Julien","Danny Jacobs , Andy Richter , Kevin Michael Richardson , Indiade Beaufort"
"All Hail King Julien: Exiled","Danny Jacobs , Andy Richter , Kevin Michael Richardson , Jeff Bennett"
"All Hail King Julien: Exiled",
"All Hail King Julien: Happy Birthday to You!",
"All in My Family",
"All in My Family","Hao Wu"
"All on the Line",
"All on the Line","Joe Zee , Jeanette Arrowood , Jane Hruska , Michel Ann Lienhard-O'Malley"
"All Quiet on the Western Front","Daniel Brühl , Albrecht Schuch , Sebastian Hülk , Devid Striesow"
"All Quiet on the Western Front","Edward Berger"
"All the Bright Places","Brett Haley"
"All the Bright Places","Elle Fanning , Justice Smith , Alexandra Shipp , Kelli O'Hara"
"All the Queen's Men","Eddie Izzard , Matt Le Blanc , Udo Kier , James Cosmo"
"All the Queen's Men","Stefan Ruzowitzky"
"All the Right Moves",
"All Together Now","Auli'i Cravalho , Rhenzy Feliz , Justina Machado , Judy Reyes"
"All Together Now","Brett Haley"
"Alles is zoals het zou moeten zijn","Ruud Schuurman"
"Alles is zoals het zou moeten zijn","Barbara Sloesen , Jan Kooijman , Jellede Jong , Sanne Langelaar"
"Alles ist gut","Aenne Schwarz , Andreas Döhler , Hans Löw , Tilo Nest"
"Alles ist gut","Eva Trobisch"
"Alles voor elkaar","Danny Stolker"
"Alles voor elkaar","Maryam Hassouni , Esméevan Kampen , Yootha Wong-Loi-Sing , Sarah Chronis"
Alma,"Mireia Oriol Álex Villazán , Pol Monen , Claudia Roset"
Alma,
"Alma Matters - Inside the IIT Dream",
"Alma Matters - Inside the IIT Dream","Shubham Agarwal , Kevin Banker , Lokesh Deshmukh , Mukul Sankule"
"Along Came Jones","Gary Cooper , Loretta Young , William Demarest , Dan Duryea"
"Along Came Jones","Stuart Heisler"
"Along for the Ride","Sofia Alvarez"
"Along for the Ride","Dermot Mulroney , Kate Bosworth , Andie Mac Dowell , Genevieve Hannelius"
"Alors, heureux?","Muriel Baccigalupo , Pierre Desvaux , Georges Marbeck , Sylvain Mimoun"
"Alors, heureux?","Yvonne Debeaumarché"
Alphablocks,
Alphablocks,"Teresa Gallagher , David Holt"
"AlRawabi School for Girls","..Abood Abu Jaafar.Faris Al Bahri.Sameera Asir Salsabiela A. Joanna Arida , Yara Mustafa , Rakeen Saad"
"AlRawabi School for Girls"," Tima Shomali"
"Als de dijken breken",
"Als de dijken breken","Gijs Scholtenvan Aschat , Janni Goslinga , Simone Milsdochter , Serin Utlu"
"Alt Love Building","Dorian Boguta , Dragos Bucur , Elisa Calin , Emil Ciuchi"
"Alt Love Building","Iulia Rugina"
"Alta mar"," Federico Untermann , Lino Escalera , Manuel Gómez Pereira"
"Alta mar","Ivana Baquero , Jon Kortajarena , Alejandra Onieva , Eloy Azorín"
"Alter Me","Enchong Dee , Jasmine Curtis-Smith , JCSantos , Via Antonio"
"Alter Me","RCDelos Reyes"
"Altered Carbon",
"Altered Carbon","Chris Conner , Renée Elise Goldsberry , Dichen Lachman , Will Yun Lee"
"Altered Carbon: Resleeved","Ray Chase , Doug Stone , Kaiji Tang , Chris Conner"
"Altered Carbon: Resleeved","Takeru Nakajima , Yoshiyuki Okada , Shouta Kitamoto"
Aluna,"Alan Ereira"
Aluna,"Mama Manuel Coronado , Alan Ereira , Francisca Zarabata , Mama Shibulata Zarabata"
"Alvin and the Chipmunks: The Squeakquel","Jason Lee , Zachary Levi , David Cross , Justin Long"
"Alvin and the Chipmunks: The Squeakquel","Betty Thomas"
"Alvinnn!!! And the Chipmunks",
"Alvinnn!!! And the Chipmunks","Ross Bagdasarian Jr. Janice Karman , Vanessa Bagdasarian , Bettina Kenney"
"Always Be My Maybe","Ali Wong , Randall Park , James Saito , Michelle Buteau"
"Always Be My Maybe","Nahnatchka Khan"
"Aman Ya Sahbi","Hani Hamdi"
"Aman Ya Sahbi","Saad El Soghayar , Mahmood El-Laithi , Nermin Maher , Sofinar"
"Amanda Knox","Amanda Knox , Meredith Kercher , Raffaele Sollecito , Giuliano Mignini"
"Amanda Knox","Rod Blackhurst , Brian Mc Ginn"
Amar,"Esteban Crespo"
Amar,"María Pedraza , Pol Monen , Natalia Tena , Greta Fernández"
"Amar y Vivir","Ana María Estupiñán , Carlos Torres , Yuri Vargas , Jim Muñoz"
"Amar y Vivir",
Amateur,"Ryan Koo"
Amateur,"Michael Rainey Jr. Tekola Cornetet , Hanna Longo , Walter Anaruk"
"Amazing Hotels: Life Beyond the Lobby","Giles Coren , Monica Galetti"
"Amazing Hotels: Life Beyond the Lobby",
"Amazing Interiors",
"Amazing Interiors","Wesley Cannon , Nicholas Laschkewitsch , Will Pemble , John Teall"
"Amazing On The Inside",
"Amend: The Fight for America","Will Smith , Bryan Stevenson , Larry Wilmore , Samira Wiley"
"Amend: The Fight for America","Will Smith"
"Amend: The Fight for America",
"America: The Motion Picture","Matt Thompson"
"America: The Motion Picture","Channing Tatum , Jason Mantzoukas , Olivia Munn , Bobby Moynihan"
"American Crime Story","Sarah Paulson , Annaleigh Ashford , Sterling K.Brown , Kenneth Choi"
"American Crime Story",
"American Experience","David Sutherland , Mark Zwonitzer , Michael Chin"
"American Experience","David Mc Cullough , Robert Dawidoff , Thad Tate , Paul Longmore , Thalia Massie , Thomas Massie , Grace Hubbard Fortescue , Kanalu Young"
"American Factory","Junming'Jimmy'Wang , Robert Allen , Sherrod Brown , Dave Burrows"
"American Factory","Steven Bognar , Julia Reichert"
"American Factory: A Conversation with the Obamas",
"American Factory: A Conversation with the Obamas","Steven Bognar , Barack Obama , Michelle Obama , Julia Reichert"
"American Horror Story","Lady Gaga , Kathy Bates , Angela Bassett , Sarah Paulson"
"American Horror Story",
"American Jesus",
"American Masters","Tony Bennett , Anthony Hopkins , Christina Aguilera , Alec Baldwin"
"American Masters","Bruce Ricker"
"American Murder: The Family Next Door","Jenny Popplewell"
"American Murder: The Family Next Door","Nickole Atkinson , Jim Benemann , Luke Epple , Mark Jamieson"
"American Psycho","Christian Bale , Justin Theroux , Josh Lucas , Bill Sage"
"American Psycho","Mary Harron"
"American Son","Kenny Leon"
"American Son","Kerry Washington , Steven Pasquale , Jeremy Jordan , Eugene Lee"
"American Vandal","Tyler Alvarez , Griffin Gluck , Jimmy Tatro , Travis Tope"
"American Vandal",
"American Violence","Timothy Woodward Jr."
"American Violence","Kaiwi Lyman , Bruce Dern , Denise Richards , Columbus Short"
"Amit Tandon: Family Tandoncies","Amit Tandon"
"Amit Tandon: Family Tandoncies",
Amnesty,"Ramin Bahrani"
Amnesty,
Amo,"Rhea Jai Fernandez , Vince Rillon , Felix Roco , Allen Dizon"
Amo,
Amok,"Zoltan Paul"
Amok,"Tilo Nest , Charly Hübner , Heike Hanold-Lynch , Andreas Lechner"
"Amor con fianza","Mónica Naranjo"
"Amor con fianza",
"Amor de madre","Paco Caballero"
"Amor de madre","Quim Gutiérrez , Andrés Velencoso , Carmen Machi , Jorge Suquet"
"Amy Schumer: Growing","Amy Schumer"
"Amy Schumer: The Leather Special","Amy Schumer , Kim Caramele"
"Amy Schumer: The Leather Special","Amy Schumer"
"An Act of War","Ryan M.Kennedy"
"An Act of War","Russ Russo , Natasha Alam , Doug E.Doug , Joseph R.Gannascoli"
"An Affair to Die For","Claire Forlani , Amy Dincuff , Nathan Cooper , Titus Welliver"
"An Affair to Die For","Víctor García"
"An Afternoon with SCTV","Martin Scorsese"
"An Afternoon with SCTV","Catherine O'Hara , Rick Moranis , Eugene Levy , Martin Short"
"An Astrological Guide for Broken Hearts","Lorenzo Adorni , Claudia Gusmano , Alica Massi , Michele Rosiello"
"An Astrological Guide for Broken Hearts",
"An Interview with God","Perry Lang"
"An Interview with God","David Strathairn , Brenton Thwaites , Yael Grobglas , Charlbi Dean"
"An lian: Ju sheng huai nan","Yanmanzi Zhu , Shunran Zhao , Yu Shen , Yichi Zhang"
"An lian: Ju sheng huai nan",
"Anatomy of a Love Seen","Marina Rice Bader"
"Anatomy of a Love Seen","Sharon Hinnendael , Jill Evyn , Constance Brenneman , Marina Rice Bader"
"Anatomy of a Scandal","Ian Harrod Violet Verigo , Ray Burnet , Jonathan Coy , Riyonn Farsad , Josette Simon , Ralph Davis , Michelle Dockery , Rupert Fawcett , Rupert Friend"
"Anatomy of a Scandal",
Anazâ,
Anazâ,"Atsushi Abe , Natsumi Takamori , Tomoaki Maeno , Greg Ayres"
"Ancient Extraterrestrials: Aliens and UFOs Before the Dawn of Time","Pat Marcattilio , Zecharia Sitchin"
"Ancient Extraterrestrials: Aliens and UFOs Before the Dawn of Time",
"And the Oscar Goes To...","Rob Epstein , Jeffrey Friedman"
"And the Oscar Goes To...","Anjelica Huston , Billy Crystal , Tom Hanks , Cher"
"Andes Mágicos",
"Andið eðlilega","KristínÞóra Haraldsdóttir , Babetida Sadjo , Patrik Nökkvi Pétursson Þorsteinn Bachmann"
"Andið eðlilega","Isold Uggadottir"
"André & His Olive Tree","Josiah Ng"
"André & His Olive Tree","Andre Chiang"
Andropoz,"Yuliia Sobol , Gülçin Santircioglu , Engin Günaydin , Tamer Karadagli"
Andropoz,
"Anelka: Misunderstood","Franck Nataf"
"Anelka: Misunderstood","Roman Abramovich , Fabrice Abriel , Samir Amireche , Barbara Anelka"
"Aneun Waipeu","Seong Ji , Han Ji-min , Seung-jo Jang , Kang Han-na"
"Aneun Waipeu",
"Ang probinsyano",
"Ang probinsyano","Coco Martin , Jaime Fabregas , Susan Roces , Malou Crisologo"
"Angel 'n' Devil","Lucia Chen , Teddy Chen , Cosmos Lin , Yu-Fei Wen"
"Angel 'n' Devil",
"Angela's Christmas","Damien O'Connor"
"Angela's Christmas","Malachy Mc Court , Ruth Negga , Vivian Drew , Anya O'Connor"
"Angela's Christmas Wish","Anya O'Connor , Ruth Negga , Moe Dunford , Lucy O'Connell"
"Angela's Christmas Wish","Damien O'Connor"
"Angkeumhan Dolshingnyeo",
"Angkeumhan Dolshingnyeo","Lee Min-Jung , Sang-uk Joo , Gyu-ri Kim , Seo Kang-Joon"
"Angry Birds Blues",
"Angry Birds Stella","HeljäHeikkinen , Saara Lehtonen , Rinna Paatso , Annituuli Kasurinen"
"Angry Birds Stella",
"Angry Birds Toons",
"Angry Birds Toons"," Antti Pääkkönen , HeljäHeikkinen , Lynne Guaglione"
"Angry Birds: Summer Madness",
"Angry Indian Goddesses","Sarah Jane Dias , Rajshri Deshpande , Sandhya Mridul , Amy Maghera"
"Angry Indian Goddesses","Pan Nalin"
Anima,"Paul Thomas Anderson"
Anima,"Thom Yorke , Dajana Roncione , Frida Dam Seidel , Joseba Yerro Izaguirre"
"Animal Crackers","Emily Blunt , Danny De Vito , John Krasinski , Ian Mc Kellen"
"Animal Crackers","Tony Bancroft , Scott Christian Sava , Jaime Maestro"
"Animal Farm","Andy Serkis"
"Animal Farm",
"Animal Kingdom","Shawn Hatosy , Ben Robson , Jake Weary , Finn Cole"
"Animal Kingdom",
"Animales sin collar","Jota Linares"
"Animales sin collar","Nataliade Molina , Daniel Grao , Natalia Mateo , Ignacio Mateos"
"Animals on the Loose: A You vs. Wild Movie","Bear Grylls"
"Animals on the Loose: A You vs. Wild Movie","Ben Simms"
Ánimas,"Laura Alvea , JoséOrtuño"
Ánimas,"Ángela Molina , Chacha Huang , Luis Bermejo , Liz Lobato"
"Anitta: Made in Honório","Anitta , Arielle Macedo , David Brazil , Felipe Britto"
"Anitta: Made in Honório",
"Anjaan: Special Crimes Unit",
"Anjaan: Special Crimes Unit","Shahab Khan , Abhijit Sinha , Gashmeer Mahajani , Heena Parmar"
"Anjelah Johnson: Not Fancy","Anjelah Johnson-Reyes"
"Anjelah Johnson: Not Fancy","Jay Karas"
"Anna Karenina",
"Anna Karenina","Yuliya Aleksandrova , Fedor Bondarchuk , Yuriy Borisov , Tatyana Dogileva"
Annarasumanara,"Ji Chang-Wook , Nam Da-reum , Hwang In-Yeop , Sung-eun Choi"
Annarasumanara,
Anne," Amanda Tapping , Anne Wheeler , Kim Nguyen , Norma Bailey , Paul Fox"
Anne,".... Cara Ricketts .. Dalila Bela .. Dalmar Abuzeid , Amybeth Mc Nulty , Geraldine James , R.H.Thomson , Lucas Jade Zumann"
Annihilation,"Natalie Portman , Jennifer Jason Leigh , Tessa Thompson , Benedict Wong"
Annihilation,"Alex Garland"
"Annyeong? Naya!",
"Annyeong? Naya!","Kang-hee Choi , Kim Young-kwang , Re Lee , Eum Moon Suk"
Anon,"Clive Owen , Afiya Bennett , Morgan Allen , Jeffrey Men"
Anon,"Andrew Niccol"
"Another Life",
"Another Life","Katee Sackhoff , Jay RTinaco , Elizabeth Faith Ludlow , Blu Hunt"
"Another Self","Serkan Altunorak , Seda Bakan , Murat Boz , Tuba Büyüküstün"
"Another Self",
"Answer for Heaven",
"Anthony Jeselnik: Fire in the Maternity Ward","Anthony Jeselnik"
"Anthony Jeselnik: Fire in the Maternity Ward","Marcus Raboy"
"Anthony Jeselnik: Thoughts and Prayers","Adam Dubin"
"Anthony Jeselnik: Thoughts and Prayers","Anthony Jeselnik , Peggy"
"Anthony Joshua: The Road to Klitschko","Noel Clarke , Anthony Joshua"
"Anthony Joshua: The Road to Klitschko","Tim Mac Kenzie-Smith"
"Antiracist Baby",
"Antoine Griezmann: The Making of a Legend",
"Antologi Rasa","Herjunot Ali , Carissa Perusset , Refal Hady , Atikah Suhaime"
"Antologi Rasa","Rizal Mantovani"
"Anxious People",
"Anxious People","Dan Ekborg , Carla Sehn , Petrina Solange , Alfred Svensson"
"Any Day Now","Alan Cumming , Garret Dillahunt , Isaac Leyva , Frances Fisher"
"Any Day Now","Travis Fine"
Anytown,"David Rodriguez"
Anytown,"Matt O'Leary , Marshall Allman , Jonathan Halyalkar , Sam Murphy"
"Ao no ekusoshisuto: Kuro no iede","Nobuhiko Okamoto , Jun Fukuyama , Keiji Fujiwara , Kana Hanazawa"
"Ao no ekusoshisuto: Kuro no iede",
"Apache: La vida de Carlos Tevez",
"Apache: La vida de Carlos Tevez","Balthazar Murillo , Vanesa González , Alberto Ajaka , Sofía Gala Castiglione"
Apan,"Olle Sarri , Eva Rexed , Françoise Joyce , Sean Pietrulewicz"
Apan,"Jesper Ganslandt"
"Apenas o Fim","Matheus Souza"
"Apenas o Fim","Gregório Duvivier Érika Mader , Marcelo Adnet , Nathalia Dill"
Apenstreken,"Tygo Bussemakers , Lars Henckens , Loek Peters , Mees Smits"
Apenstreken,"Johan Nijenhuis"
"Apollo 10 1/2: A Space Age Adventure","Richard Linklater"
"Apollo 10 1/2: A Space Age Adventure","Zachary Levi , Jack Black , Glen Powell , Josh Wiggins"
Apostle,"Dan Stevens , Richard Elfyn , Paul Higgins , Bill Milner"
Apostle,"Gareth Evans"
"Aram, Aram","Christopher Chambers"
"Aram, Aram","John Roohinian , Levon Sharafyan , Sevak Hakoyan , David Villada"
"Arango y Sanint: Ríase el show","Julián Arango , Antonio Sanint"
"Arango y Sanint: Ríase el show","Raúl Campos , Jan Suter"
Arangsaddojeon,
Arangsaddojeon,"Shin Min-a , Lee Joon-Gi , Woo-jin Yeon , Jeong-su Han"
Aranyak,"Saurav Khurana , Parambrata Chattopadhyay , Zakir Hussain , Ashutosh Rana"
Aranyak,
"Arashi's Diary: Voyage",
"Arashi's Diary: Voyage",Arashi
Arbitrage,"Richard Gere , Susan Sarandon , Brit Marling , Tim Roth"
Arbitrage,"Nicholas Jarecki"
Arcane,
Archer,"H.Jon Benjamin , Judy Greer , Amber Nash , Chris Parnell"
Archer,
"Archibald's Next Big Thing",
"Archibald's Next Big Thing","Tony Hale , Rosamund Pike , Kari Wahlgren , Chelsea Kane"
"Archive 81","Ariana Neal , Mamoudou Athie , Julia Chan Evan Jonigkeit , Dina Shihabi , Matt Mc Gorry , Martin Donovan"
"Archive 81"," Rebecca Thomas , James Wan"
"Are You the One?",
"Are You the One?","Ryan Devlin , Terrence Jenkins , Lewis Belt , Tomas Buenos"
Ares,"Jade Olieberg , Tobias Kersloot , Lisa Smit , Frieda Barnhard"
Ares,
"Året der gik",
"Året der gik","Stéphanie Surrugue , Kåre Hjøllund Quist , Søren Brostrøm , Mette Frederiksen"
"Areumdaun Sesang","Hee-soon Park , Ja-Hyeon Chu , Oh Man-seok , Yeo-jeong Cho"
"Areumdaun Sesang",
"Ari Shaffir: Double Negative","Eric Abrams"
"Ari Shaffir: Double Negative","Ari Shaffir"
"Ariana Grande: Excuse Me, I Love You","Ariana Grande , Rim Taya Shawki"
"Ariana Grande: Excuse Me, I Love You","Story Syndicate , Paul Dugdale"
"Arifureta Shokugyou de Sekai Saikyou",
"Arifureta Shokugyou de Sekai Saikyou","Tia Lynn Ballard , Matt Shipman , Ama Lee , Patrick Seitz"
"Arlo the Alligator Boy","Michael J.Woodard , Ryan Crego , Dee Bradley Baker , Annie Potts"
"Arlo the Alligator Boy","Ryan Crego"
"Armed Girl's Machiavellism",
"Armed Girl's Machiavellism","Maggie Flecknoe , Scott Gibbs , Andrew Love , Shanae'a Moore"
"Army of the Dead","Dave Bautista , Ella Purnell , Anadela Reguera , Omari Hardwick"
"Army of the Dead","Zack Snyder"
"Army of the Dead: Lost Vegas",
"Army of the Dead: Lost Vegas","Tig Notaro , Yetide Badaki , Monica Barbaro , Ross Butler"
"Army of Thieves","Matthias Schweighöfer , Nathalie Emmanuel , Ruby O.Fee , Stuart Martin"
"Army of Thieves","Matthias Schweighöfer"
ARQ,"Tony Elliott"
ARQ,"Robbie Amell , Rachael Taylor , Shaun Benson , Gray Powell"
"Arranged Marriage",
"Arrested Development","Jason Bateman , Michael Cera , Portiade Rossi , Will Arnett"
"Arrested Development",
Arrival,"Denis Villeneuve"
Arrival,"Amy Adams , Jeremy Renner , Forest Whitaker , Michael Stuhlbarg"
Arrow,"Stephen Amell , Katie Cassidy , David Ramsey , Susanna Thompson"
Arrow,
"Arsenio Hall: Smart and Classy","Brian Volk-Weiss"
"Arsenio Hall: Smart and Classy","Arsenio Hall"
"Art of Flight: The Series","Mark Landvik , Curt Morgan , Travis Rice , Scotty Lago"
"Art of Flight: The Series",
"Art of the Game: Ukiyo-e Heroes","Toru Tokikawa"
"Art of the Game: Ukiyo-e Heroes",
"Article 15","Ayushmann Khurrana , Nassar , Manoj Pahwa , Kumud Mishra"
"Article 15","Anubhav Sinha"
Artifact,"Jared Leto"
Artifact,"Jared Leto , Shannon Leto , Tomo Milicevic , Irving Azoff"
"Aruna & Her Palate","Dian Sastrowardoyo , Nicholas Saputra , Hannah Al Rashid , Oka Antara"
"Aruna & Her Palate",Edwin
"As We Sleep","Elizabeth Mcdonald"
"As We Sleep",
Ascension,"Tricia Helfer , Gil Bellows , Brian Van Holt , Andrea Roth"
Ascension,
"Aseudal Yeondaegi"," Won Suk Kim"
"Aseudal Yeondaegi","- - - - - - Eui-sung Kim , Park Hyoung-soo , Song Joong-ki , Kim Ji-Won , Jang Dong-Gun , Kim Ok-bin"
"Ash vs Evil Dead","Bruce Campbell , Ray Santiago , Dana De Lorenzo , Lucy Lawless"
"Ash vs Evil Dead",
Ashby,"Tony Mc Namara"
Ashby,"Mickey Rourke , Nat Wolff , Emma Roberts , Sarah Silverman"
"Ashes of Love","Yuqi Chen , Allen Deng , Zhonghua He , Liao Jingfeng"
"Ashes of Love",
"Ashley Garcia: Genius in Love",
"Ashley Garcia: Genius in Love","Jencarlos Canela , Paulina Chávez , Reed Horstmann , Conor Husting"
"Ashley Madison: Sex, Lies & Cyber Attacks","Rebecca Humphries , Noel Biderman , Louise Van Der Velde , Christopher Russell"
"Ashley Madison: Sex, Lies & Cyber Attacks","Havana Marking , Marc Morgenstern"
"Ask 101"," Ahmet Katiksiz , Deniz Yorulmazer"
"Ask 101","Kubilay Aka , Mert Yazicioglu , Alina Boz , Selahattin Pasali"
"Ask Taktikleri","DemetÖzdemir , Sukru Ozyildiz , Dogukan Polat Özgür Ozan"
"Ask Taktikleri","Emre Kabakusak"
"Ask the Doctor",
"Ask the Doctor","Sandro Demaio , Shalin Naik , Renee Lim , Caroline West"
"Ask the StoryBots","Judy Greer , Erin Fitzgerald , Fred Tatasciore , Jeff Gill"
"Ask the StoryBots",
"Ask-i Memnu",
"Ask-i Memnu","Beren Saat , KivançTatlitug , NebahatÇehre , Hazal Kaya"
"Asktan Kaçilmaz","Berk Oktay , Pelin Akil Çagdas OnurÖztürk , Ceren Hindistan"
"Asktan Kaçilmaz",
"Asobi Asobase",
"Asobi Asobase","Hina Kino , Rika Nagae , Konomi Kohara , Maki Izawa"
"Asperger's Are Us","Noah Britton , Ethan Finlan , Jack Hanke , New Michael Ingemi"
"Asperger's Are Us","Alex Lehmann"
"Assassin's Creed",
"Assassinio sul Tevere","Tomas Milian , Marina Ripadi Meana , Roberta Manfredi , Alberto Farnese"
"Assassinio sul Tevere","Bruno Corbucci"
Astérix,
"Astronomy Club"," Caroline Martin James III Terrance Kendrick Katierose Donohue Enriquez , Jon Gabrus , Jonny Berryman Jake Elitzer , Olga Bezrukova , Jonathan Braylock , Ray Cordova , Kelli Erdmann"
"Astronomy Club"," ...J.Adler , Ryan Anthony Martin , Daniel Powell"
"Asukô mâchi: Asuka kôgyô kôkô monogatari",
"Asukô mâchi: Asuka kôgyô kôkô monogatari","Emi Takei , Tôri Matsuzaka , Kento Kaku , Takuya Ishida"
"At the Dolphin Bay","Angela Shao-Han Chang , Joyce Chao , Jill Hsu , Ambrose Hui"
"At the Dolphin Bay",
"Atari: Game Over","Zak Penn"
"Atari: Game Over","Zak Penn , Joe Lewandowski , Robert Rentschler , Paul Sanchez"
"Ataúd Blanco: El Juego Diabólico","Julieta Cardinali , Eleonora Wexler , Rafael Ferro , Damián Dreizik"
"Ataúd Blanco: El Juego Diabólico","Danieldela Vega"
Atelier,
Atelier,"Mao Daichi , Mirei Kiritani , Mayuko Kawakita , Ken Kaito"
Aterrados,"Maximiliano Ghione , Norberto Gonzalo , Elvira Onetto , George L.Lewis"
Aterrados,"Demián Rugna"
"Athlete A","Bonni Cohen , Jon Shenk"
"Athlete A","Maggie Nichols , Gina Nichols , John Nichols , Steve Berta"
Atlantique,"Mame Bineta Sane , Amadou Mbow , Traore , Nicole Sougou"
Atlantique,"Mati Diop"
"Atomic Blonde","David Leitch"
"Atomic Blonde","Charlize Theron , James Mc Avoy , John Goodman , Eddie Marsan"
Atone,"Robert Rusler , Columbus Short , Scott Elrod , Stephen Farrelly"
Atone,"Wes Miller"
"Att angöra en brygga","Tage Danielsson"
"Att angöra en brygga","Monica Zetterlund , Lars Ekborg , Birgitta Andersson , Gösta Ekman"
"Att döda ett barn","Gunnar Sjöberg , Marie-Anne Condé Karl-Erik Forsgårdh , Sissi Kaiser"
"Att döda ett barn","Gösta Werner"
Atypical,
Atypical,"Jennifer Jason Leigh , Keir Gilchrist , Brigette Lundy-Paine , Michael Rapaport"
"Au service de la France","Hugo Becker , Wilfred Benaïche , Christophe Kourotchkine , Karim Barras"
"Au service de la France",
Audible,"Matthew Ogens"
Audible,"Amaree Mc Kenstry-Hall"
"Audrie & Daisy","Robin Bourland , Daisy Coleman , Charles Coleman , Melinda Coleman"
"Audrie & Daisy","Bonni Cohen , Jon Shenk"
"Auntie Claus","Kenny Ortega"
"Auntie Claus",
"Aunty Donna's Big Ol' House of Fun","Mark Samual Bonanno , Broden Kelly , Zachary Ruane , Scott Aukerman"
"Aunty Donna's Big Ol' House of Fun",
Aurora,"Yam Laranas"
Aurora,"Anne Curtis , Phoebe Villamor , Mercedes Cabral , Allan Paule"
"Autistic Driving School",
"Autistic Driving School","Osca Humphreys"
Autohead,"Rohit Mittal"
Autohead,"Adamya , Sunny Banerjee , Ronjini Chakraborty , Jhanvi Dwivedi"
Autumn,"Dexter Fletcher , Dickon Tolson , Lana Kamenov , Anton Brejak"
Autumn,"Steven Rumbelow"
"Ava's Possessions","Jordan Galland"
"Ava's Possessions","Louisa Krause , Whitney Able , Deborah Rush , William Sadler"
"Avatar: The Last Airbender",
"Avatar: The Last Airbender"," Grey Griffin , Mako , Gary Anthony Sturgis Mae Whitman , Jack De Sena Zach Tyler , Michaela Jill Murphy , Dante Basco , Dee Bradley Baker"
"Avatar: The Last Airbender"," Anthony Lioi Dave Filoni Ethan Spaulding , Giancarlo Volpe , Joaquim Dos Santos , Lauren Mac Mullan , Michael Dante Di Martino"
Avengement,"Jesse V.Johnson"
Avengement,"Scott Adkins , Craig Fairbrass , Thomas Turgoose , Nick Moran"
"Avicii: True Stories","Salem Al Fakir , Avicii , Johan Bjerkelund , Aloe Blacc"
"Avicii: True Stories","Levan Tsikurishvili"
Avlu,
Avlu,"Demet Evgar , Ceren Moray , Nursel Köse Çagdas OnurÖztürk"
Awake,"Gina Rodriguez , Ariana Greenblatt , Lucius Hoyos , Shamier Anderson"
Awake,"Mark Raso"
"Awake: The Million Dollar Game",
"Awake: The Million Dollar Game","James Davis , Russell Rope , Ikechukwu Mbagwu , Hayley Seat"
Away,"Hilary Swank , Josh Charles , Vivian Wu , Mark Ivanir"
Away,"Timothy Spall , Juno Temple , Hayley Squires , Matt Ryan"
Away,"David Blair"
Away,
"Axis Mundi",
Axone,"Sayani Gupta , Lin Laishram , Jimpa Bhutia , Tenzing Dalha"
Axone,"Nicholas Kharkongor"
"Ayotzinapa, El paso de la Tortuga","Enrique García Meza"
"Ayotzinapa, El paso de la Tortuga","Ángela Buitrago , Don Bernardo Campos , Caseta , Coyuco"
Azali,"Asana Alhassan , Akofa Edjeani Asiedu , Adjetey Anang , Peter Ritchie"
Azali,"Kwabena Gyansah"
"Aziz Ansari Live in Madison Square Garden",
"Aziz Ansari Live in Madison Square Garden","Aziz Ansari , Patrick Cotnoir"
"Aziz Ansari: Buried Alive","Aziz Ansari"
"Aziz Ansari: Buried Alive","Will Lovelace , Dylan Southern"
"Aziz Ansari: Right Now","Spike Jonze"
"Aziz Ansari: Right Now","Aziz Ansari"
Azizler,"Engin Günaydin , Haluk Bilginer , Binnur Kaya Öner Erkan"
Azizler,"Durul Taylan , Yagmur Taylan"
"B: The Beginning",
"B: The Beginning","Hiroaki Hirata , Hiroki Touchi , Asami Seto , Johnny Yong Bosch"
"Baahubali: Before the Beginning"," Snigdha Akolkar , Bijay Anand , Mrunal Thakur , Malyaban Lahiri"
"Baahubali: Before the Beginning",
Babies,
Babies,"Pascal Wallisch"
"Babies Behind Bars","Lesley Sharp , Bobi Brush , Mary Bullock , Patty Camp"
"Babies Behind Bars","Amanda Richardson"
Baby," Andrea De Sica , Antonio Le Fosse , Letizia Lamartire"
Baby," Brando Pacitto , Benedetta Porcaroli , Alice Pagani , Riccardo Mandolini , Chabeli Sastre"
"Baby Ballroom","Kim Hillyard , Jane Bullock , Warren Bullock , Kristina Rihanoff"
"Baby Ballroom",
"Baby Driver","Edgar Wright"
