Title,YearsRan
"Thomas the Tank Engine & Friends",37
"Family Guy",23
"Men Behaving Badly",22
"Will & Grace",22
"Still Game",17
"Trailer Park Boys",17
"Arrested Development",16
"CSI: Crime Scene Investigation",15
"Keeping Up with the Kardashians",15
Supernatural,15
"Power Rangers Megaforce",14
Soupçons,14
"Murder, She Wrote",12
"Prison Break",12
"Star Wars: The Clone Wars",12
"The Walking Dead",12
Cheers,11
"Modern Family",11
"Mystery Science Theater 3000",11
"To aru majutsu no indekkusu",11
"Fairy Tail: Fearî teiru",10
Friends,10
"Hawaii Five-0",10
"Las Muñecas de la Mafia (II)",10
"Leyla ile Mecnun",10
"My Little Pony: Friendship Is Magic",10
"Scare Tactics",10
"Brooklyn Nine-Nine",9
Homeland,9
"How I Met Your Mother",9
Luther,9
Seinfeld,9
Shameless,9
"Shingeki no kyojin",9
"Super Why!",9
"Tayo the Little Bus",9
"The Boondocks",9
Wakfu,9
"Adventure Time",8
Arrow,8
"Bleach: Burîchi",8
"Full House",8
"Mad Men",8
Rake,8
Rita,8
Smurfs,8
Suits,8
"The Amazing World of Gumball",8
"The Vampire Diaries",8
Wentworth,8
"Zhong ji yi ban",8
"Agents of S.H.I.E.L.D.",7
Californication,7
Dexter,7
Elementary,7
"Gilmore Girls",7
"Nanatsu no taizai",7
"New Girl",7
"Once Upon a Time",7
"Paboo & Mojies",7
Portlandia,7
"Pretty Little Liars",7
"Ray Donovan",7
Sherlock,7
"Star Trek: The Next Generation",7
"Steven Universe",7
"The Good Wife",7
"The Increasingly Poor Decisions of Todd Margaret",7
"The IT Crowd",7
Vikings,7
Alphablocks,6
"BoJack Horseman",6
Community,6
Glee,6
"Good Witch",6
"Grace and Frankie",6
Grimm,6
Haikyuu!!,6
"Hellsing Ultimate",6
"Henry Danger",6
"High School DxD",6
"How to Get Away with Murder",6
"Kôdo giasu - Hangyaku no rurûshu: Code Geass - Lelouch of the Rebellion",6
Nashville,6
"Orange Is the New Black",6
"Party of Five",6
"PJ Masks",6
"Rabbids Invasion",6
Skins,6
"Sons of Anarchy",6
"Star Trek: Deep Space Nine",6
"Star Trek: Voyager",6
Supergirl,6
"Teen Wolf",6
"The 100",6
"The Fresh Prince of Bel-Air",6
"Transformers: Robots in Disguise",6
"3rd Rock from the Sun",5
"Angry Birds Toons",5
"Being Human",5
"Breaking Bad",5
Clarence,5
"Dawson's Creek",5
"Dirilis: Ertugrul",5
"Downton Abbey",5
"Drop Dead Diva",5
"Fate/Grand Order: Zettai Maju Sensen Babylonia",5
"Fresh Meat",5
"Gossip Girl",5
Gotham,5
"Hannah Montana",5
"Heartbreak High",5
"Hell on Wheels",5
"House of Cards",5
"Inside the World's Toughest Prisons",5
"Jane the Virgin",5
"Kim's Convenience",5
"Las mágicas historias de Plim Plim",5
Longmire,5
Lucifer,5
"Madam Secretary",5
Moesha,5
"Monty Python's Flying Circus",5
"Moving Art",5
Naruto,5
"Queen of the South",5
"Schitt's Creek",5
"Señora Acero",5
"Shinya shokudô",5
"The Affair",5
"The Americans",5
"The Thundermans",5
Torchwood,5
"We Bare Bears",5
"Where on Earth Is Carmen Sandiego?",5
"White Collar",5
Wolfblood,5
"Yoga Time",5
3%,4
Ailiseu,4
Atypical,4
"Bates Motel",4
"Black Clover",4
"Black Lightning",4
Boiseu,4
Broadchurch,4
Castlevania,4
"Chef's Table",4
"Code Lyoko",4
"Crazy Ex-Girlfriend",4
"Danger Mouse",4
"Dear White People",4
Enterprise,4
"Ever After High",4
"Fawlty Towers",4
"Fuller House",4
Glitch,4
Greenleaf,4
H,4
"H2O: Just Add Water",4
"Hashoter Hatov",4
"Into the Badlands",4
Inuyasha,4
iZombie,4
"Jessica Jones",4
"Kidô Senshi Gundam Unicorn",4
Killjoys,4
"La casa de papel",4
"Lab Rats",4
"Last Chance U",4
"Little Einsteins",4
Love/Hate,4
Lovesick,4
"Man Down",4
Misfits,4
"Monty Don's French Gardens",4
Norsemen,4
"Orphan Black",4
"Piggy Tales",4
Poldark,4
Reign,4
"Republic of Doyle",4
Revenge,4
"Robot Trains",4
Scorpion,4
Scream,4
Slugterra,4
Sorjonen,4
Steins;Gate,4
"The Bold Type",4
"The Good Place",4
"The Magic School Bus Rides Again",4
"The Ranch",4
"Thus Spoke Kishibe Rohan",4
"Unbreakable Kimmy Schmidt",4
"Vis a vis",4
"You Me Her",4
"Z Nation",4
"Zumbo's Just Desserts",4
"12 Monkeys",3
"13 Reasons Why",3
"A.N.T. Farm",3
"Abby Hatcher",3
"All Hail King Julien",3
"Ash vs Evil Dead",3
"Ask the StoryBots",3
"Au service de la France",3
"Avatar: The Last Airbender",3
"Big Dreams, Small Spaces",3
"Black Sails",3
Bonding,3
Borgia,3
"Busted! I Know Who You Are!",3
"Chappelle's Show",3
Continuum,3
Daredevil,3
Dark,3
"Designated Survivor",3
"Dragons: Race to the Edge",3
"Good Girls",3
Goosebumps,3
"Greenhouse Academy",3
"Hagane no renkinjutsushi",3
"Hotel Transylvania",3
"Inspector Gadget",3
Kingdom,3
Kipper,3
"Kôkaku kidôtai: Stand Alone Complex",3
"Kyle XY",3
"Las chicas del cable",3
"Little Britain",3
"Making a Murderer",3
"Mako Mermaids",3
Medici,3
"Meerkat Manor",3
Merlí,3
"Mighty Morphin Power Rangers",3
"Miss Fisher's Murder Mysteries",3
"Mob Psycho 100",3
"One Day at a Time",3
"Ore no imouto ga konna ni kawaii wake ga nai",3
"Pac-Man and the Ghostly Adventures",3
Pose,3
Rebellion,3
"Rosario Tijeras",3
Salem,3
"Secret City",3
Sense8,3
"Shadowhunters: The Mortal Instruments",3
"Shin'ya shokudô: Tokyo Stories",3
"Sonic Boom",3
"Sonic X",3
"Spartacus: Blood and Sand",3
"Star Trek",3
"Storage Wars Canada",3
"Suburra - La serie",3
"Suzumiya Haruhi no yûutsu",3
"The Adventures of Puss in Boots",3
"The Boss Baby: Back in Business",3
"The Fall",3
"The Killing",3
"The Kominsky Method",3
"The OA",3
"The Suite Life of Zack & Cody",3
"The Tudors",3
"Three Wives, One Husband",3
"Turbo FAST",3
Versailles,3
Violetta,3
"Yu yu hakusho",3
"A Series of Unfortunate Events",2
Alex,2
"Alexa & Katie",2
"Altered Carbon",2
"Angry Birds Stella",2
Anne,2
"Ask-i Memnu",2
Baby,2
Baki,2
"Beat Bugs",2
"BG: Shinpen keigonin",2
Bitten,2
"Bitter Daisies",2
Bloodline,2
"Carmen Sandiego",2
"Chewing Gum",2
"Chilling Adventures of Sabrina",2
Chosen,2
Colony,2
"Creeped Out",2
"Criminals: Caught on Camera",2
"Crossing Lines",2
"Dawn of the Croods",2
Derek,2
Dinotrux,2
"Doble Kara",2
"Dragons: Riders of Berk",2
"El vecino",2
Ezel,2
Flowers,2
"Free Rein",2
"Friends from College",2
"From Dusk Till Dawn: The Series",2
Frontier,2
"Fruits Basket",2
GLOW,2
Goo-hae-jwo,2
Hache,2
Hannibal,2
"Hap and Leonard",2
Happy!,2
"Harvey Street Kids",2
"Hemlock Grove",2
Hilda,2
"Home: Adventures with Tip & Oh",2
"I Am a Killer",2
"Joahamyeon Ullineun",2
"Kadokyaputa Sakura",2
Karppi,2
"Kekkai Sensen",2
Knightfall,2
"Kong: King of the Apes",2
"La casa de las flores",2
"Life's Too Short",2
Lilyhammer,2
Love,2
"Luke Cage",2
"Marco Polo",2
Marseille,2
Mindhunter,2
"Mirai nikki",2
Monarca,2
Mortel,2
Narcos,2
Noragami,2
"Patriot Act with Hasan Minhaj",2
"Penny Dreadful",2
Pramface,2
"Santa Clarita Diet",2
"She-Ra and the Princesses of Power",2
"She's Gotta Have It",2
Shooter,2
"Skylanders Academy",2
"Spirit Riding Free",2
StartUp,2
"Swedish Dicks",2
"Terrace House: Opening New Doors",2
"The Alienist",2
"The Bletchley Circle",2
"The End of the F***ing World",2
"The Epic Tales of Captain Underpants",2
"The Flemish Bandits",2
"The Frankenstein Chronicles",2
"The Gift",2
"The Hollow",2
"The Investigator: A British Crime Story",2
"The Kindness Diaries",2
"The Legend of Korra",2
"The Missing",2
"The Mr. Peabody & Sherman Show",2
"The Musketeers",2
"The Protector",2
"The Punisher",2
"The Rain",2
"The Unicorn",2
Timeless,2
"Transformers: Cyberverse",2
Travelers,2
Trollhunters,2
"Tuca & Bertie",2
Twirlywoos,2
Tyrant,2
"Under the Dome",2
"V.R. Troopers",2
"Vai Anitta",2
"VeggieTales in the House",2
Vexed,2
"Video Game High School",2
"Vivir sin permiso",2
"Voltron: Legendary Defender",2
Wanted,2
"White Gold",2
"Xiaolin Chronicles",2
"Yakusoku no Neverland",2
Zoo,2
"13 Geboden",1
"3Below: Tales of Arcadia",1
7Seeds,1
"After Trek",1
"Ai hui lai",1
"Alhambeura Goongjeonui Chooeok",1
"Alta mar",1
"American Vandal",1
"Angel 'n' Devil",1
"Archibald's Next Big Thing",1
"Bangkok Love Stories: Innocence",1
"Benvinguts a la família",1
Beruseruku,1
Between,1
"Bill Nye Saves the World",1
"Blue Mountain State",1
Borderline,1
Boss,1
Bulyaseong,1
"Byeol-e-seo on geu-dae",1
Capitani,1
"Care Bears and Cousins",1
"Castle Rock",1
"Cek Toko Sebelah: The Series",1
Chelsea,1
Cheongchunsidae,1
Chocolate,1
"Cirque du Soleil: Luna Petunia",1
"Cloudy with a Chance of Meatballs",1
Damnation,1
"Dare Me",1
"Dark Net",1
"De Twaalf",1
"Deadly Class",1
"Death Note: Desu nôto",1
"Degrassi: Next Class",1
"Dinotrux Supercharged",1
"Dirk Gently's Holistic Detective Agency",1
Disjointed,1
Don-kkot,1
"Don't Trust the B---- in Apartment 23",1
"El día menos pensado",1
"El dragón",1
"El tiempo entre costuras",1
"Eulachacha Waikiki",1
"Eung-dab-ha-ra 1988",1
"Eung-dab-ha-ra 1997",1
"Fastest Car",1
"Fate/stay night: Unlimited Blade Works",1
Fate/Zero,1
"Feel Good",1
Fi,1
Flipos,1
"Freaks and Geeks",1
Frequency,1
"Frozen Planet",1
"Further Tales of the City",1
"Gajokggiri Wae Irae",1
"Ghost Wars",1
"Giruti kuraun: Guilty Crown",1
"Good Morning-Call: Guddo môningu kôru",1
"Great News",1
GTO,1
"Haters Back Off!",1
"Heaven's Wedding Gown",1
"Hero Mask",1
Herushingu,1
"Higurashi: When They Cry - GOU",1
"Home for Christmas",1
"Hwanghooui Poomkyeok",1
Hwayugi,1
"Ildan Ddeugeobge Chungsohara",1
"Ingress: The Animation",1
Insatiable,1
"Iron Fist",1
"Judge vs. Judge",1
Kakegurui,1
"Kara Para Ask",1
"Ki Hwanghoo",1
"Kiru ra kiru: KILL la KILL",1
"Kono subarashii sekai ni shukufuku o!",1
"Kore wa Zombie desu ka?",1
"L.A.'s Finest",1
"La luna sangre",1
"Lady Dynamite",1
"Larva Island",1
"Le chalet",1
"Les de l'hoquei",1
"Life Unexpected",1
Limitless,1
"Liu xing hua yuan",1
"Llama Llama",1
"Lost & Found Music Studios",1
"Love Island Australia",1
"Love Sick: The Series",1
"Luchshe, chem lyudi",1
"Maggie & Bianca: Fashion Friends",1
"Majutsushi Orphen Mubouhen",1
Marlon,1
"Memorias de Idhún",1
"Mr. Iglesias",1
"My Babysitter's a Vampire",1
"Mystery Science Theater 3000: The Return",1
Namjachingoo,1
"Naruto SD: Rock Lee no Seishun Full-Power Ninden",1
"Neo Yokio",1
Nisman,1
"Ôkami to kôshinryô",1
"Omangwa Pyungyeon",1
"Pacific Heat",1
"Phuean Hian.. Rongrian Lon",1
"Pinky Malinky",1
"Pooreun Badaui Junsul",1
Popples,1
"Power Rangers Beast Morphers",1
"Power Rangers Dino Charge",1
"Power Rangers Ninja Steel",1
"Prince of Peoria",1
"Puffin Rock",1
"Pusong ligaw",1
"Queen Sono",1
"Re: Mind",1
"Regiment Diaries",1
"Roboti Aniya",1
Rotten,1
"Run On",1
"Sa-rang-eui bul-sa-chak",1
"Sacred Games",1
Salvation,1
Samantha!,1
"Seinto Seiya: Knights of the Zodiac",1
"Selena: The Series",1
"Seulgiroun Euisasaenghal",1
"Seulgirowun Gamppangsaenghwal",1
"Shigatsu wa kimi no uso",1
"Shin seiki evangerion",1
"Sick Note",1
"Sidonia no Kishi",1
"Smile PreCure!",1
Son,1
"Sseulsseulhago Chalranhashin: Dokkaebi",1
Staged,1
"Strange Empire",1
"Stretch Armstrong & the Flex Fighters",1
Superstition,1
"Tarzan and Jane",1
"Tengen toppa gurren lagann",1
"Terrace House: Aloha State",1
"Terrace House: Boys & Girls in the City",1
"Terrace House: Tokyo 2019-2020",1
"The Booth at the End",1
"The Calling",1
"The Get Down",1
"The Hour",1
"The House Arrest of Us",1
"The Order",1
"The Paradise",1
"The Principal",1
"The Shannara Chronicles",1
"The Spectacular Spider-Man",1
"The Valhalla Murders",1
"The World's Most Extraordinary Homes",1
Toradora!,1
Touch,1
"Trailer Park Boys: The Animated Series",1
"Transformers: War for Cybertron",1
Trinkets,1
"Trolls: The Beat Goes On!",1
Tukabseu,1
"Twin Peaks",1
"Ultimate Beastmaster",1
Utopia,1
"Well-Intended Love",1
"Who Killed Malcolm X?",1
"World of Winx",1
"Wounded: The Battle Back Home",1
"Yeokdoyojeong Gim Bokju",1
"Yungnyong-i Nareusya",1
"Zhen Huan Zhuan",1
"Zhong ji san guo",1
