Title,AiringStatus,AvgRating,Genres
"Velhas Amigas","On Going",8.9,"Comedy , Drama , Romance"
"College Romance","On Going",8.8,"Comedy , Drama , Romance"
"Once Again","On Going",8.5,"Comedy , Drama , Romance"
Binsenjo,"On Going",8.5,"Comedy , Crime , Romance"
"Kaguya-sama wa kokurasetai ~ Tensai tachi no ren'ai zunô sen ~","On Going",8.4,"Animation , Comedy , Romance"
"Little Things","On Going",8.3,"Comedy , Romance"
"Gwaenchanhah, Sarangiya","On Going",8.3,"Comedy , Drama , Romance"
"Doc Martin","On Going",8.3,"Comedy , Drama , Romance"
"Melloga Chejil","On Going",8.2,"Comedy , Romance"
"Le Coup de Foudre","On Going",8.2,"Comedy , Romance"
Seutateueob,"On Going",8.1,"Comedy , Drama , Romance"
"Hai Sukoa Garu","On Going",8,"Animation , Comedy , Romance"
"That '70s Show","On Going",8,"Comedy , Romance"
"Yi Guyeokui Michin X","On Going",7.9,"Comedy , Drama , Romance"
"Big Mouth","On Going",7.9,"Animation , Comedy , Romance"
"Dash & Lily","On Going",7.8,"Comedy , Drama , Romance"
"Ask 101","On Going",7.7,"Comedy , Drama , Romance"
"Karakai Jouzu no Takagi-san","On Going",7.7,"Animation , Comedy , Romance"
"Let's Eat","On Going",7.7,"Comedy , Romance"
Pasta,"On Going",7.7,"Comedy , Drama , Romance"
"Angkeumhan Dolshingnyeo","On Going",7.6,"Comedy , Romance"
"Generazione 56K","On Going",7.6,"Comedy , Drama , Romance"
"Gekkan Shojo Nozaki-kun","On Going",7.6,"Animation , Comedy , Romance"
"Taj Mahal 1989","On Going",7.6,"Comedy , Drama , Romance"
"Chomyeone Saranghamnida","On Going",7.4,"Comedy , Romance"
"Love & Anarchy","On Going",7.4,"Comedy , Drama , Romance"
"A Love So Beautiful","On Going",7.4,"Comedy , Romance"
"Chulchulhan yeoja","On Going",7.3,"Comedy , Drama , Romance"
"I Hear You","On Going",7.3,"Comedy , Romance"
"Tsuredure Children","On Going",7.3,"Animation , Comedy , Romance"
"Annyeong? Naya!","On Going",7.2,"Comedy , Fantasy , Romance"
Flaked,"On Going",7.2,"Comedy , Drama , Romance"
"Use for My Talent","On Going",7.1,"Comedy , Drama , Romance"
"Ossan's Love","On Going",6.9,"Comedy , Drama , Romance"
Gamers!,"On Going",6.6,"Animation , Comedy , Romance"
Valeria,"On Going",6.5,"Comedy , Drama , Romance"
Sex/Life,"On Going",6.1,"Comedy , Drama , Romance"
Mismatched,"On Going",5.7,"Comedy , Drama , Romance"
"Emily in Paris","On Going",3.5,"Comedy , Drama , Romance"
"Feels Like Ishq","On Going",3.3,"Comedy , Drama , Romance"
