Movies,Year,Actors
"¡A cantar!","(2020- )","Barbara Orti , Ricky Merino , Gianni Calchetti , Maysa Monção"
"¡Ay, mi madre!",-2019,"Estefaníadelos Santos , Secundela Rosa , Terele Pávez , María Alfonsa Rosso"
"¿A quién te llevarías a una isla desierta?",-2019,"Pol Monen , Jaime Lorente , Andrea Ros , María Pedraza"
"¿Quién Mató a Sara?","(2021- )","Eugenio Siller Manolo Cardona , Ginés García Millán , Carolina Miranda , Alejandro Nones"
(Un)Well,"(2020- )","Jennifer Julian"
"#AnneFrank - Parallel Stories",-2019,"Helen Mirren , Anne Frank , Martina Gatti , Arianna Szorenyi"
#BlackAF,-2020,"Rashida Jones , Kenya Barris , Iman Benson , Genneya Walton"
#cats_the_mewvie,-2020,"Kevin Allocca , Phaedra Barratt , Amanda Brennan , Mike Bridavsky"
#differentnotless,"(2017- )",
#HappyBirthdaySense8,-2017,"Freema Agyeman , Jamie Clayton , Tina Desai , Bae Doona"
#Realityhigh,-2017,"Nesta Cooper , Keith Powers , Alicia Sanz , Jake Borelli"
#Rucker50,-2016,"Inez Dickens"
#Saraitda,-2020,"Yoo Ah-in , Park Shin-Hye , Jeon Bae-soo , Hyun-Wook Lee"
#TemanTapiMenikah,-2018,"Adipati Dolken , Vanesha Prescilla , Refal Hady , Denira Wiraguna"
#TemanTapiMenikah2,-2020,"Adipati Dolken , Mawar Evade Jongh , Vonny Cornellya , Sari Nila"
"1 Chance 2 Dance",-2014,"Lexi Giovagnoli , Justin Ray , Rae Latt , Poonam Basu"
"1,000,000 yen no Onnatachi",-2017,"YôjirôNoda , Rila Fukushima , Rena Matsui , Miwako Wagatsuma"
"10 000 timmar",-2014,"Peter Magnusson , Karin Lithman Özz Nûjen , Mathildavon Essen"
"10 Days in Sun City",-2017,"Gbenro Ajibade , Ali Baba , Fathia Balogun , Jaunde Jager"
"100 días para enamorarnos","(2020- )","Ilse Salas , Mariana Treviño , Erick Elias , David Chocarro"
"100 Humans","(2020- )","Komalpreet Kaur Batth , Haley Bockrath , Dylan George , Braxton Hale"
"100 metros",-2016,"Dani Rovira , Karra Elejalde , Alexandra Jiménez , David Verdaguer"
"100-man no Inochi no Ue ni Ore wa Tatte Iru","(2020- )","Tara Sands , Makoto Koichi , Risa Kubota , Yûto Uemura"
"100% Coco",-2017,"Nola Kemper , Valentijn Avé Merelde Zwart , Firy Beuk"
"100% Hotter","(2016- )","Daniel Palmer , Melissa Sophia , Karen Williams , Zoe Hardman"
"101 Dalmatians",-1996,"Glenn Close , Jeff Daniels , Joely Richardson , Joan Plowright"
"12 Monkeys",(2015-2018),"Aaron Stanford , Amanda Schull , Noah Bean , Barbara Sukowa"
"12 Rounds 3: Lockdown",-2015,"Jonathan Good , Roger Cross , Daniel Cudmore , Lochlyn Munro"
"127 Hours",-2010,"James Franco , Amber Tamblyn , Kate Mara , Sean Bott"
"13 Geboden",(2017-2018),"Dirkvan Dijck , Marie Vinck , Karlijn Sileghem , Line Pillet"
"13 Minutes",,"Jimmy Waitman"
"13 Reasons Why",(2017-2020)," Katherine Langford Dylan Minnette , Grace Saif , Christian Navarro , Alisha Boe"
"13 Reasons Why: Season 2 Date Announcement Commercial",-2018,"Alisha Boe , Tommy Dorfman , Katherine Langford , Derek Luke"
"13: The Musical",,"Josh Peck , Rhea Perlman , Peter Hermann , Debra Messing"
13th,-2016,"Melina Abdullah , Michelle Alexander , Cory Booker , Dolores Canales"
"13th: A Conversation with Oprah Winfrey & Ava DuVernay","(2017 Video)","Oprah Winfrey , Ava Du Vernay"
"15 August",-2019,"Abhishek Deshmukh , Mrunmayee Deshpande , Namrata Kadam , Addinath Kothare"
"17 filles",-2011,"Louise Grinberg , Juliette Darche , Roxane Duran , Esther Garrel"
"18 regali",-2020,"Vittoria Puccini , Benedetta Porcaroli , Edoardo Leo , Sara Lazzaro"
"1898. Los últimos de Filipinas",-2016,"Luis Tosar , Javier Gutiérrez Álvaro Cervantes , Karra Elejalde"
1899,"(2022- )","Miguel Bernardeau , Jonas Bloquet , Rosalie Craig , Aneurin Barnard , Anton Lesser , Mathilde Ollivier , Alexandre Willaume"
1920,-2008,"Rajniesh Duggall , Adah Sharma , Anjori Alagh , Raj Zutshi"
"1920 London",-2016,"Sharman Joshi , Meera Chopra , Vishal Karwal , Surendra Pal"
1922,-2017,"Thomas Jane , Molly Parker , Dylan Schmid , Kaitlyn Bernard"
1983,-2018,"Robert Wieckiewicz , Maciej Musial , Michalina Olszanska , Andrzej Chyra"
1994,"(I) (2019- )","Rafael Sebastián Guillén Vicente , Carlos Salinasde Gortari"
"1994: Poder, Rebeldía y Crimen en México",-2019,
"2 Weeks",-2013,"Lee Joon-Gi , Ha-seon Park , Soo-young Ryu , Kim So-yeon"
2:22,-2008,"Mick Rossi , Robert Miano , Aaron Gallagher , Jorge A.Jimenez"
"2001: A Space Odyssey",-1968,"Keir Dullea , Gary Lockwood , William Sylvester , Daniel Richter"
"2006 Independent Spirit Awards","(2006 TV Special)","Sarah Silverman , Hany Abu-Assad , Amy Adams , Shohreh Aghdashloo"
"2020 Golden Globe Awards","(2020 TV Special)","Ricky Gervais , Jennifer Aniston , Reese Witherspoon , Michael Douglas"
2067,-2020,"Aaron Glenane , Kodi Smit-Mc Phee , Ryan Kwanten , Finn Little"
"21 Days Under the Sky",-2016,"Troy Critchlow , Gentry Dayton , Tom Fugle , Ryan Grossman"
"21 Sarfarosh Saragarhi 1897","(2018- )","Harry Chauhan , Paras Raajj Ganndhhi , Sooraj Ohri , Mohit Raina"
"21 Thunder","(2017- )","Stephanie Bennett , Emmanuel Kabongo , Andres Joseph , Kevin Claydon"
"22 July",-2018,"Anders Danielsen Lie , Jonas Strand Gravli , JonØigarden , Maria Bock"
"22nd Annual Mark Twain Prize for American Humor celebrating: Dave Chappelle","(2020 TV Special)","Dave Chappelle , Mohammed Amer , Aziz Ansari , Erykah Badu"
23:59,-2011,"Tedd Chan , Stella Chung , Philip Hersh , Henley Hii"
"26 nyeon",-2012,"Jin Goo , Hye-jin Han , Soo-bin Bae , Seul-ong Im"
2gether,-2020,"Vachirawit Chivaaree , Metawin Opas-Iamkajorn , Chinnarat Siriphongchawalit , Sivakorn Lertchoochot"
"3 Geezers!",-2013,"J.K.Simmons , Tim Allen , Scott Caan , Basil Hoffman"
"3 Türken & ein Baby",-2015,"Kida Khodr Ramadan , Eko Fresh , Kostja Ullmann , Sabrina Klüber"
3%,(2016-2020),"Bianca Comparato , Vaneza Oliveira , Rodolfo Valente , ZezéMotta"
300,-2006,"Gerard Butler , Lena Headey , David Wenham , Dominic West"
"300: Rise of an Empire",-2014,"Sullivan Stapleton , Eva Green , Lena Headey , Hans Matheson"
"365 dni",-2020,"Anna Maria Sieklucka , Michele Morrone , Bronislaw Wroclawski , Otar Saralidze"
"37 sekanzu",-2019,"Nanami Kawakami , Makiko Watanabe , Mei Kayama , Shizuka Ishibashi"
"3Below: Tales of Arcadia",(2018-2019),"Frank Welker Alon Aboutboul Glenn Close , Tatiana Maslany , Diego Luna , Nick Offerman , Nick Frost"
"3rd Rock from the Sun",(1996-2001),"John Lithgow , Jane Curtin , Kristen Johnston , French Stewart"
"4 latas",-2019,"Jean Reno , Hovik Keuchkerian , Susana Abaitua , Juan Dos Santos"
"42 días en la oscuridad",,"Aline Küppenheim , Claudia Di Girólamo , Gloria Münchmeyer"
"44 Gatti","(2018- )","Judith Cabral , Sarah Natochenny , Keira Johnson , Joy Salaretti"
"45 Revoluciones",-2019,"Carlos Cuevas , Guiomar Puerta , Iván Marcos , Israel Elejalde"
"46 Yok Olan",-2016,"Erdal Besikçioglu , Yasemin Kay Allen , Melis Birkan , Saygin Soysal"
50M2,"(2021- )","EnginÖztürk , Kürsat Alniaçik , Cengiz Bozkurt , Aybüke Pusat"
"6 Balloons",-2018,"Abbi Jacobson , Dave Franco , Charlotte Carel , Madeline Carel"
"6 Below: Miracle on the Mountain",-2017,"Josh Hartnett , Mira Sorvino , Sarah Dumont , Kale Culley"
"6 Days","(I) (2017)","Jamie Bell , Mark Strong , Abbie Cornish , Martin Shaw"
"6 Underground",-2019,"Ryan Reynolds , Mélanie Laurent , Manuel Garcia-Rulfo , Ben Hardy"
"6 Years",-2015,"Taissa Farmiga , Ben Rosenfield , Lindsay Burdge , Joshua Leonard"
6-5=2,-2014,"Prashantt Guptha , Gaurav Paswala , Gaurav Kothari , Disha Kapoor"
"60 Il, Jijeongsaengjonja",-2019,"Jin-hee Ji , Joon-ho Huh , Kang Han-na , Lee Joon-hyuk"
"7 años",-2016,"Juana Acosta , Alex Brendemühl , Paco León , Manuel Morón"
"7 Chinese Brothers",-2015,"Jason Schwartzman , Olympia Dukakis , Tunde Adebimpe , Eleanore Pienta"
"7 Days Out","(2018- )","Frank Bruni , Emmy , Kevin Flanery , Matthew Haag"
"7 Guardians of the Tomb",-2018,"Bingbing Li , Kellan Lutz , Kelsey Grammer , Chun Wu"
"7 Ilui Wangbi",-2017,"Hyun-Sung Jang , Do Ji-Won , Dong-geon Lee , Eun-seo Son"
"7 Prisioneiros",-2021,"Rodrigo Santoro , Christian Malheiros , Lucas Oranmian"
7:19,-2016,"Carmen Beato , Demián Bichir , Héctor Bonilla , Octavio Michel"
"71st Golden Globe Awards","(2014 TV Special)","Tina Fey , Amy Poehler , Jennifer Lawrence , Jacqueline Bisset"
"72 Dangerous Animals - Asia","(2018- )","Bob Brisbane , Bryan Grieg Fry , Romulus Whitaker , Paul Rosolie"
"72 Dangerous Animals: Latin America",-2017,"Bob Brisbane , Rui Seabra Ferreira Jr. Vidal Haddad Jr. Justin Schmidt"
76,-2016,"Efetobore Afatakpa , Tunde Alabi , Bisi Ariyo , Preach Bassey"
7Seeds,(2019-2020),".Christine M.Auten Jun Fukuyama Elissa Cuellar Marty Fleck Greg Cote Adam Gibbs Justin Doran Shannon Emerick Morgan Berry , Shelley Calene-Black Caitlynn French Bryson Baugus , Clint Bickham , Sam Butler , Ryan Anthony , Luci Christian Patricia Duran , Scott Gibbs , Alejandro Saab , Jad Saxton , Amber Lee Connors"
8:46,"(2020 TV Special)","Dave Chappelle"
"800 metros","(2021- )"," "
"9 Kere Leyla",-2020,"Haluk Bilginer , Demet Akbag , Elçin Sangu , Firat Tanis"
"A 3 Minute Hug",-2019,
"A Babysitter's Guide to Monster Hunting",-2020,"Tamara Smart , Oona Laurence , Tom Felton , Troy Leigh-Anne Johnson"
"A Boy Called Christmas",-2021,"Kristen Wiig , Maggie Smith , Michiel Huisman , Stephen Merchant"
"A California Christmas",-2020,"Lauren Swickard , Josh Swickard , Ali Afshar , David Del Rio"
"A cambio de nada",-2015,"Miguel Herrán , Antonio Bachiller , Antonia Guzmán , Felipe García Vélez"
"A Castle for Christmas",-2021,"Brooke Shields , Cary Elwes , Suanne Braun , Lee Ross"
"A Chorus Line",,
"A Christmas Prince",-2017,"Rose Mc Iver , Ben Lamb , Alice Krige , Honor Kneafsey"
"A Christmas Prince: The Royal Baby",-2019,"Rose Mc Iver , Ben Lamb , Alice Krige , Honor Kneafsey"
"A Christmas Prince: The Royal Wedding",-2018,"Rose Mc Iver , Ben Lamb , Alice Krige , Honor Kneafsey"
"A Christmas Tree Miracle",-2013,"Kevin Sizemore , Terry Kiser , Jill Whelan , Barrett Carnahan"
"A Cinderella Story",-2004,"Hilary Duff , Chad Michael Murray , Jennifer Coolidge , Dan Byrd"
"A Cinderella Story: Christmas Wish","(2019 Video)","Laura Marano , Gregg Sulkin , Isabella Gomez , Johannah Newmarch"
"A Classic Horror Story",-2021,"Matilda Anna Ingrid Lutz , Francesco Russo , Peppino Mazzotta , Will Merrick"
"A Decade of Decadence, Pt. 2: Legacy of Dreams","(2013 Video)","Gordon Auld , Howie Boulware Jr. Tod Boulware , Patrícia Faolli"
"A Dog's Life: The Oscar Lose Story","(2008 Video)","Scottdu Pont , Shirley Fox , Debbie Fritz , M.Phyllis Lose"
"A Fall from Grace",-2020,"Crystal Fox , Phylicia Rashad , Bresha Webb , Mehcad Brooks"
"A Family Reunion Christmas","(2019 TV Movie)","Tia Mowry-Hardrict , Anthony Alabi , Talia Jackson , Isaiah Russell-Bailey"
"A Faster Horse",-2015,
"A Field Full of Secrets",-2014,"Colin Andrews , Francine Blake , Tim Carson , Will Carson"
"A Final Cut for Orson: 40 Years in the Making",-2018,"Frank Marshall , Peter Bogdanovich , Filip Jan Rymsza , Ruth Hasty"
"A Futile and Stupid Gesture",-2018,"Frank Gingerich , Morgan Gingerich , Annette O'Toole , Harry Groener"
"A Garota Invisível",-2021,"Guilherme Brumatti , Mharessa Fernanda , Bia Jordão , Bianca Paiva"
"A Go! Go! Cory Carson Christmas","(2020 TV Special)","Ella Joy Ballesteros , Maisie Benson , Smith Foreman , Kerry Gudjohnsen"
"A Go! Go! Cory Carson Halloween","(2020 TV Special)","Ella Joy Ballesteros , Maisie Benson , Smith Foreman , Kerry Gudjohnsen"
"A god in ruins",,
"A Haunting at Silver Falls 2",-2019,"Laura Flannery , James Cavlo , Harry Hains , Clemmie Dugdale"
"A Jazzman's Blues",-2022,"Ryan Eggold , Milauna Jackson , Amirah Vann , Lauren Buglioli"
"A Killer Uncaged",-2020,"Tommy Le Noir"
"A Life in Men",,
"A Little Help with Carol Burnett",-2018,"Caleb Jeon , Emmersyn Fiorentino , Charlie Kolsby , Seane Mele"
"A Love So Beautiful","(2020- )","Joo-yeon So , Kim Yo-han , Hoi-Hyeon Yeo , Hye-Jo Cho"
"A Love Song for Latasha",-2019,"Tybie O'Bard , Shinese Harlins , Zoe Flint , Nnenna Brown"
"A Love to Last",-2017,"Bea Alonzo , Ian Veneracion , Iza Calzado , Julia Barretto"
"A Madea Homecoming",-2022,"Tyler Perry , Gabrielle Dennis , Brendan O'Carroll , Cassi Davis"
"A Man Apart",-2003,"Vin Diesel , Timothy Olyphant , Larenz Tate , Geno Silva"
"A Man for All Seasons",-1966,"Paul Scofield , Wendy Hiller , Robert Shaw , Leo Mc Kern"
"A Martfüi Rém - A Sorozat","(2020- )","Zsolt Anger , Mónika Balsai , Péter Bárnai , Károly Hajduk"
"A mil kilómetros de la Navidad",-2021,"Tamar Novas , Peter Vives , Verónica Forqué Andrea Ros"
"A Million Colours",-2011,"Wandile Molebatsi , Jason Hartman , Masello Motana , Stelio Savante"
"A New York Christmas Wedding",-2020,"Chris Noth , Nia Fairweather , Chris Trousdale , Otoja Abit"
"A Night for Dying Tigers",-2010,"Jennifer Beals , Gil Bellows , John Pyper-Ferguson , Leah Gibson"
"A Note of Explanation",,
"A Perfect Crime",-2020,"Sam Booth , Günther Classen , Willi Fundermann , Rainer Hofmeyer"
"A Perfect Ending",-2012,"Barbara Niven , Bryan Mordechai Jackson , Jessica Clark , John Heard"
"A Perfect Fit",-2021,"Nadya Arina , Refal Hady , Giorgino Abraham , Laura Theux"
"A pesar de todo",-2019,"Blanca Suárez , Macarena García , Amaia Salamanca , Belén Cuesta"
"A Plastic Ocean",-2016,"David Attenborough , Sylvia Earle , Ben Fogle , Craig Leeson"
"A Prayer Before Dawn",-2017,"Joe Cole , Cherry Miko , Vithaya Pansringarm , Panya Yimmumphai"
"A Primeira Tentação de Cristo",-2019,"Gregório Duvivier , Fábio Porchat , Antonio Tabet , Evelyn Castro"
"A Scandall",-2016,"Johnny Baweja , Reeth Mazumder-Roberts , Manav Kaul , Puru Chibber"
"A Second Chance: Rivals!",-2019,"Emily Morris , Stella Shute , Adam Tuominen , Carmel Johnson"
"A Secret Love",-2020,"Terry Donahue , Pat Henschel , Diana Bolan , Kim Donahue"
"A Series of Unfortunate Events",(2017-2019),"Neil Patrick Harris , Patrick Warburton , Malina Weissman , Louis Hynes"
"A Shaun the Sheep Movie: Farmageddon",-2019,"Justin Fletcher , John Sparkes , Amalia Vitale , Kate Harbour"
"A StoryBots Christmas","(2017 TV Movie)","Judy Greer , Erin Fitzgerald , Fred Tatasciore , Jeff Gill"
"A Suitable Boy","(2020- )","Bugs Bhargava Krishna Sharvari Deshpande Jeevan Singh Rawat , Aamir Bashir , Shubham Saraf Vivek Gomber Danesh Razvi , Boloram Das Geeta Agrawal Sharma , Ishaan Khattar , Gagandev Riar , Tanya Maniktala , Mahira Kakkar , Vivaan Shah , Rasika Dugal"
"A Taiwanese Tale of Two Cities","(2018- )","Tammy Chen , Peggy Tseng , Sheng-hao Wen , Shao-Hua Lung"
"A Tale Dark & Grimm","(2021- )","Scott Adsit , Eric Bauza , Nicole Byer , Ron Funches"
"A Tale Dark and Grimm",,"Missi Pyle , Tom Hollander , Nicole Byer , Ron Funches"
"A Tale of Two Kitchens",-2019,
"A Thousand Goodnights","(2019- )","Nicholas Teo , Cindy Yu-Han Lien , Ai-Ning Yao , Chung-Lin Li"
"A Tiger in the Dark: The Decadence Saga","(2014 Video)","Tod Boulware , Chen Drachman , Patrícia Faolli , Drew Glick"
"A Time Lost",(II),
"A Toca","(2013- )","Bruno Correa , Daniel Curi , Fábiode Luca , Juliano Eopitmane"
"À tombeau ouvert",,"Jemima West , Simon Abkarian , Franck Gastambide , Michaël Abiteboul"
"A Trash Truck Christmas","(2020 TV Special)","Henry Keane , Glen Keane , Lucas Neff , Brian Baumgartner"
"A Través De Mi Ventana",,"Hugo Arbues , Eric Masip , Julio Peña , Clara Galle"
"A United Kingdom",-2016,"David Oyelowo , Rosamund Pike , Tom Felton , Jack Davenport"
"A Very Murray Christmas","(2015 TV Special)","Bill Murray , Paul Shaffer , Michael Cera , George Clooney"
"A Walk to Remember",-2002,"Mandy Moore , Shane West , Peter Coyote , Daryl Hannah"
"A Week Away",-2021,"Kevin Quinn , Bailee Madison , Jahbril Cook , Kat Conner Sterling"
"A Week in Watts",-2018,"Emada Tingirides , John Coughlin , Erik Shear , Eric Ortiz"
"A Weekend with the Family",-2016,"Marques Houston , Karrueche Tran , Wendy Raquel Robinson , Clifton Powell"
"A Wish For Christmas","(2016 TV Movie)","Lacey Chabert , Paul Greene , Andrea Brooks , Colleen Wheeler"
"A Year in Burgundy",-2013,"Martine Saunier"
"A Year in Space","(2015- )","Scott Kelly , Jeffrey Kluger , Mikhail Kornienko , Amiko Kauderer"
"A Yellow Bird",-2016,"Sivakumar Palakrishnan , Lu Huang , Seema Biswas , Udaya Soundari"
A-reu-gon,-2017,"Ju-hyuk Kim , Woo-hee Chun , Il-Joo Ji , Yoon-ho Ji"
"A.I.C.O. Incarnation",-2018,"Xanthe Huynh , Billy Kametz , Erica Mendez , Allegra Clark"
"A.N.T. Farm",(2011-2014),"China Anne Mc Clain , Sierra Mc Cormick , Jake Short , Stefanie Scott"
"Aakash Gupta Special",-2021,"Aakash Gupta"
"Aala Kaf Ifrit",-2017,"Mariam Al Ferjani , Ghanem Zrelli , Noomen Hamda , Mohamed Akkari"
"Abby Hatcher",(2018-2021),"Macy Drouin , Wyatt White , Laaibah Alvi , Leo Orgil"
"Abducted in Plain Sight",-2017,"Jan Broberg , Bob Broberg , Mary Ann Broberg , Susan Broberg"
"Abeojiga Isanghae",-2017,"Yeong-cheol Kim , Kim Hae-sook , Yu-ri Lee , Soo-young Ryu"
"Abla Fahita: Drama Queen","(2021- )","Caro , Abla Fahita , Mena Adel , Nadia Hamzeh"
"Abstract: The Art of Design","(2017- )","Platon , Cas Holman , Ian Spalter , Elisabeth Biondi"
"Absurd Planet","(2020- )","Afi Ekulona , Steven Marmalstein , Thomas Mitchell , Elliot Schiff"
Abzurdah,-2015,"Eugenia Suárez , Esteban Lamothe , Gloria Carrá Rafael Spregelburd"
"Accidentally in Love","(2018- )","Junchen Guo , Yi Ning Sun , Yiqin Zhao"
Accomplice,-2021,"Graham Agassiz , Paul Basagoitia , Garett Buehler , Paul Genovese"
"Aci Kiraz",-2020,"Erdal Besikçioglu , Ertan Saban , Belçim Bilgin , Bülent Sakrak"
Acrimony,-2018,"Taraji P.Henson , Lyriq Bent , Crystle Stewart , Jazmyn Simon"
"Acts of Violence",-2018,"Bruce Willis , Cole Hauser , Shawn Ashmore , Ashton Holmes"
"Ad Vitam",-2018,"Yvan Attal , Garance Marillier , Niels Schneider , Victor Assié"
"Ada Twist, Scientist","(2021- )",
"Adam Devine: Best Time of Our Lives","(2019 TV Special)","Adam Devine"
"Adam Sandler: 100% Fresh","(2018 TV Special)","Adam Sandler , Rob Schneider , Dan Bulla"
"Adel Karam: Live from Beirut","(2018 TV Special)","Adel Karam"
"Adios Amigos",-2016,"Lieke-Rosa Altink , Erika Cederqvist , Christelde Laat , Dominik Gadze"
"Aditi Mittal: Things They Wouldn't Let Me Say","(2017 TV Special)","Aditi Mittal"
ADN,-2020,"Fanny Ardant , Louis Garrel , Dylan Robert , Marine Vacth"
Adú,-2020,"Luis Tosar Álvaro Cervantes , Anna Castillo , Moustapha Oumarou"
"Adult Beginners",-2014,"Nick Kroll , Rose Byrne , Bobby Cannavale , Joel Mc Hale"
Advantageous,-2015,"Jacqueline Kim , James Urbaniak , Freya Adams , Ken Jeong"
"Adventure Time",(2010-2018),"John Di Maggio , Jeremy Shada , Tom Kenny , Hynden Walch"
Advokaten,"(2018- )","Alexander Karim , Malin Buska , Thomas Bo Larsen , Nicolaj Kopernikus"
Aelay,-2021,"Madhumathi , Manikandan , Samuthirakani"
Aelliseu,-2020,"Kim Hee-seon , Joo Won , Da-In Lee , Choi Wonyoung"
Aenggeurimam,-2015,"Kim Hee-seon , Kim Yoo-jeong , Hyun-Woo Ji , Ji Soo"
"Aetaneun Romaenseu",-2017,"Ji-eun Song , Sung Hoon , Jae-young Kim , Da-Sol Jeong"
Afblijven,-2006,"Sem Veeger , Matthijsvande Sande Bakhuyzen , Tommie Christiaan , Tessa Schram"
Afflicted,"(2018- )","Bekah , Jake , Pilar , Star"
Affliction,"(III) (2021)","Raihaanun Soeriaatmadja , Tutie Kirana , Ibnu Jamil , Abiyyu Barakbah"
"Afonso Padilha: Alma de Pobre","(2020 TV Special)","Afonso Padilha"
"Afro Samurai",-2007,"Samuel L.Jackson , Phil La Marr , Yuri Lowenthal , Greg Eagles"
"After Life","(2019- )","Ricky Gervais , Tom Basden , Tony Way , Diane Morgan"
"After Maria",-2019,"Glenda Martes"
"After Porn Ends",-2012,"Amber Lynn , Asia Carrera , Bobby Slayton , Crissy Moran"
"After Porn Ends 2",-2017,"Lisa Ann , Georgina Spelvin , Darren James , Ginger Lynn"
"After Porn Ends 3",-2018,"Christy Canyon , Jenteal , Tera Patrick , Priya Rai"
"After the Raid",-2019,
"After Tiller",-2013,"George Tiller , Warren Hern , Leroy Carhart , Susan Robinson"
"After Trek",(2017-2018),"Matt Mira , Sonequa Martin-Green , Aaron Harberts , Doug Jones"
"Afterlife of the Party",-2021,"Victoria Justice , Adam Garcia , Midori Francis , Spencer Sutherland"
Aftermath,"(IV) (2021)","Ashley Greene , Shawn Ashmore , Sharif Atkins , Britt Baron"
Again,,
"Against the Ice",-2021,"Nikolaj Coster-Waldau , Joe Cole , Charles Dance , Ed Speleers"
"Against the Sun",-2014,"Garret Dillahunt , Tom Felton , Jake Abel , Nadia Parra"
"Age of Samurai: Battle for Japan","(2021- )","Darren Ashmore , Michael Auslin Yohei Matsukado Hideaki Itô Hiro Kanagawa , Masayoshi Haneda , Masami Kosaka , Hayate Masao"
Agent,"(2019- )","Kay Sibiya , Sisanda Henna , Tarryn Wyngaard , Anthony Oseyemi"
"Agent King",,
"Agents of S.H.I.E.L.D.",(2013-2020),"Clark Gregg , Ming-Na Wen , Brett Dalton , Iain De Caestecker"
"Aggressive Retsuko","(2016- )",Kaolip
Aggretsuko,"(2018- )","Ben Diskin , Erica Mendez , G.K.Bowes , Katelyn Gault"
"Aguacate El Fruto Del Cielo",-2021,"Damián Alcázar , Lorenadela Torre , Alex Pimienta"
"Agustín Aristarán: Soy Rada","(2018 TV Special)","Mago Radagast"
"Ahí te Encargo",-2020,"Tato Alexander , Moisés Arizmendi , Krizia Bajos , Fernando Becerril"
"Ahiru no Sora","(2019- )","Cameron Bautsch , Greg Cote , Joe Daniels , Ned Gayle"
"Ai hui lai",(2011-2012),"June Tsai , Ray Chang , Ya-Jo Wu , Shao-Hua Lung"
"Ai-naki mori de sakebe",-2019,"Kippei Shîna , Shinnosuke Mitsushima , Kyoko Hinami , Eri Kamataki"
Ailiseu,(2009-2013),"Yeong-cheol Kim , Yun Ju-sang , Seung-woo Kim , Lee Jeong-kil"
"Ainori Love Wagon: African Journey","(2020- )","Becky , RyôKatô Karina Maruyama"
"Ainori Reboot","(2017- )",
"Ainori: Asian Journey","(2017- )","Becky , Toshiaki Kasuga , Mayuko Kawakita , Shimon Ohkura"
"AJ and the Queen",-2020,"Ru Paul , Izzy G. Michael-Leon Wooley , Josh Segarra"
"Ajeeb Daastaans",-2021,"Fatima Sana Shaikh , Jaideep Ahlawat , Nushrat Bharucha , Abhishek Banerjee"
Ajin,"(2016- )","Mamoru Miyano , Martin Billany , Johnny Yong Bosch , Lucien Dodge"
Ajji,-2017,"Sushama Deshpande , Smita Tambe , Sharvani Suryavanshi , Abhishek Banerjee"
"AK vs AK",-2020,"Anil Kapoor , Anurag Kashyap , Sonam Kapoor , Harshvardhan Kapoor"
"Akame ga Kill!",-2014,"Sôma Saitô Corey Hartzog , Sora Amamiya , Molly Searcy"
"Akbar Birbal","(2014- )","Kiku Sharda , Vishal Kotian , Delnaaz Irani , Sunil Chauhan"
Akelarre,-2020,"Amaia Aberasturi , Alex Brendemühl , Daniel Fanego , Garazi Urkola"
"Akhir Kisah Cinta Si Doel",-2020,"Rano Karno , Maudy Koesnaedi , Cornelia Agatha , Mandra"
Akjilkyungchal,-2019,"Song Boo-gun , Park Hae-joon , Philip Hersh , So-nee Jeon"
"Al Hayba","(2017- )","Taim Hasan , Nadine Nassib Njeim , Mona Wassef , Oweiss Mkhallalati"
"Al midan",-2013,"Ahmed Hassan , Khalid Abdalla , Magdy Ashour , Ramy Essam"
"Al posto suo","(2020 TV Movie)","Alessandro Tiberi , Aurora Ruffino , Andrea Bosca , Liz Solari"
"Ala Vaikunthapurramuloo",-2020,"Allu Arjun , Pooja Hegde , Tabu , Jayaram"
"Alan Saldaña: Locked Up","(2021 TV Special)","Alan Saldaña"
"Alan Saldaña: Mi vida de pobre","(2017 TV Special)","Alan Saldaña"
"Alejandra Azcárate",,"Daniel Toro , Alejandra Azcárate"
"Alejandro Riaño: Especial de stand-up","(2018 TV Special)","Alejandro Riaño"
"Aleksandr's Price",-2013,"Pau Masó Anatoli Grigoriadou , Josh Berresford , Samantha Glovin"
Alex,(2017-2019),"Dragomir Mrsic , Rakel Wärmländer , Maximilian Alonso Mrsic , Stefan Gödicke , Helena Af Sandeberg , Zahraa Aldoujaili , Abdirizak Farah Ali , Robert Andersson"
"Alex Fernández: El mejor comediante del mundo","(2020 TV Special)","Alex Fernández"
"Alex Strangelove",-2018,"Michael Abela , Brendan Archer , Joshua Barragan , Kai Wes"
"Alexa & Katie",(2018-2020),"Paris Berelc , Isabel May , Jolie Jenkins , Emery Kelly"
"Alexis Viera, una historia de superación",-2019,
Algoissjiman,"(2021- )","So-hee Han , Song Kang , Han Eu-Ddeum , Lee Ho-jung"
"Alguien tiene que morir",-2020,"Cecilia Suárez , Ernesto Alterio , Alejandro Speitzer , Isaac Hernández"
"Alhambeura Goongjeonui Chooeok",(2018-2019),"Park Shin-Hye , Hyun Bin , Jin-Woong Min , Park Hoon"
"Ali & the Queens",-2021,"Iqbaal Dhiafakhri Ramadhan , Aurora Ribero , Nirina Zubir , Tika Panggabean"
"Ali Wong: Baby Cobra","(2016 TV Special)","Ali Wong"
"Ali Wong: Hard Knock Wife","(2018 TV Special)","Ali Wong"
"Ali's Wedding",-2017,"Osamah Sami , Don Hany , Helana Sawires , Robert Rabiah"
"Alias Grace",-2017,"Sarah Gadon , Edward Holcroft , Rebecca Liddiard , Zachary Levi"
"Alice in Borderland","(2020- )","NijirôMurakami Kento Yamazaki , Tao Tsuchiya , Keita Machida , Yûki Morinaga , Shôhei Abe Tsuyoshi Abe , ShôAoyagi , Aya Asahina , Nobuaki Kaneko"
"Alice in Wonderland",,"Sabrina Carpenter"
"Alice Júnior",-2019,"Anna Celestino Mota , Emmanuel Rosset , Thaís Schier , Surya Amitrano"
"Alice Through the Looking Glass",-2016,"Mia Wasikowska , Johnny Depp , Helena Bonham Carter , Anne Hathaway"
"Alien Contact: Outer Space","(2017 Video)","J.Michael Long , Bill Mecca , Philip Gardiner , O.H.Krill"
"Alien Secrets","(2006 Video)","Brandon Scott , Spike Steingasser , Tracy Erickson , Hallie Bird"
"Alien TV","(2020- )","John Cleland , Rupert Degas , Kyle Dooley , Julie Lemieux"
"Alien Warfare",-2019,"Clayton Snyder , David B.Meadows , Daniel Washington , Scott C.Roe"
"Alien Worlds",-2020,"Sophie Okonedo , Leigh Joel Scott , Vahe Alaverdian , Stuart Armstrong"
"Alien Xmas","(2020 TV Special)","Keythe Farley , Dee Bradley Baker , Kaliayh Rhambo , Michelle Deco"
"Aliens on the Moon: The Truth Exposed","(2014 TV Movie)","Roger Leopardi , Amy Shira Teitel , Joshua P.Warren , Lee Speigel"
"Aliens: Zone of Silence",-2017,"Sarah Hester , Peter Gesswein , Jed Maheu , Vince Tula"
"Alive Inside",-2014,"Dan Cohen , Louise Dueno , Nell Hardie , Norman Hardie"
"All About The Washingtons",-2018,"Joseph Simmons , Justine Simmons , Kiana Ledé Nathan Anderson"
"All Because of You",-2020,"Hairul Azreen , Janna Nick , Amerul Affendi , Henley Hii"
"All Day and a Night",-2020,"Ashton Sanders , Jeffrey Wright , Isaiah John , Kelly Jenrette"
"All Hail King Julien",(2014-2017),"Danny Jacobs , Andy Richter , Kevin Michael Richardson , Indiade Beaufort"
"All Hail King Julien: Exiled",-2017,"Danny Jacobs , Andy Richter , Kevin Michael Richardson , Jeff Bennett"
"All Hail King Julien: Happy Birthday to You!","(2017 TV Special)",
"All in My Family",-2019,
"All on the Line","(2011- )","Joe Zee , Jeanette Arrowood , Jane Hruska , Michel Ann Lienhard-O'Malley"
"All Quiet on the Western Front",-2022,"Daniel Brühl , Albrecht Schuch , Sebastian Hülk , Devid Striesow"
"All the Bright Places",-2020,"Elle Fanning , Justice Smith , Alexandra Shipp , Kelli O'Hara"
"All the Queen's Men",-2001,"Eddie Izzard , Matt Le Blanc , Udo Kier , James Cosmo"
"All the Right Moves",,
"All Together Now",-2020,"Auli'i Cravalho , Rhenzy Feliz , Justina Machado , Judy Reyes"
"Alles is zoals het zou moeten zijn",-2020,"Barbara Sloesen , Jan Kooijman , Jellede Jong , Sanne Langelaar"
"Alles ist gut",-2018,"Aenne Schwarz , Andreas Döhler , Hans Löw , Tilo Nest"
"Alles voor elkaar",-2017,"Maryam Hassouni , Esméevan Kampen , Yootha Wong-Loi-Sing , Sarah Chronis"
Alma,"(2021- )","Mireia Oriol Álex Villazán , Pol Monen , Claudia Roset"
"Alma Matters - Inside the IIT Dream",-2021,"Shubham Agarwal , Kevin Banker , Lokesh Deshmukh , Mukul Sankule"
"Along Came Jones",-1945,"Gary Cooper , Loretta Young , William Demarest , Dan Duryea"
"Along for the Ride",(II),"Dermot Mulroney , Kate Bosworth , Andie Mac Dowell , Genevieve Hannelius"
"Alors, heureux?","(2006 TV Movie)","Muriel Baccigalupo , Pierre Desvaux , Georges Marbeck , Sylvain Mimoun"
Alphablocks,(2010-2016),"Teresa Gallagher , David Holt"
"AlRawabi School for Girls",-2021,"..Abood Abu Jaafar.Faris Al Bahri.Sameera Asir Salsabiela A. Joanna Arida , Yara Mustafa , Rakeen Saad"
"Als de dijken breken",-2016,"Gijs Scholtenvan Aschat , Janni Goslinga , Simone Milsdochter , Serin Utlu"
"Alt Love Building",-2014,"Dorian Boguta , Dragos Bucur , Elisa Calin , Emil Ciuchi"
"Alta mar",(2019-2020),"Ivana Baquero , Jon Kortajarena , Alejandra Onieva , Eloy Azorín"
"Alter Me",-2020,"Enchong Dee , Jasmine Curtis-Smith , JCSantos , Via Antonio"
"Altered Carbon",(2018-2020),"Chris Conner , Renée Elise Goldsberry , Dichen Lachman , Will Yun Lee"
"Altered Carbon: Resleeved",-2020,"Ray Chase , Doug Stone , Kaiji Tang , Chris Conner"
Aluna,-2012,"Mama Manuel Coronado , Alan Ereira , Francisca Zarabata , Mama Shibulata Zarabata"
"Alvin and the Chipmunks: The Squeakquel",-2009,"Jason Lee , Zachary Levi , David Cross , Justin Long"
"Alvinnn!!! And the Chipmunks","(2015- )","Ross Bagdasarian Jr. Janice Karman , Vanessa Bagdasarian , Bettina Kenney"
"Always Be My Maybe",-2019,"Ali Wong , Randall Park , James Saito , Michelle Buteau"
"Aman Ya Sahbi",-2017,"Saad El Soghayar , Mahmood El-Laithi , Nermin Maher , Sofinar"
"Amanda Knox",-2016,"Amanda Knox , Meredith Kercher , Raffaele Sollecito , Giuliano Mignini"
Amar,-2017,"María Pedraza , Pol Monen , Natalia Tena , Greta Fernández"
"Amar y Vivir","(2020- )","Ana María Estupiñán , Carlos Torres , Yuri Vargas , Jim Muñoz"
Amateur,-2018,"Michael Rainey Jr. Tekola Cornetet , Hanna Longo , Walter Anaruk"
"Amazing Hotels: Life Beyond the Lobby","(2017- )","Giles Coren , Monica Galetti"
"Amazing Interiors","(2018- )","Wesley Cannon , Nicholas Laschkewitsch , Will Pemble , John Teall"
"Amazing On The Inside",,
"Amend: The Fight for America","(I) (2021)","Will Smith , Bryan Stevenson , Larry Wilmore , Samira Wiley"
"Amend: The Fight for America","(II) (2021)","Will Smith"
"America: The Motion Picture",-2021,"Channing Tatum , Jason Mantzoukas , Olivia Munn , Bobby Moynihan"
"American Crime Story","(2016- )","Sarah Paulson , Annaleigh Ashford , Sterling K.Brown , Kenneth Choi"
"American Experience","(1988- )","David Mc Cullough , Robert Dawidoff , Thad Tate , Paul Longmore , Thalia Massie , Thomas Massie , Grace Hubbard Fortescue , Kanalu Young"
"American Factory",-2019,"Junming'Jimmy'Wang , Robert Allen , Sherrod Brown , Dave Burrows"
"American Factory: A Conversation with the Obamas",-2019,"Steven Bognar , Barack Obama , Michelle Obama , Julia Reichert"
"American Horror Story","(2011- )","Lady Gaga , Kathy Bates , Angela Bassett , Sarah Paulson"
"American Jesus",,
"American Masters","(1985- )","Tony Bennett , Anthony Hopkins , Christina Aguilera , Alec Baldwin"
"American Murder: The Family Next Door",-2020,"Nickole Atkinson , Jim Benemann , Luke Epple , Mark Jamieson"
"American Psycho",-2000,"Christian Bale , Justin Theroux , Josh Lucas , Bill Sage"
"American Son",-2019,"Kerry Washington , Steven Pasquale , Jeremy Jordan , Eugene Lee"
"American Vandal",(2017-2018),"Tyler Alvarez , Griffin Gluck , Jimmy Tatro , Travis Tope"
"American Violence",-2017,"Kaiwi Lyman , Bruce Dern , Denise Richards , Columbus Short"
"Amit Tandon: Family Tandoncies","(2019 TV Special)","Amit Tandon"
Amnesty,(II),
Amo,"(2017- )","Rhea Jai Fernandez , Vince Rillon , Felix Roco , Allen Dizon"
Amok,"(I) (2014)","Tilo Nest , Charly Hübner , Heike Hanold-Lynch , Andreas Lechner"
"Amor con fianza","(2021- )","Mónica Naranjo"
"Amor de madre",-2022,"Quim Gutiérrez , Andrés Velencoso , Carmen Machi , Jorge Suquet"
"Amy Schumer: Growing","(2019 TV Special)","Amy Schumer"
"Amy Schumer: The Leather Special","(2017 TV Special)","Amy Schumer , Kim Caramele"
"An Act of War",-2015,"Russ Russo , Natasha Alam , Doug E.Doug , Joseph R.Gannascoli"
"An Affair to Die For",-2019,"Claire Forlani , Amy Dincuff , Nathan Cooper , Titus Welliver"
"An Afternoon with SCTV","(TV Special)","Catherine O'Hara , Rick Moranis , Eugene Levy , Martin Short"
"An Astrological Guide for Broken Hearts",,"Lorenzo Adorni , Claudia Gusmano , Alica Massi , Michele Rosiello"
"An Interview with God",-2018,"David Strathairn , Brenton Thwaites , Yael Grobglas , Charlbi Dean"
"An lian: Ju sheng huai nan",-2019,"Yanmanzi Zhu , Shunran Zhao , Yu Shen , Yichi Zhang"
"Anatomy of a Love Seen",-2014,"Sharon Hinnendael , Jill Evyn , Constance Brenneman , Marina Rice Bader"
"Anatomy of a Scandal",,"Ian Harrod Violet Verigo , Ray Burnet , Jonathan Coy , Riyonn Farsad , Josette Simon , Ralph Davis , Michelle Dockery , Rupert Fawcett , Rupert Friend"
Anazâ,-2012,"Atsushi Abe , Natsumi Takamori , Tomoaki Maeno , Greg Ayres"
"Ancient Extraterrestrials: Aliens and UFOs Before the Dawn of Time","(2012 Video)","Pat Marcattilio , Zecharia Sitchin"
"And the Oscar Goes To...","(2014 TV Movie)","Anjelica Huston , Billy Crystal , Tom Hanks , Cher"
"Andes Mágicos","(2019- )",
"Andið eðlilega",-2018,"KristínÞóra Haraldsdóttir , Babetida Sadjo , Patrik Nökkvi Pétursson Þorsteinn Bachmann"
"André & His Olive Tree",-2020,"Andre Chiang"
Andropoz,,"Yuliia Sobol , Gülçin Santircioglu , Engin Günaydin , Tamer Karadagli"
"Anelka: Misunderstood",-2020,"Roman Abramovich , Fabrice Abriel , Samir Amireche , Barbara Anelka"
"Aneun Waipeu",-2018,"Seong Ji , Han Ji-min , Seung-jo Jang , Kang Han-na"
"Ang probinsyano","(2015- )","Coco Martin , Jaime Fabregas , Susan Roces , Malou Crisologo"
"Angel 'n' Devil",(2014-2015),"Lucia Chen , Teddy Chen , Cosmos Lin , Yu-Fei Wen"
"Angela's Christmas",-2017,"Malachy Mc Court , Ruth Negga , Vivian Drew , Anya O'Connor"
"Angela's Christmas Wish",-2020,"Anya O'Connor , Ruth Negga , Moe Dunford , Lucy O'Connell"
"Angkeumhan Dolshingnyeo","(2014- )","Lee Min-Jung , Sang-uk Joo , Gyu-ri Kim , Seo Kang-Joon"
"Angry Birds Blues",-2017,
"Angry Birds Stella",(2014-2016),"HeljäHeikkinen , Saara Lehtonen , Rinna Paatso , Annituuli Kasurinen"
"Angry Birds Toons",(2013-2018)," Antti Pääkkönen , HeljäHeikkinen , Lynne Guaglione"
"Angry Birds: Summer Madness",,
"Angry Indian Goddesses",-2015,"Sarah Jane Dias , Rajshri Deshpande , Sandhya Mridul , Amy Maghera"
Anima,"(I) (2019)","Thom Yorke , Dajana Roncione , Frida Dam Seidel , Joseba Yerro Izaguirre"
"Animal Crackers",-2017,"Emily Blunt , Danny De Vito , John Krasinski , Ian Mc Kellen"
"Animal Farm",,
"Animal Kingdom","(2016- )","Shawn Hatosy , Ben Robson , Jake Weary , Finn Cole"
"Animales sin collar",-2018,"Nataliade Molina , Daniel Grao , Natalia Mateo , Ignacio Mateos"
"Animals on the Loose: A You vs. Wild Movie","(2021 TV Movie)","Bear Grylls"
Ánimas,-2018,"Ángela Molina , Chacha Huang , Luis Bermejo , Liz Lobato"
"Anitta: Made in Honório","(2020- )","Anitta , Arielle Macedo , David Brazil , Felipe Britto"
"Anjaan: Special Crimes Unit","(2018- )","Shahab Khan , Abhijit Sinha , Gashmeer Mahajani , Heena Parmar"
"Anjelah Johnson: Not Fancy","(2015 TV Special)","Anjelah Johnson-Reyes"
"Anna Karenina",(III),"Yuliya Aleksandrova , Fedor Bondarchuk , Yuriy Borisov , Tatyana Dogileva"
Annarasumanara,,"Ji Chang-Wook , Nam Da-reum , Hwang In-Yeop , Sung-eun Choi"
Anne,(2017-2019),".... Cara Ricketts .. Dalila Bela .. Dalmar Abuzeid , Amybeth Mc Nulty , Geraldine James , R.H.Thomson , Lucas Jade Zumann"
Annihilation,-2018,"Natalie Portman , Jennifer Jason Leigh , Tessa Thompson , Benedict Wong"
"Annyeong? Naya!","(2021- )","Kang-hee Choi , Kim Young-kwang , Re Lee , Eum Moon Suk"
Anon,"(I) (2018)","Clive Owen , Afiya Bennett , Morgan Allen , Jeffrey Men"
"Another Life","(2019- )","Katee Sackhoff , Jay RTinaco , Elizabeth Faith Ludlow , Blu Hunt"
"Another Self",,"Serkan Altunorak , Seda Bakan , Murat Boz , Tuba Büyüküstün"
"Answer for Heaven","(2019- )",
"Anthony Jeselnik: Fire in the Maternity Ward","(2019 TV Special)","Anthony Jeselnik"
"Anthony Jeselnik: Thoughts and Prayers","(2015 Video)","Anthony Jeselnik , Peggy"
"Anthony Joshua: The Road to Klitschko","(2017 TV Movie)","Noel Clarke , Anthony Joshua"
"Antiracist Baby",,
"Antoine Griezmann: The Making of a Legend","(2019 TV Movie)",
"Antologi Rasa",-2019,"Herjunot Ali , Carissa Perusset , Refal Hady , Atikah Suhaime"
"Anxious People",,"Dan Ekborg , Carla Sehn , Petrina Solange , Alfred Svensson"
"Any Day Now","(I) (2012)","Alan Cumming , Garret Dillahunt , Isaac Leyva , Frances Fisher"
Anytown,-2009,"Matt O'Leary , Marshall Allman , Jonathan Halyalkar , Sam Murphy"
"Ao no ekusoshisuto: Kuro no iede","(2011 Video)","Nobuhiko Okamoto , Jun Fukuyama , Keiji Fujiwara , Kana Hanazawa"
"Apache: La vida de Carlos Tevez",-2019,"Balthazar Murillo , Vanesa González , Alberto Ajaka , Sofía Gala Castiglione"
Apan,-2009,"Olle Sarri , Eva Rexed , Françoise Joyce , Sean Pietrulewicz"
"Apenas o Fim",-2008,"Gregório Duvivier Érika Mader , Marcelo Adnet , Nathalia Dill"
Apenstreken,-2015,"Tygo Bussemakers , Lars Henckens , Loek Peters , Mees Smits"
"Apollo 10 1/2: A Space Age Adventure",-2022,"Zachary Levi , Jack Black , Glen Powell , Josh Wiggins"
Apostle,-2018,"Dan Stevens , Richard Elfyn , Paul Higgins , Bill Milner"
"Aram, Aram",-2015,"John Roohinian , Levon Sharafyan , Sevak Hakoyan , David Villada"
"Arango y Sanint: Ríase el show","(2018 TV Special)","Julián Arango , Antonio Sanint"
Arangsaddojeon,-2012,"Shin Min-a , Lee Joon-Gi , Woo-jin Yeon , Jeong-su Han"
Aranyak,,"Saurav Khurana , Parambrata Chattopadhyay , Zakir Hussain , Ashutosh Rana"
"Arashi's Diary: Voyage",-2019,Arashi
Arbitrage,-2012,"Richard Gere , Susan Sarandon , Brit Marling , Tim Roth"
Arcane,"(2021- )",
Archer,"(2009- )","H.Jon Benjamin , Judy Greer , Amber Nash , Chris Parnell"
"Archibald's Next Big Thing",(2019-2020),"Tony Hale , Rosamund Pike , Kari Wahlgren , Chelsea Kane"
"Archive 81",,"Ariana Neal , Mamoudou Athie , Julia Chan Evan Jonigkeit , Dina Shihabi , Matt Mc Gorry , Martin Donovan"
"Are You the One?","(2014- )","Ryan Devlin , Terrence Jenkins , Lewis Belt , Tomas Buenos"
Ares,-2020,"Jade Olieberg , Tobias Kersloot , Lisa Smit , Frieda Barnhard"
"Året der gik","(2020 TV Special)","Stéphanie Surrugue , Kåre Hjøllund Quist , Søren Brostrøm , Mette Frederiksen"
"Areumdaun Sesang","(2019- )","Hee-soon Park , Ja-Hyeon Chu , Oh Man-seok , Yeo-jeong Cho"
"Ari Shaffir: Double Negative","(2016 TV Special)","Ari Shaffir"
"Ariana Grande: Excuse Me, I Love You",-2020,"Ariana Grande , Rim Taya Shawki"
"Arifureta Shokugyou de Sekai Saikyou","(2019- )","Tia Lynn Ballard , Matt Shipman , Ama Lee , Patrick Seitz"
"Arlo the Alligator Boy","(2021 TV Movie)","Michael J.Woodard , Ryan Crego , Dee Bradley Baker , Annie Potts"
"Armed Girl's Machiavellism",-2017,"Maggie Flecknoe , Scott Gibbs , Andrew Love , Shanae'a Moore"
"Army of the Dead",-2021,"Dave Bautista , Ella Purnell , Anadela Reguera , Omari Hardwick"
"Army of the Dead: Lost Vegas","(2022- )","Tig Notaro , Yetide Badaki , Monica Barbaro , Ross Butler"
"Army of Thieves",-2021,"Matthias Schweighöfer , Nathalie Emmanuel , Ruby O.Fee , Stuart Martin"
ARQ,-2016,"Robbie Amell , Rachael Taylor , Shaun Benson , Gray Powell"
"Arranged Marriage",(III),
"Arrested Development",(2003-2019),"Jason Bateman , Michael Cera , Portiade Rossi , Will Arnett"
Arrival,"(II) (2016)","Amy Adams , Jeremy Renner , Forest Whitaker , Michael Stuhlbarg"
Arrow,(2012-2020),"Stephen Amell , Katie Cassidy , David Ramsey , Susanna Thompson"
"Arsenio Hall: Smart and Classy","(2019 TV Special)","Arsenio Hall"
"Art of Flight: The Series","(2012- )","Mark Landvik , Curt Morgan , Travis Rice , Scotty Lago"
"Art of the Game: Ukiyo-e Heroes",-2017,
"Article 15",-2019,"Ayushmann Khurrana , Nassar , Manoj Pahwa , Kumud Mishra"
Artifact,-2012,"Jared Leto , Shannon Leto , Tomo Milicevic , Irving Azoff"
"Aruna & Her Palate",-2018,"Dian Sastrowardoyo , Nicholas Saputra , Hannah Al Rashid , Oka Antara"
"As We Sleep",-2002,
Ascension,-2014,"Tricia Helfer , Gil Bellows , Brian Van Holt , Andrea Roth"
"Aseudal Yeondaegi","(2019- )","- - - - - - Eui-sung Kim , Park Hyoung-soo , Song Joong-ki , Kim Ji-Won , Jang Dong-Gun , Kim Ok-bin"
"Ash vs Evil Dead",(2015-2018),"Bruce Campbell , Ray Santiago , Dana De Lorenzo , Lucy Lawless"
Ashby,-2015,"Mickey Rourke , Nat Wolff , Emma Roberts , Sarah Silverman"
"Ashes of Love",-2018,"Yuqi Chen , Allen Deng , Zhonghua He , Liao Jingfeng"
"Ashley Garcia: Genius in Love","(2020 TV Special)","Jencarlos Canela , Paulina Chávez , Reed Horstmann , Conor Husting"
"Ashley Madison: Sex, Lies & Cyber Attacks","(2016 TV Movie)","Rebecca Humphries , Noel Biderman , Louise Van Der Velde , Christopher Russell"
"Ask 101","(2020- )","Kubilay Aka , Mert Yazicioglu , Alina Boz , Selahattin Pasali"
"Ask Taktikleri",,"DemetÖzdemir , Sukru Ozyildiz , Dogukan Polat Özgür Ozan"
"Ask the Doctor","(2017- )","Sandro Demaio , Shalin Naik , Renee Lim , Caroline West"
"Ask the StoryBots",(2016-2019),"Judy Greer , Erin Fitzgerald , Fred Tatasciore , Jeff Gill"
"Ask-i Memnu",(2008-2010),"Beren Saat , KivançTatlitug , NebahatÇehre , Hazal Kaya"
"Asktan Kaçilmaz","(2014- )","Berk Oktay , Pelin Akil Çagdas OnurÖztürk , Ceren Hindistan"
"Asobi Asobase","(2018- )","Hina Kino , Rika Nagae , Konomi Kohara , Maki Izawa"
"Asperger's Are Us",-2016,"Noah Britton , Ethan Finlan , Jack Hanke , New Michael Ingemi"
"Assassin's Creed",,
"Assassinio sul Tevere",-1979,"Tomas Milian , Marina Ripadi Meana , Roberta Manfredi , Alberto Farnese"
Astérix,,
Astérix,-2023,
"Astronomy Club",-2019," Caroline Martin James III Terrance Kendrick Katierose Donohue Enriquez , Jon Gabrus , Jonny Berryman Jake Elitzer , Olga Bezrukova , Jonathan Braylock , Ray Cordova , Kelli Erdmann"
"Asukô mâchi: Asuka kôgyô kôkô monogatari","(2011- )","Emi Takei , Tôri Matsuzaka , Kento Kaku , Takuya Ishida"
"At the Dolphin Bay",-2003,"Angela Shao-Han Chang , Joyce Chao , Jill Hsu , Ambrose Hui"
"Atari: Game Over",-2014,"Zak Penn , Joe Lewandowski , Robert Rentschler , Paul Sanchez"
"Ataúd Blanco: El Juego Diabólico",-2016,"Julieta Cardinali , Eleonora Wexler , Rafael Ferro , Damián Dreizik"
Atelier,-2015,"Mao Daichi , Mirei Kiritani , Mayuko Kawakita , Ken Kaito"
Aterrados,-2017,"Maximiliano Ghione , Norberto Gonzalo , Elvira Onetto , George L.Lewis"
"Athlete A",-2020,"Maggie Nichols , Gina Nichols , John Nichols , Steve Berta"
Atlantique,-2019,"Mame Bineta Sane , Amadou Mbow , Traore , Nicole Sougou"
"Atomic Blonde",-2017,"Charlize Theron , James Mc Avoy , John Goodman , Eddie Marsan"
Atone,-2019,"Robert Rusler , Columbus Short , Scott Elrod , Stephen Farrelly"
"Att angöra en brygga",-1965,"Monica Zetterlund , Lars Ekborg , Birgitta Andersson , Gösta Ekman"
"Att döda ett barn",-1953,"Gunnar Sjöberg , Marie-Anne Condé Karl-Erik Forsgårdh , Sissi Kaiser"
Atypical,(2017-2021),"Jennifer Jason Leigh , Keir Gilchrist , Brigette Lundy-Paine , Michael Rapaport"
"Au service de la France",(2015-2018),"Hugo Becker , Wilfred Benaïche , Christophe Kourotchkine , Karim Barras"
Audible,-2021,"Amaree Mc Kenstry-Hall"
"Audrie & Daisy",-2016,"Robin Bourland , Daisy Coleman , Charles Coleman , Melinda Coleman"
"Auntie Claus",,
"Aunty Donna's Big Ol' House of Fun","(2020- )","Mark Samual Bonanno , Broden Kelly , Zachary Ruane , Scott Aukerman"
Aurora,"(IV) (2018)","Anne Curtis , Phoebe Villamor , Mercedes Cabral , Allan Paule"
"Autistic Driving School",-2010,
Autohead,-2016,"Adamya , Sunny Banerjee , Ronjini Chakraborty , Jhanvi Dwivedi"
Autumn,"(I) (2009)","Dexter Fletcher , Dickon Tolson , Lana Kamenov , Anton Brejak"
"Ava's Possessions",-2015,"Louisa Krause , Whitney Able , Deborah Rush , William Sadler"
"Avatar: The Last Airbender",,
"Avatar: The Last Airbender",(2005-2008)," Grey Griffin , Mako , Gary Anthony Sturgis Mae Whitman , Jack De Sena Zach Tyler , Michaela Jill Murphy , Dante Basco , Dee Bradley Baker"
Avengement,"(I) (2019)","Scott Adkins , Craig Fairbrass , Thomas Turgoose , Nick Moran"
"Avicii: True Stories",-2017,"Salem Al Fakir , Avicii , Johan Bjerkelund , Aloe Blacc"
Avlu,"(2018- )","Demet Evgar , Ceren Moray , Nursel Köse Çagdas OnurÖztürk"
Awake,"(III) (2021)","Gina Rodriguez , Ariana Greenblatt , Lucius Hoyos , Shamier Anderson"
"Awake: The Million Dollar Game","(2019- )","James Davis , Russell Rope , Ikechukwu Mbagwu , Hayley Seat"
Away,-2020,"Hilary Swank , Josh Charles , Vivian Wu , Mark Ivanir"
Away,"(I) (2016)","Timothy Spall , Juno Temple , Hayley Squires , Matt Ryan"
"Axis Mundi","(2022- )",
Axone,-2019,"Sayani Gupta , Lin Laishram , Jimpa Bhutia , Tenzing Dalha"
"Ayotzinapa, El paso de la Tortuga",-2018,"Ángela Buitrago , Don Bernardo Campos , Caseta , Coyuco"
Azali,-2018,"Asana Alhassan , Akofa Edjeani Asiedu , Adjetey Anang , Peter Ritchie"
"Aziz Ansari Live in Madison Square Garden","(2015 TV Special)","Aziz Ansari , Patrick Cotnoir"
"Aziz Ansari: Buried Alive","(2013 TV Special)","Aziz Ansari"
"Aziz Ansari: Right Now","(2019 TV Special)","Aziz Ansari"
Azizler,-2021,"Engin Günaydin , Haluk Bilginer , Binnur Kaya Öner Erkan"
"B: The Beginning","(2018- )","Hiroaki Hirata , Hiroki Touchi , Asami Seto , Johnny Yong Bosch"
"Baahubali: Before the Beginning",," Snigdha Akolkar , Bijay Anand , Mrunal Thakur , Malyaban Lahiri"
Babies,"(2020- )","Pascal Wallisch"
"Babies Behind Bars","(2011 TV Movie)","Lesley Sharp , Bobi Brush , Mary Bullock , Patty Camp"
Baby,(2018-2020)," Brando Pacitto , Benedetta Porcaroli , Alice Pagani , Riccardo Mandolini , Chabeli Sastre"
"Baby Ballroom","(2017- )","Kim Hillyard , Jane Bullock , Warren Bullock , Kristina Rihanoff"
"Baby Driver",-2017,"Ansel Elgort , Jon Bernthal , Jon Hamm , Eiza González"
"Baby Reindeer",,"Richard Gadd"
Babylon,-2014,"Brit Marling , Bertie Carvel , Paterson Joseph , Daniel Kaluuya"
"BAC Nord",-2020,"Gilles Lellouche , François Civil , Karim Leklou , Adèle Exarchopoulos"
"Back Street Girls",-2018,"Hikaru Akao , Christine Marie Cabanos , D.C.Douglas , Richard Epcar"
"Back to the Outback",-2021,"Guy Pearce , Isla Fisher , Eric Bana , Wayne Knight"
"Back With the Ex","(2018- )",
Backfire,"(II) (2017)","Black Deniro , Jowharah Jones , Byron Squally Vinson , Dominic Costa"
Backlash,-1956,"Richard Widmark , Donna Reed , William Campbell , John Mc Intire"
Backstabbed,"(2016 TV Movie)","Josie Davis , Brittany Underwood , Micah Alberti , Kevin Spirtas"
"Bad Blood","(2017- )","Kim Coates , Louis Ferreira , Sharon Taylor , Melanie Scrofano"
"Bad Blood","(II) (2015)","Taylor Cole , Billy Miller , Brett Rickaby , Jeff Kober"
"Bad Boy","(I) (2020)","Antoni Królikowski , Maciej Stuhr , Katarzyna Zawadzka , Andrzej Grabowski"
"Bad Boy Billionaires: India","(2020- )","Aayush Ailawadi"
"Bad Day for the Cut",-2017,"Nigel O'Neill , Susan Lynch , Józef Pawlowski , Stuart Graham"
"Bad Investigate",-2018,"Francisco Menezes , Luis Ismael , Enrique Arce , Ericda Silva"
"Bad Papa","(2018- )","Lee Da-wit , Jang Hyuk , Kim Jaekyung , Man-sik Jeong"
"Bad Samaritans",-2013,"Brian Kubach , Julianna Guill , Alice Hunter , Robert La Sardo"
"Bad Trip",-2021,"Eric André Michaela Conlin , Lil Rel Howery , Tiffany Haddish"
Badla,-2019,"Amitabh Bachchan , Taapsee Pannu , Amrita Singh , Antonio Aakeel"
Baegabondeu,-2019,"Lee Seung-gi , Bae Suzy , Jung-hee Moon , Yun-shik Baek"
"Baekilui Nanggoonnim",-2018,"Kyung-soo Do , Nam Ji-Hyun , Jo Sung-ha , Jo Han-chul"
Baggage,"(I) (2008)","Barry Bostwick , Cheryl Ladd , Julia Sobaski , Stephen Polk"
Baires,-2015,"Germán Palacios , Benjamín Vicuña , Sabrina Garciarena , Carlos Belloso"
"Bajo la piel de lobo",-2017,"Mario Casas , Irene Escolar , Ruth Díaz , Kandido Uranga"
Bajocero,-2021,"Javier Gutiérrez , Karra Elejalde , Luis Callejo , Andrés Gertrúdix"
"Bake Squad","(2021- )","Christina Tosi"
Baki,(2018-2020),"Tôru Furuya Nobunaga Shimazaki Christopher Swindle Michael Sorich Kirk Thornton Kaiji Tang Kyle Mc Carley , James Mathis III Troy Baker , Ogie Banks Xander Mobus , Chris Hackney , Greg Chun , Darin De Paul"
"Bakugan: Battle Planet","(2018- )","Jonah Wineberg , Ticoon Kim , Julius Cho , Margarita Valderrama"
Bala,-2019,"Ayushmann Khurrana , Bhumi Pednekar , Yami Gautam , Saurabh Shukla"
"Ball and Chain",,"Emily Blunt , Dwayne Johnson"
"Balle perdue",-2020,"Alban Lenoir , Nicolas Duvauchelle , Ramzy Bedia , Stéfi Celma"
"Bameul geotneun seonbi",-2015,"Lee Joon-Gi , Tae-Hwan Choi , Jang Hie-jin , Chang-min Shim"
"Ban-deu-si jab-neun-da",-2017,"Yun-shik Baek , Dong-il Sung , Ho-jin Chun , Hye-In Kim"
"Banana Split",-2018,"Hannah Marks , Liana Liberato , Dylan Sprouse , Luke Spencer Roberts"
Bangistan,-2015,"Jacqueline Fernandez , Michalina Olszanska , Riteish Deshmukh , Rajesh Sharma"
"Bangkok Breaking","(2021- )"," Sahajak Boonthanakit , Suda Chuenban , Daweerit Chullasapya , Pavarit Mongkolpisit"
"Bangkok Buddies",-2019,"Few Vayu Kessuvit , Ekapol Deebunmee , Max Nuttapong Boonyuen , Parm Thanadol Auepong"
"Bangkok Love Stories: Hey You","(2018- )","Patharamanop Isariy , Kacha Nontanan Anchuleepradit , Wanida Termthanaporn , Meiko Chonnikan Netjui"
"Bangkok Love Stories: Innocence",(2018-2019),"Narupornkamol Chaisang , Tosatid Darnkhuntod , Max Nattapol Diloknawarit , Pattaratida Patcharaveerapong"
"Bangkok Love Stories: Objects of Affection","(2019- )","Kanokchat Manyaton , Apinya Sakuljaroensuk"
"Bangkok Love Stories: Plead","(2019- )","Chanon Santinatornkul , Sutatta Udomsilp , Morakot Liu , Varot Makaduangkeo"
"Bank el-Hazz",-2017,"Husain Abu-Haggag , Husam Dagher , Laila Ezz El Arab , Sarah El-Amir"
"Bankier van het verzet",-2018,"Jacob Derwig , Barry Atsma , Fockeline Ouwerkerk , Pierre Bokma"
Banlieusards,-2019,"Kery James , Jammeh Diangana , Bakary Diombera , ChloéJouannet"
"Bap Jal Sajuneun Yeppeun Nuna",-2018,"Son Ye-jin , Jung Hae-In , Joo Min-Kyung , Kim Chang-wan"
"Barami Boonda","(2019- )","Woo-seong Kam , Ha-neul Kim , Ahn Dong-Goo , Kim Ga-eun"
"Barangay 143","(2018- )","Migo Adecer , Julie Anne San Jose , Ruru Madrid , John Arcilla"
Barbarians,"(2020- )"," Bernhard Schütz Nickivon Tempelhoff , Laurence Rupp , Jeanne Goursaud , David Schütter , Ronald Zehrfeld"
"Barbie & Chelsea the Lost Birthday","(2021 Video)","Laila Berzins , Nakia Burrise , Greg Chun , Jacob Craner"
"Barbie Dreamhouse Adventures","(2018- )","America Young , Cassidy Naber , Kirsten Day , Cassandra Lee Morris"
"Barbie Princess Adventure",-2020,"Ogie Banks , Eamon Brennan , Nakia Burrise , Greg Chun"
"Barbie: Big City, Big Dreams","(2021 TV Movie)",
"Barbie: Dolphin Magic","(2017 Video)","Erica Lindbeck , Shannon Chan-Kent , Kazumi Evans , Claire Margaret Corlett"
"Barbie: Happy Birthday to You!","(2017 TV Special)","Ritesh Rajan , America Young"
"Barbie: Life in the Dreamhouse","(2012- )","Kate Higgins , Sean Hankinson , Haviland Stillwell , Paula Rhodes"
"Barbra: The Music... The Mem'ries... The Magic!","(2017 TV Special)","Barbra Streisand , Stephanie'Stevvi'Alexander , Alec Baldwin , James Brolin"
"Bard of Blood","(2019- )","Emraan Hashmi , Sobhita Dhulipala , Jaideep Ahlawat , Shishir Sharma"
Bardo,,
Barry,"(II) (2016)","Devon Terrell , Anya Taylor-Joy , Jason Mitchell , Ellar Coltrane"
Bartita,-2012,"Kinda Alloush , Ahmed El-Saadany , Dina Fuad , Ahmed Safwat"
Bartkowiak,-2021,"Józef Pawlowski , Zofia Domalik , Szymon Bobrowski , Bartlomiej Topa"
Baruca,,"Alberto Ammann , Luis Callejo , Roman Rymar , Daniel Albaladejo"
"Basilisk: Ouka Ninpouchou",-2018,"Amber Lee Connors , Ricco Fajardo , Jill Harris , Madeleine Morris"
"Basketball or Nothing","(2019- )",
"Bates Motel",(2013-2017),"Vera Farmiga , Freddie Highmore , Max Thieriot , Nicola Peltz"
"Batman v Superman: Dawn of Justice",-2016,"Ben Affleck , Henry Cavill , Amy Adams , Jesse Eisenberg"
"Batman: The Movie",-1966,"Adam West , Burt Ward , Lee Meriwether , Cesar Romero"
Battle,"(I) (2018)","Lisa Teige , Fabian Svegaard Tapia , Vebjørn Enger , Stig R.Amdam"
"Battle Kitty","(2022- )",
"Battle of Britain",-1969,"Michael Caine , Trevor Howard , Harry Andrews , Curd Jürgens"
"Battle of the Hearts",-2020,"Prasakthi Allagoo , Varman Chandramohan , Soundrarajan J. Puravalan Narayanasamy"
"Battle: Freestyle",-2021,"Lisa Teige , Christine Grace Szarko , Fabian Svegaard Tapia , Bao Andre Nguyen"
Battlefish,"(2018- )","Justin Bradbury , William Harper , Bill Rehmke , Karl Travenshek"
Bayoneta,-2018,"Rodrigo Marquez-Tizano , Luis Gerardo Méndez , Brontis Jodorowsky , Raúl Villegas"
Baywatch,-2017,"Dwayne Johnson , Zac Efron , Alexandra Daddario , Priyanka Chopra Jonas"
"Be Here Now",-2015,"Jai Courtney , Andy Whitfield , Indigo Whitfield , Jesse Whitfield"
Beastars,"(2019- )","Daman Mills , Lara Jill Miller , Chikahiro Kobayashi , Jonah Scott , Sakura Andô Brian Beacock"
"Beasts of No Nation",-2015,"Abraham Attah , Emmanuel Affadzi , Ricky Adelayitor , Andrew Adote"
"Beat Bugs",(2016-2018),"Charles Demers , Rebecca Husain , Lili Beaudoin , Ashleigh Ball"
"Beat Bugs: Happy Birthday to You!","(2017 TV Special)",
Beats,"(I) (2019)","Khalil Everage , Evan J.Simpson , Ashley Jackson , Ahmad Nicholas Ferguson"
"Beautiful Sunday",-2007,"Lee Gi-yeong , Oh Jeong-Se , Min Ji-Hye , Dong-hwa Kim"
Beauty,-2021,"Sharon Stone , Giancarlo Esposito , Joey Bada$$ Niecy Nash"
"Beauty and the Beast",-1991,"Paige O'Hara , Robby Benson , Jesse Corti , Rex Everhart"
"Beauty and the Beast","(I) (2017)","Emma Watson , Dan Stevens , Luke Evans , Josh Gad"
Beckett,-2021,"John David Washington , Alicia Vikander , Boyd Holbrook , Vicky Krieps"
Becoming,"(II) (2020)","Elizabeth Alexander , Adrian K.Collins , Valerie Jarrett , Gayle King"
"Becoming Champions","(2018- )",
"Bed & Breakfast: Love is a Happy Accident",-2010,"Dean Cain , Juliana Paes , Bill Engvall , Julian Stone"
"Bee & Puppycat: Lazy in Space","(2013- )","Allyn Rachel"
"Bee and PuppyCat","(2013- )","Kent Osborne , Alexander James Rodriguez Tommy Wiseau Josh Clark Frank Jav Cee , Ashly Burch , Terri Hawkes , Jack Pendarvis , Allyn Rachel"
Beef,,"Steven Yeun , Ali Wong"
"Been So Long",-2018,"Michaela Coel , Mya Lewis , ArinzéKene , George Mac Kay"
"Before I Wake",-2016,"Kate Bosworth , Oleksandr Reshetilov , Thomas Jane , Jacob Tremblay"
"Begin Again","(II) (2013)","Keira Knightley , Mark Ruffalo , Adam Levine , Hailee Steinfeld"
"Behind Her Eyes",-2021,"Simona Brown , Eve Hewson , Tom Bateman , Robert Aramayo"
"Behind the Curtain: Todrick Hall",-2017,"Wayne Brady , Brittanie Brant , Blair Carrizales , Virginia Cavaliere"
"Being Elmo: A Puppeteer's Journey",-2011,"Kevin Clash , Whoopi Goldberg , Frank Oz , Bill Barretta"
"Being Human",(2008-2013),"Lenora Crichlow , Russell Tovey , Aidan Turner , Sinéad Keenan"
"Being Mrs Elliot",-2014,"Perpetua Adefemi , Lawal Adekunle , Tomi Adeoye , Seun Akindele"
"Being Napoleon",-2018,
Beirut,-2018,"Jon Hamm , Jay Potter , Khalid Benchagra , Ania Josse"
"Bella Donna's",-2017,"Carolien Spoor , Kikivan Deursen , Eva Laurenssen , Leo Alkemade"
"Bellas de Noche",-2016,"Olga Breeskin , Lyn May , Rossy Mendoza , Wanda Seux"
"Below Deck","(2013- )","Lee Rosbach , Kate Chastain , Eddie Lucas , Ben Robinson"
"Below Deck Mediterranean","(2016- )","Hannah Ferrier , Sandy Yawn , Malia White , João Franco"
"Below Her Mouth",-2016,"Erika Linder , Natalie Krill , Sebastian Pigott , Mayko Nguyen"
"Ben Platt Live from Radio City Music Hall","(2020 TV Special)","Ben Platt , Crystal Monee Hall , Kojo Littles , Allen RenéLouis"
"Ben X Jim","(2020- )","Teejay Marquez , Jerome Ponce , Sarah Edwards , Kat Galang"
Bendo,"(2022- )",
"Beneath the Leaves",-2019,"Mira Sorvino , Kristoffer Polaha , Doug Jones , Aaron Farb"
"Beni Çok Sev",-2021,"Sarp Akkaya , Ercan Kesal , UshanÇakir , SongülÖden"
Benji,"(I) (2018)","Gabriel Bateman , Darby Camp , Kiele Sanchez , Gralen Bryant Banks"
"Benvenuto Presidente!",-2013,"Claudio Bisio , Kasia Smutniak , Giuseppe Fiorello , Remo Girone"
"Benvinguts a la família",(2018-2019),"Melani Olivares , Ivan Massagué Yolanda Ramos , Nao Albet"
"Berlin Calling",-2008,"Paul Kalkbrenner , Rita Lengyel , Corinna Harfouch , Araba Walton"
"Berlin Syndrome",-2017,"Teresa Palmer , Max Riemelt , Matthias Habich , Emma Bading"
"Berlin, Berlin",-2020,"Farouk El-Khalili , Daniel Hall , Matthias Klimsa , Kai Lentrodt"
"Berlin, I Love You",-2019,"Keira Knightley , Helen Mirren , Luke Wilson , Jim Sturgess"
"Berserk: Ougon Jidai-hen I - Haou no Tamago",-2012,"Hiroaki Iwanaga , Carrie Keranen , Takahiro Sakurai , Kevin T.Collins"
"Berserk: Ougon jidai-hen II - Dorudorei koryaku",-2012,"Carrie Keranen , Orion Acaba , Chris Jai Alex , G.K.Bowes"
"Berserk: Ougon jidai-hen III - Kourin",-2013,"Marc Diraison , Hiroaki Iwanaga , Carrie Keranen , Takahiro Sakurai"
"Bert Kreischer: Hey Big Boy","(2020 TV Special)","Bert Kreischer"
"Bert Kreischer: Secret Time","(2018 TV Special)","Bert Kreischer"
"Bert Kreischer: The Machine","(2016 TV Special)","Bert Kreischer"
"Bert Visscher: Zelden zoiets gezien","(2017 TV Special)","Bert Visscher"
Beruseruku,(2016-2017),"Erik Scott Kimerer , Max Mittelman , Sarah Anne Williams , Hiroaki Iwanaga"
"Best Leftovers Ever!","(2020- )","Jackie Tohn , David So , Rosemary Shrager , Shawn Niles"
"Best of Stand-up 2020","(2020 TV Special)","Eric André Michelle Buteau , Urzila Carlson , Vir Das"
"Best. Worst. Weekend. Ever.",-2018,"Sam Ashe Arnold , Brittany Garms , Brianna Reed , Cole Sand"
Betaal,"(2020- )","Vineet Kumar Singh , Aahana Kumra , Suchitra Pillai , Jatin Goswami"
"Bethany Hamilton: Unstoppable",-2018,"Alana Blanchard , Adam Dirks , Tobias Dirks , Madison Graber"
"Betoben baireoseu",-2008,"Myung-Min Kim , Ji-Ah Lee , Keun-Suk Jang , Yeong-hee Hwang"
Betonrausch,-2020,"David Kross , Frederick Lau , Emily Goss , Susan Angelo"
"Better Call Saul","(2015- )","Bob Odenkirk , Rhea Seehorn , Jonathan Banks , Patrick Fabian"
"Better Watch Out","(II) (2016)","Olivia De Jonge , Levi Miller , Ed Oxenbould , Aleks Mikic"
"Bettie Page Reveals All",-2012,"Bettie Page , Hugh Hefner , Oliviade Berardinis , Dita Von Teese"
"Betty en NY","(2019- )","Elyfer Torres , Erick Elias , Amaranta Ruiz , Sabrina Seara"
Between,(2015-2016),"Jennette Mc Curdy , Jesse Carere , Justin Kelly , Kyle Mac"
"Between Two Ferns: The Movie",-2019,"Zach Galifianakis , Matthew Mc Conaughey , Rekha Shankar , Olivia Mekdara"
"Beuramseureul Joahaseyo",-2020,"Eun-bin Park , Min-Jae Kim , Kim Sung-cheol , Ji-Hyun Park"
"Beverly Hills Cop 4",,"Eddie Murphy"
"Beyblade Burst","(2016- )","Matt Hill , Sabrina Pitre , Adrian Petriw , Zach Le Blanc"
"Beyond a Reasonable Doubt",-2009,"Jesse Metcalfe , Amber Tamblyn , Michael Douglas , Joel David Moore"
"Beyond Stranger Things",-2017,"Jim Rash , Matt Duffer , Ross Duffer , Shawn Levy"
"BG: Shinpen keigonin",(2018-2020),"Takuya Kimura , ShôtarôMamiya , Nanao , Takumi Saitoh"
"Bhaag Beanie Bhaag","(2020- )","Swara Bhaskar , Ravi Patel , Varun Thakur , Dolly Singh"
"Bhaage Re Mann",,"Ved Thappar , Nupur Alankar , Kanika Shivpuri , Arshima Thapar"
"Bhangra Paa Le",-2020,"Sunny Kaushal , Rukshar Dhillon , Shriya Pilgaonkar , Parmeet Sethi"
Bhouri,-2016,"Raghuvir Yadav , Masha Pour , Kunickaa Sadanand , Vicky Ahuja"
"Bienvenidos a Edén","(2021- )","Amaia Aberasturi , Tomás Aguilera , MartíAtance , Albert Baró"
"Big Bear",-2017,"Pablo Schreiber , Adam Brody , Tyler Labine , Zachary Knighton"
"Big Dreams, Small Spaces",(2014-2017),"Monty Don"
"Big Game",-2014,"Samuel L.Jackson , Onni Tommila , Ray Stevenson , Victor Garber"
"Big Guns","(2006 Video)","Barry Primus , Mel Novak , Susan Thomas , Geno Giordan"
"Big in Bollywood",-2011,"Omi Vaidya , Vidhu Vinod Chopra , Kevin Desmond , Rajkumar Hirani"
"Big Mouth","(2017- )","Nick Kroll , John Mulaney , Jessi Klein , Jason Mantzoukas"
"Big Timber","(2020- )","Sarah Fleming , Erik Wenstob , Kevin Wenstob , Coleman Willner"
"Big Vape",,
"Big Vape: The Incendiary Rise of Juul",,
"Big Words",-2013,"Dorian Missick , Suzy Jane Hunt , Gbenga Akinnagbe , Darien Sills-Evans"
BigBug,,"Dominique Pinon , Elsa Zylberstein , Alban Lenoir , AndréDussollier"
"Bigflo & Oli: Hip Hop Frenzy",-2020,"Florian Ordonez , Olivio Ordonez , Fabian Ordonez , Will Smith"
"Biggie: I Got a Story to Tell",-2021,"The Notorious B.I.G. Damion Butler , Sean'Diddy'Combs , Voletta Wallace"
"Bikram: Yogi, Guru, Predator",-2019,"Larissa Anderson , Francesca Asumah , Sarah Baughn , Bikram Choudhury"
Bikya,-2018,"Muhammad Ragab , Ayten Amer , Hasan Abdulfattah , Sabri Abdulmonem"
"Bill Burr: I'm Sorry You Feel That Way","(2014 TV Special)","Bill Burr"
"Bill Burr: Paper Tiger","(2019 TV Special)","Bill Burr"
"Bill Burr: Walk Your Way Out","(2017 TV Special)","Bill Burr"
"Bill Burr: You People Are All the Same.","(2012 TV Special)","Bill Burr , Paul Virzi"
"Bill Cosby: 77","(2014 Video)","Bill Cosby"
"Bill Cosby: Far from Finished","(2013 TV Special)","Bill Cosby , Deana J.Becker , Stephanie Stallaing , Darryl M.Bell"
"Bill Hicks: Reflections",-2015,"Steve Hicks , Bill Hicks"
"Bill Hicks: Relentless","(1992 Video)","Bill Hicks"
"Bill Hicks: Revelations","(1993 TV Special)","Bill Hicks"
"Bill Hicks: Sane Man","(1989 Video)","Bill Hicks"
"Bill Nye Saves the World",(2017-2018),"Bill Nye , Karlie Kloss , Rachel Bloom , Zach Braff"
Billions,"(2016- )","Paul Giamatti , Damian Lewis , Maggie Siff , David Costabile"
"Bimilui Soop","(2017- )","Cho Seung-woo , Bae Doona , Lee Joon-hyuk , Jeon Bae-soo"
Bing-ui,"(2019- )","Han Sun Jo , Jun-hee Ko , Sae-byeok Song , Jeong-hun Yeon"
Binsenjo,"(2021- )","Song Joong-ki , Jeon Yeo-bin , Taecyeon , Im Chul-soo"
Biohackers,"(2020- )","Luna Wedler , Jessica Schwarz , Adrian Julius Tillmann , Caro Cult"
"Bir Baba Hindu",-2016,"Sermiyan Midyat , Burak Satibol , Nicole Faria , Safak Sezer"
"Bir Baskadir","(2020- )","ÖyküKarayel , Fatih Artman , Funda Eryigit , Defne Kayalar"
"Bir Denizalti Hikayesi",,"KivançTatlitug ÖzgeÖzpirinçci , Meric Aral , Ersin Arici"
"Bird Box",-2018,"Sandra Bullock , Trevante Rhodes , John Malkovich , Sarah Paulson"
Birders,-2019,"Esteban Berrones , Chris Birchfield , Mark Conway , Juana Dapa"
"Birdman or (The Unexpected Virtue of Ignorance)",-2014,"Michael Keaton , Zach Galifianakis , Edward Norton , Andrea Riseborough"
Bitten,(2014-2016),"Laura Vandervoort , Greyston Holt , Greg Bryk , Steve Lund"
"Bitter Daisies",(2018-2020),"Manolo Cortés , María Mera , Toni Salgado , Miquel Insua"
"Black Beach",-2020,"Raúl Arévalo , Paulina García , Candela Peña , Claude Musungayi"
"Black Clover",(2017-2021),"Dallas Reid , Cris George , Jill Harris , Christopher Sabat"
"Black Crab",-2022,"Noomi Rapace , Aliette Opheim , Jakob Oftebro , Dar Salim"
"Black Earth Rising",-2018,"John Goodman , Michaela Coel , Noma Dumezweni , Lucian Msamati"
"Black Heart",-2014,
"Black Ink Crew","(2012- )","Ashley Nicole Bermudez , Ceaser Emanuel , Dutchess Lattimore , Kevin Laroy"
"Black Lagoon",-2006,"Megumi Toyoguchi , Daisuke Namikawa , Maryke Hendrikse , Brad Swaile"
"Black Lightning",(2017-2021)," Marvin'Krondon'Jones III Cress Williams , China Anne Mc Clain , Nafessa Williams , Christine Adams"
"Black Man White Skin",-2015,"Óscar Jaenada , Ochoa Juan , Zoe Saldana"
"Black Mirror","(2011- )","Daniel Lapaine , Hannah John-Kamen , Michaela Coel , Beatrice Robertson-Jones"
"Black Mirror: Bandersnatch",-2018,"Fionn Whitehead , Craig Parkinson , Alice Lowe , Asim Chaudhry"
"Black Privilege","(2019 TV Movie)","Anah Ambuchi , Malcom Banks , Sarah Cigan , Tommy Corts"
"Black Sails",(2014-2017),"Jessica Parker Kennedy , Toby Stephens , Hannah New , Zach Mc Gowan"
"Black Site Delta",-2017,"Cam Gigandet , Teri Reeves , Benjamin Charles Watson , Sherri Eakin"
"Black Space","(2020- )","Guri Alfi , Assi Levy , Reut Alush , Shai Avivi"
"Black Stallions",,"Don Cheadle , Lil Rel Howery"
"Black Summer","(2019- )","Jaime King , Justin Chu Cary , Christine Lee , Zoe Marlett"
Blackout,"(2013 TV Movie)","Jemima Abey , Maisie Abraham , Komal Amin , Faraz Ayub"
Blackout,(XLI),
"Blackpink: Light Up the Sky",-2020,"Reila Post , Blackpink , Jennie Kim , Jisoo Kim"
Blame!,-2017,"Takahiro Sakurai , Kana Hanazawa , Sora Amamiya , Mamoru Miyano"
"Blanche comme neige",-2019,"Loude Laâge , Isabelle Huppert , Charles Berling , Damien Bonnard"
Blasted,-2022,
"Blazing Transfer Students",-2017,"Ryusei Fujii , Takahiro Hamada , Takeshi Kaga , Tomohiro Kamiyama"
"Bleach: Burîchi",(2004-2012),"Johnny Yong Bosch , Michelle Ruff , Stephanie Sheh , Jamieson Price Kumi Sakuma , Takahiro Sakurai Hideo Ishikawa , Toshihiko Seki Romi Pak Hisayo Mochizuki , Nobuyuki Hiyama Kôji Yusa KentarôItô Wataru Takagi'' ' Kiyoyuki Yanada Show Hayami Junko Noda Hitomi Nabatame Hiroki Yasumoto ShirôSaitô Shin'ichirôMiki , Masakazu Morita Takayuki Sugô RyôtarôOkiayu Noriaki Sugiyama , Yuki Matsuoka , Ryûsei Nakao Satsuki Yukino , Masaaki Tsukada , Fumihiko Tachiki , AkioÔtsuka Fumiko Orikasa , Mitsuaki Madono Shigeru Chiba , Toshiyuki Morikawa , Rie Kugimiya , Ayumi Sena"
"Bleach: Burîchu",-2018,"Sôta Fukushi , Hana Sugisaki , RyôYoshizawa , Erina Mano"
"Bling Empire","(2021- )"," Kevin Kreider , Kim Lee , Kelly Mi Li , Cherie Chan , Christine Chiu , Gabriel Chiu , Andrew Gray"
Blitz,-2011,"Jason Statham , Paddy Considine , Aidan Gillen , Zawe Ashton"
Blockbuster,-2018,"Syrus Shahidi , Charlotte Gabris , Tom Hygreck , Gunther Love"
"Bloed, Zweet & Tranen",-2015,"Martijn Fischer , Hadewych Minis , Fedjavan Huêt , Matheu Hinzen"
Blonde,"(II) (2022)","Anade Armas , Bobby Cannavale , Julianne Nicholson , Adrien Brody"
"Blood & Water","(2020- )","Ama Qamata , Khosi Ngema , Gail Mabalane , Thabang Molaba"
"Blood Brother",-2013,"Rocky Braat , Steve Hoover , Anitha , Devi"
"Blood Brother",-2018,"Trey Songz , Jack Kesy , China Anne Mc Clain , Hassan Johnson"
"Blood Brothers: Malcolm X & Muhammad Ali",-2021,"Muhammad Ali , Malcolm X"
"Blood Cells",-2014,"Jimmy Akingbola , Mohammed Ali , Olivia Bernstone , Silas Carson"
"Blood of Zeus","(2020- )"," ''' '' Elias Toufexis , Claudia Christian , Chris Diamantopoulos' Mamie Gummer , Derek Phillips , Jason O'Mara , Jessica Henwick"
"Blood Red Sky",-2021,"Peri Baumeister , Carl Anton Koch , Alexander Scheer , Kais Setti"
Bloodline,(2015-2017),"Kyle Chandler , Ben Mendelsohn , Linda Cardellini , Sissy Spacek"
Bloodride,"(2020- )","Dagny Backer Johnsen , Synnøve Macody Lund , Henrik Rafaelsen , Simen Bostad , Ellen Bendu , Elias Er-Rachidi Freuchen , Molly Gavin , Jasmine Haugen , Erlend Rødal Vikhagen , Benjamin Helstad , Harald Rosenstrøm , Mette Spjelkavik Enoksen , Steven C.Fisher , Rebekka Jynge , Vegard Kristoffersen , Karl Vidar Lende , Stig R.Amdam , Anna Bache-Wiig , Pia Borgli , Kingsford Siayor , Susan Angelo , Bjørn Birch , Dag Håvard Engebråten , Sophia Kaushal"
Bloom,,
"Bloom Into You","(2018- )","Tia Lynn Ballard , Clint Bickham , Luci Christian , Amber Lee Connors"
"Blown Away","(2019- )","Nick Uhas , Deborah Czeresko , Alexander Rosenberg , Janusz Pozniak"
Blue,"(II) (2009)","Don Wallace , Keith David , Daya Vaidya , Henry G.Sanders"
"Blue Bloods","(2010- )","Donnie Wahlberg , Bridget Moynahan , Will Estes , Len Cariou"
"Blue Eye Samurai",,"Darren Barnet , Christine Ko , Brenda Song , Maya Erskine"
"Blue Gold: American Jeans",-2014,"Edward Burns , Adriano Goldschmied , Eric Schrader , Tommy Hilfiger"
"Blue Jasmine",-2013,"Cate Blanchett , Alec Baldwin , Peter Sarsgaard , Sally Hawkins"
"Blue Jay","(I) (2016)","Mark Duplass , Sarah Paulson , Clu Gulager , James Andrews"
"Blue Kids",-2017,"Fabrizio Falco , Matilde Gioli , Agnese Claisse , Giustiniano Alpi"
"Blue Miracle",-2021,"Dennis Quaid , Jimmy Gonzales , Miguel Angel Garcia , Anthony Gonzalez"
"Blue Mountain State",(2010-2011),"Darin Brooks , Alan Ritchson , Chris Romano , Ed Marinaro"
"Blue Mountain State: The Rise of Thadland",-2016,"Alan Ritchson , Darin Brooks , James Cade , Rob Ramsay"
BNA,-2020,"Sumire Morohoshi , Yoshimasa Hosoya , Gara Takashima , Ben Diskin"
"Bo Burnham: Inside","(2021 TV Special)","Bo Burnham , Socko"
"Bo Burnham: Make Happy","(2016 TV Special)","Bo Burnham"
"Bo Burnham: what.","(2013 TV Special)","Bo Burnham"
"Bob Ross: Happy Accidents, Betrayal & Greed",-2021,"Bob Ross"
"Bob Saget: That's What I'm Talkin' About","(2013 TV Special)","Bob Saget"
"Bobby Kennedy for President",-2018,"Peter Edelman , Paul Schrade , William Arnone , Harry Belafonte"
"Bobby Robson: More Than a Manager",-2018,"JoséMourinho , Ronaldo , Gary Lineker , Alex Ferguson"
"Boca a Boca","(I) (2020- )","Caio Horowicz , Iza Moreira , Michel Joelsas , Denise Fraga"
"Boca Juniors Confidencial",-2018,"Juan Pablo Varsky , Guillermo Barros Schelotto , Boca Juniors , Lisandro Magallán"
Bodyguard,-2018,"Richard Madden , Sophie Rundle , Vincent Franklin , Ash Tandon"
Bodyguard,"(I) (2011)","Salman Khan , Kareena Kapoor , Raj Babbar , Hazel Keech"
"Bogdan Boner: Egzorcysta","(2020- )","Bartosz Walaszek"
Boi,-2019,"Bernat Quintana , Lisa , Fina Rius , Adrian Pang"
Boiseu,(2017-2021),"Lee Hana , Eun-seo Son , Song Boo-gun , Kim Joong-Ki"
"BoJack Horseman",(2014-2020)," Aaron Paul , Will Arnett , Amy Sedaris , Alison Brie , Paul F.Tompkins"
Bojwagwan,"(2019- )","- - - Kim Kap-su , Jung-jae Lee , Shin Min-a , Elliya Lee , Dong-jun Kim"
"Boku dake ga inai machi",-2016,"Ben Diskin , Shinnosuke Mitsushima , Michelle Ruff , Minami Takayama"
"Boku dake ga inai machi",-2017,"Yûki Furukawa , Tomoka Kurotani , Reo Uchikawa , Brenda Joan Wong"
"Boku no hîrô akademia","(2016- )","Daiki Yamashita , Nobuhiko Okamoto , Ayane Sakura , Justin Briner"
"Boku wa tomodachi ga sukunai","(2011- )","Ryohei Kimura , Marina Inoue , Kanae Itô Jerry Jewell"
"Bolbol Hayran",-2010,"Ahmed Helmy , Zeina , Sherry Adel , Aimi Samir Ghanem"
"Bolívar: Una lucha admirable",-2019,"Luis Gerónimo Abreu , Carlos Aguilar , Nohely Arteaga , Amparo Conde"
"Bom Dia, Verônica","(2020- )"," Antônio Grassi Cássio Pandolfi César Mello Pally Siqueira , TaináMüller , Camila Morgado , Eduardo Moscovis , Silvio Guindane"
Bombairiya,-2019,"Radhika Apte , Akshay Oberoi , Siddhant Kapoor , Ravi Kishan"
Bombam,"(2019- )","Jung Hae-In , Han Ji-min , Jun-han Kim , Yi-An Ha"
"Bombay Begums","(2021- )","Pooja Bhatt , Shahana Goswami , Amruta Subhash , Plabita Borthakur"
"Bombay Rose",-2019,"Cyli Khare , Amit Deondi , Gargi Shitole , Makrand Deshpande"
"Bon Bini Holland",-2015,"Jandino Asporaat , Sergio IJssel , Lilianade Vries , Alpha Oumar Barry"
"Bon Cop Bad Cop 2",-2017,"Colm Feore , Patrick Huard , Marc Beaupré Noam Jenkins"
"Bon Cop, Bad Cop",-2006,"Michel Beaudry , Patrice Bélanger , Pierre Boudreau , Sarain Boylan"
Bonding,(2018-2021),"Zoe Levin , Brendan Scannell , Micah Stock , Theo Stockman"
Bone,,
Bongwater,-1998,"Luke Wilson , Alicia Witt , Amy Locane , Brittany Murphy"
Bonusfamiljen,"(2017- )","Vera Vitali , Erik Johansson , Fredrik Hallgren , Frank Dorsin"
"Boo, Bitch",,"Lana Condor"
Booba,"(2014- )","Roman Karev , Elena Kareva , Artem Kretov , Vyacheslav Kataev"
"Booba: Food Puzzle","(2020- )","Artem Kretov , Elena Solovieva , Roman Karev , Elena Kareva"
"Bookmarks: Celebrating Black Voices","(2020- )","Marley Dias , Karamo Brown , Grace Byers , Common"
Booksmart,-2019,"Kaitlyn Dever , Beanie Feldstein , Jessica Williams , Jason Sudeikis"
"Boons and Curses",,
"Border Security: America's Front Line","(2016- )","Jeff Cole"
"Border: Keishichô Sôsa Ikka Satsujinhan Sôsa Dai 4-gakkari","(2014- )","Shun Oguri , Munetaka Aoki , Haru , Ken'ichi Endô"
"BORDER2 Shokuzai","(2017 TV Movie)","Munetaka Aoki , Ken'ichi Endô Arata Furuta , Kenta Hamano"
Borderline,(2016-2017),"David Avery , Jackie Clune , David Elms , Liz Kingsman"
Borgen,"(2010- )","Sidse Babett Knudsen , Birgitte Hjort Sørensen , Freja Riemann , Søren Malling"
Borgia,(2011-2014),"Mark Ryder , Isolda Dychauk , Diarmuid Noyes , John Doman"
"Born to Be Blue",-2015,"Ethan Hawke , Carmen Ejogo , Callum Keith Rennie , Tony Nappo"
"Born to Raise Hell",-2010,"Steven Seagal , Dan Badarau , Darren Shahlavi , D.Neil Mark"
"Børning 3",-2020,"Anders Baasmo Christiansen , Sven Nordin , Otto Jespersen , Kathrine Thorborg Johansen"
Borstal,-2017,"Matthew Winters , Patrick Kilpatrick , Tony Fadil , Sonny Denham"
Börü,-2018,"Ahu Türkpençe , SerkanÇayoglu , Emir Benderlioglu , Murat Arkin"
Boss,(2011-2012),"Kelsey Grammer , Connie Nielsen , Hannah Ware , Jeff Hephner"
"Bottersnikes & Gumbles","(2015- )","Ray Chase , Robbie Daymond , Tara Sands , Alex Babic"
"Bottled Life: Nestle's Business with Water",-2012,"Peter Brabeck , Res Gehriger , Hanspeter Müller"
"Bottom of the World",-2017,"Jena Malone , Douglas Smith , Ted Levine , Tamara Duarte"
"Boy Meets Girl","(I) (2014)","Michael Welch , Michelle Hendley , Alexandra Turshen , Michael Galante"
"Boyka: Undisputed IV","(2016 Video)","Scott Adkins , Teodora Duhovnikova , Alon Aboutboul , Julian Vergov"
"Brad Paisley's Comedy Rodeo","(2017 TV Special)","Brad Paisley , Nate Bargatze , John Heffron , Reba Mc Entire"
"Brahman Naman",-2016,"Shashank Arora , Tanmay Dhanania , Chaitanya Varad , Vaishwath Shankar"
"Brain on Fire",-2016,"ChloëGrace Moretz , Thomas Mann , Richard Armitage , Carrie-Anne Moss"
Brainchild,"(2018- )","Sahana Srinivasan , Alie Ward , Gary T.Carlin , Taylor Nirvana Jones"
"Brand New Cherry Flavor",-2021," Mark Acheson , Daniel Doheny Hannah Levien Jayson Blair Leah Cairns Leland Orser Rosa Salazar , Catherine Keener , Patrick Fischler , Eric Lange"
Braqueurs,,
Braqueurs,-2015,"Sami Bouajila , Guillaume Gouix , Youssef Hajdi , Redouane Behache"
Brasslands,-2013,"Emerson Hawley , Dejan Petrovic"
"Brave Blue World",-2019,"Liam Neeson , Matt Damon , Jaden Smith , Sanmit Ahuja"
"Brave Miss World",-2013,"Linor Abargil , Aliza Abargil , Jackie Abargil , Alison Botha"
"Braxton Family Values","(2011- )","Traci Braxton , Toni Braxton , Trina Braxton , Towanda Braxton"
Breach,"(IV) (2020)","Cody Kearsley , Bruce Willis , Rachel Nichols , Kassandra Clementi"
"Bread Barbershop","(2020- )","Marc Thompson , Elinor Vanderburg , Barrett Leddy , Courtney Shaw"
BreadCrumbs,-2011,"Dan Shaked , Marianne Hagan , Jim J.Barnes , Zoe Sloane"
Break,"(IV) (2018)","Sabrina Ouazani , Kévin Mischel , Hassam Ghancy , Slimane Nebchi"
"Break It All: The History of Rock in Latin America",-2020,"Rubén Albarrán , Humberto Carderon , Gustavo Santaolalla , Javier Batiz"
"Breakfast at Tiffany's",-1961,"Audrey Hepburn , George Peppard , Patricia Neal , Buddy Ebsen"
"Breakfast, Lunch & Dinner","(2019- )"," Kate Mc Kinnon John Legend , Chrissy Teigen Lena Waithe , David Chang , Seth Rogen"
"Breaking Bad",(2008-2013),"Bryan Cranston , Aaron Paul , Anna Gunn , Betsy Brandt"
"Breaking Boundaries: The Science of Our Planet",-2021,"David Attenborough , Elena Bennett , Jason Box , Terry Hughes"
"Breaking the Bee",-2018,"Srinivas Ayyagari , Jacques Bailly , Valerie Browning , Ratnam Chitturi"
Breathe,(IV),"Melissa Barrera , Jeff Wilbusch , Juan Pablo Espinosa"
"Brené Brown: The Call to Courage",-2019,BrenéBrown
"Brent Morin: I'm Brent Morin","(2015 TV Special)","Brent Morin"
"Brews Brothers","(2020- )","Mike Castle , Alan Aisenberg , Carmen Flood , Marques Ray"
"Brian Regan: Nunchucks and Flamethrowers","(2017 TV Special)","Brian Regan"
"Brian Regan: On the Rocks","(2021 TV Special)","Brian Regan , Elliot Schiff"
Bridegroom,-2013,"Cindy Bitney , David Crone , Jessica Mitchell , Lizzy Mohl"
Bridgerton,"(2020- )","Regé-Jean Page Adjoa Andoh , Lorraine Ashbourne Ruby Barker , Harriet Cains , Bessie Carter , Phoebe Dynevor , Polly Walker , Jonathan Bailey , Nicola Coughlan"
"Brigada Costa del Sol",-2019,"Hugo Silva Álvaro Cervantes , Miki Esparbé Jesús Castro"
Bright,"(I) (2017)","Will Smith , Joel Edgerton , Noomi Rapace , Edgar Ramírez"
"Bright 2",,"Will Smith , Joel Edgerton"
"Bright: Samurai Soul",,
"Brij Mohan Amar Rahe",-2017,"Arjun Mathur , Nidhi Singh , Sheetal Thakur , Manav Vij"
Broadchurch,(2013-2017),"David Tennant , Olivia Colman , Jodie Whittaker , Andrew Buchan"
Broken,"(2019- )","Jenise Morgan , Bella Carroll , Lexy Lebsack , Janet Mc Gee"
"Broken City",-2013,"Mark Wahlberg , Russell Crowe , Catherine Zeta-Jones , Jeffrey Wright"
Bronx,-2020,"Lannick Gautry , Stanislas Merhar , Kaaris , David Belle"
Brooklyn,-2015,"Saoirse Ronan , Emory Cohen , Domhnall Gleeson , Jim Broadbent"
"Brooklyn Nine-Nine",(2013-2022),"Andy Samberg , Stephanie Beatriz , Terry Crews , Melissa Fumero"
"Brooklyn's Finest",-2009,"Richard Gere , Don Cheadle , Ethan Hawke , Wesley Snipes"
"Brotherly Love","(III) (2015)","Keke Palmer , Cory Hardrict , Romeo Miller , Eric D.Hill Jr."
"Brown Nation",-2016,"Rajeev Varma , Shenaz Treasury , Kapil Bawa , Remy Munasifi"
Bruised,-2020,"Halle Berry , Stephen Mc Kinley Henderson , Adan Canto , Shamier Anderson"
"Bruna Surfistinha",-2011,"Deborah Secco , Cássio Gabus Mendes , Drica Moraes , Fabiula Nascimento"
"Bruno & Boots: Go Jump in the Pool","(2016 TV Movie)","Jonny Gray , Callan Potter , Peter Keleghan , Hannah Vandenbygaart"
"Bruno Motta: Melhor que os Outros Stand Ups que Eu Já Fiz em 15 Anos de Carreira","(2017 TV Special)","Bruno Motta , Marcelo Adnet , Dani Calabresa , Gui Santana"
"Bruno Motta: O Show do Ano","(2011 TV Special)","Bruno Motta"
BRZRKR,,"Keanu Reeves"
Bubbles,(I),"Piyali Munshi"
Bucin,-2020,"Andovi Da Lopez , Jovial Da Lopez , Tommy Limm , Chandra Liow"
Budapest,-2018,"Manu Payet , Jonathan Cohen , Monsieur Poulpe , Alice Belaïdi"
Buddi,"(2020- )","Greta Jameson , Ralf Jameson , Clementine Laikin , Felix Laikin"
"Buddy Thunderstruck",-2017,"Brian Atkinson , Debi Derryberry , Philip Maurice Hayes , Leigh Kelly"
Buds,-2016,"Steven Lu , Daniel Simpson , Alex Lisenbee , Milan Anich II"
Bulbbul,-2020,"Tripti Dimri , Avinash Tiwary , Rahul Bose , Parambrata Chattopadhyay"
"Bulbul Tarang",-2022,"Sonakshi Sinha , Tahir Raj Bhasin , Raj Babbar , Sushmita Mukherjee"
"Bullet Head",-2017,"Adrien Brody , Antonio Banderas , John Malkovich , Rory Culkin"
Bulyaseong,(2016-2017),"Jin Goo , Jeon Gook-hwan , Jung Hae-In , Lee Ho-jung"
"Bumi Manusia",-2019,"Iqbaal Dhiafakhri Ramadhan , Mawar Evade Jongh , Sha Ine Febriyanti , Giorgino Abraham"
"Bump of Chicken Tour 2019: aurora ark Tokyo Dome",-2020,"Bumpof Chicken , Motoo Fujiwara , Hideo Masu , Hiroaki Masukawa"
Bumperkleef,-2019,"Jeroen Spitzenberger , Anniek Pheifer , Roosmarijnvander Hoek , Liz Vergeer"
"Bumping Mics with Jeff Ross & Dave Attell","(2018- )","Dave Attell , Jeffrey Ross , Michael Che , Rachel Feinstein"
"Bungou Stray Dogs","(2016- )","Mamoru Miyano , Yûto Uemura , Kaiji Tang , Yoshimasa Hosoya"
"Buried by the Bernards","(2021- )","Debbie Bernard , Deja Bernard , Raegan Bernard , Ryan Bernard"
"Burn Out","(I) (2017)","François Civil , Olivier Rabourdin , Manon Azem , Samuel Jouy"
"Burning Daylight",-2010,"Robert Knepper , Paul Calderon , Adrian Cowan , Sanzhar Sultan"
"Burning Sands",-2017,"Trevor Jackson , Tosin Cole , De Ron Horton , Alfre Woodard"
"Burt's Buzz",-2013,"Burt Shavitz"
"Busted! I Know Who You Are!",(2018-2021),"Jae-Suk Yoo , Park Min-Young , Se-hun Oh , Jong-min Kim"
"Button Man: The Killing Game",,
"Byeol-e-seo on geu-dae",(2013-2014),"Jun Ji- Kim Soo-hyun , Park Hae-Jin , Yoo In-Na"
Byeong-won-seon,-2017,"Ha Ji-Won , Hwa-yeon Cha , Seo-won Jang , In-gi Jeong"
"Byeonhyeokui Sarang",-2017,"Si Won Choi , Kang So-ra , Myoung Gong , Mi-ri Gyeon"
"Byron Baes",,
"Byuti Insaideu",-2018,"Hyeon-jin Seo , Lee Min-ki , Lee Da-hee , Ahn Jae-Hyun"
"C'est quoi cette famille?!",-2016,"Julie Gayet , Thierry Neuvic , Julie Depardieu , Lucien Jean-Baptiste"
"Cabins in the Wild with Dick Strawbridge",-2017,"William Hardie , Dick Strawbridge"
"Cabras da Peste",-2021,"Matheus Nachtergaele , Edmilson Filho , Letícia Lima , Leandro Ramos"
"Café dans le temps","(2019- )",
Caïd,"(2021- )"," Idir Azougli - Jean-Toussaint Bernard , Abdramane Diakite , Mohamed Boudouh , Sébastien Houbani"
"Cain and Abel",-2009,"So Ji-seob , Hyeon-jun Shin , Han Ji-min , Jeong-an Chae"
Calibre,-2018,"Jack Lowden , Martin Mc Cann , Tony Curran , Ian Pirie"
Californication,(2007-2014),"David Duchovny , Natascha Mc Elhone , Evan Handler , Pamela Adlon"
"Call Me Lucky",-2015,"Barry Crimmins , Jack Gallagher , Martin Olson , Steve Sweeney"
"Call Your Daughter Home",,
"Calum Von Moger: Unbroken",-2019,"Michael B.Banffy , Chris Bumstead , Anthony Calligeros , Parker Egerton"
Cam,-2018,"Madeline Brewer , Patch Darragh , Melora Walters , Devin Druid"
"Camino a Roma",-2020,"Yalitza Aparicio , Odín Ayala , Eugenio Caballero , Zarela Lizbeth Chinolla Arellano"
"Can Dostlar",-2019,"Selim Bayraktar , Berat Efe Parlar , Esat Polat Güler , Eda Doger"
"Cancer's Last Stand",-2017,"Ximena Casillas , Quartay Danaya , Lilly Dennis , Calsey Langton"
"Canciones y Recuerdos",,
"Candy Jar",-2018,"Jacob Latimore , Sami Gayle , Tom Bergeron , Helen Hunt"
"Canine Intervention","(2021- )"," Jasalah Leverette"
"Cannon Busters","(2019- )"," Marin M.Miller..D.C.Cody , Catero Colbert Darin De Paul John Eric Bentley , Dave Burchell Kamali Minter , Stephanie Sheh , Kausar Mohammed Elizabeth Maxwell , Ogie Banks , Greg Chun , Kevin Grevioux , Mela Lee , Trevor Devall , Joe Hanna , Kimberly Marable , Kenn Michael"
"Cannot Write","(2021- )","Kenta Hamano , Tôma Ikuta , Michiko Kichise , Fuma Kikuchi"
Canvas,"(III) (2020)",
"Cap Kakumei Bottleman","(2020- )",
"Capital C",-2014,"Zach Crain , Brian Fargo , Jackson Robinson"
Capitani,(2019-2020),"Luc Schiltz , Sophie Mousel , Claude De Demo , Joe Dennenwald"
"Captain America: Civil War",-2016,"Chris Evans , Robert Downey Jr. Scarlett Johansson , Sebastian Stan"
"Captain Fall",,"Rose Abdoo , Stelio Savante , David Bianchi , Sope Aluko"
"Captain Laserhawk: A Blood Dragon Remix",,
Captive,"(2016- )","Camilla Carr , Paul Chandler , Eami Hacham , Mike Hensley"
"Car Masters: Rust to Riches","(2018- )","Constance Nunes , Shawn Pilot , Michael'Caveman'Pyle , Tony Quinones"
"Cardboard Gangsters",-2017,"John Connors , Fionn Walton , Kierston Wareing , Jimmy Smallhorne"
"Care Bears and Cousins",(2015-2016),"Braeden Marcott , Doug Erholtz , Braeden Fox , Olivia Hack"
Cargo,"(I) (2017)","Simone Landers , Martin Freeman , Marlee Jane Mc Pherson- Lily Anne Mc Pherson-Dobbins"
"Carlos Almaraz: Playing with Fire",-2019,"Zack De La Rocha , Shepard Fairey , Dolores Huerta , Cheech Marin"
"Carlos Ballarta: Furia ñera","(2018 TV Special)","Carlos Ballarta"
"Carmel: ¿Quién mató a María Marta?",-2020,"Rolando Barbano , Carlos Carrascosa , Pablo Duggan , Horacio García Belsunce"
"Carmen Sandiego",,"Gina Rodriguez"
"Carmen Sandiego",(2019-2021),"'Abby Trott , Michael Hawley , Gina Rodriguez , Finn Wolfhard , Liam O'Brien , Sharon Muthu"
"Carmen Sandiego: To Steal or Not to Steal",-2020,"Gina Rodriguez , Finn Wolfhard , Abby Trott , Michael Hawley"
Carnaval,-2021,"Alexandre Moreira , Antônio Rafaski , Bruna Inocencio , Diogo Baleeiro"
"Carole & Tuesday",-2019,"Miyuri Shimabukuro , Kana Ichinose , Celeina Ann , AkioÔtsuka"
"Cars 3",-2017,"Owen Wilson , Cristela Alonzo , Chris Cooper , Nathan Fillion"
"Cash Only",-2015,"Nickola Shreli , Brandon Trammer , Stivi Paskoski , Danijela Stajnfeld"
"Casi Feliz","(2020- )"," Alfredo Castellani Benjamín Amadeo Hernán Guerschuny Hugo Arana Inés Efron Julieta Díaz Lucas Wainraich Pablo Fábregas , Sebastián Wainraich , Natalie Pérez , Santiago Korovsky , Rafael Ferro"
"Cast Party","(II) (2015)","Jeremy Bent , Lily Du , Alex Goldman , Lauren Lapkus"
Caste,,
"Casting JonBenet",-2017,"Hannah Cagwin , Aeona Cruz , Liv Bagley , Shylee Sagle"
"Castle & Castle","(2018- )","Dakore Akande , Blossom Chukwujekwu , Jude Chukwuka , Daniel Etim Effiong"
"Castle Rock",(2018-2019),"Bill Skarsgård , AndréHolland , Lizzy Caplan , Melanie Lynskey"
Castlevania,(2017-2021)," Theo James , Richard Armitage , James Callis , Alejandra Reynoso , Jessica Brown Findlay"
"Cat People","(2021- )",
"CAT. 8","(2013- )","Matthew Modine , Maxim Roy , Ted Whittall , Trevor Hayes"
"Catching Feelings",-2017,"Kagiso Lediga , Pearl Thusi , Andrew Buckland , Akin Omotoso"
"Cateva conversatii despre o fata foarte inalta",-2018,"Silvana Mihai , Florentina Nastase , Denisse Moise , Carol Ionescu"
Catfight,"(I) (2016)","Sandra Oh , Anne Heche , Alicia Silverstone , Amy Hill"
"CCTV: Caught on Camera","(2014- )",
"Cedonia Avenue",-2015,"Dwayne Hurt , Durrell Overby , Jaleel Hurt"
"Cedric the Entertainer: Live from the Ville","(2016 TV Special)","Cedricthe Entertainer , Tennessee State University Marching Band"
"Cek Toko Sebelah: The Series",(2018-2019),"Ernest Prakasa , Yusril Fahriza , Andi Awwe Wijaya , Adjis Doaibu"
"Celeste & Jesse Forever",-2012,"Rashida Jones , Andy Samberg , Elijah Wood , Emma Roberts"
Cellmates,-2011,"Tom Sizemore , Stacy Keach , Kevin P.Farley , Héctor Jiménez"
"Cementerio General",-2013,"Jürgen Gömez , Marisol Aguirre , Airam Galliani , Nikko Ponce"
Centauro,-2022,"Carlos Bardem Àlex Monner , Begoña Vargas , Sebastian Ciontescu"
Centaurworld,"(2021- )","Colleen Ballinger Megan Hilty Kimiko Glenn , Parvesh Cheena , Toby Chu , Chris Diamantopoulos , Megan Dong"
"Chadwick Boseman: Portrait of an Artist",-2021,"Chadwick Boseman , Viola Davis , Danai Gurira , Spike Lee"
"Challenger: The Final Flight",-2020,".Alison Smith Balch , Jane Smith-Wolcott , Frederick D.Gregory , John Zarrella , Richard H.Truly , Steve Nesbitt , Lisa Bristol Marcia Jarvis , Barbara Morgan , William Harwood , Richard Cook , June Scobee Rodgers , Robert L.Crippen"
"Chaman Bahaar",-2020,"Jitendra Kumar , Ritika Badiani , Bhuvan Arora , Dherendra Kumar Tiwari"
Chambers,-2019,"Sivan Alyra Rose , Marcus La Voi , Nicholas Galitzine , Kyanna Simone Simpson"
Champions,-2018,"Anders Holm , Fortune Feimster , Andy Favreau , Josie Totah"
Champs,-2014,"Evander Holyfield , Bernard Hopkins , Mike Tyson , Larry'Ratso'Sloman"
"Chandni Bar",-2001,"Tabu , Atul Kulkarni , Rajpal Yadav , Shri Vallabh Vyas"
"Change Agent",,
"Channeru wa sono mama!",-2019,"Rion Azuma , Yukihiro Eda , Tadahisa Fujimura , Hitoshi Fujio"
"Chanranhan yusan",-2009,"Han Hyo-joo , Lee Seung-gi , Moon Chae-Won , Soo-bin Bae"
"Chapo: el escape del siglo",-2016,"Irineo Alvarez , JoséSefami , Kristoff Raczynski , Thelma Alves"
"Chappelle's Show",(2003-2006),"Dave Chappelle , Donnell Rawlings , Rudy Rush , Charlie Murphy"
Charité,"(2017- )","Aliciavon Rittberg , Mala Emde , Nina Gummich , Maximilian Meyer-Bretschneider"
"Charlie and the Chocolate Factory",,
"Charlie's Angels",-2019,"Kristen Stewart , Naomi Scott , Ella Balinska , Elizabeth Banks"
"Charlie's Colorforms City","(2019- )","Jacob Soley , Saara Chaudry , Tyler Barish , Elliot Kelly"
Charming,-2018,"Demi Lovato , Wilmer Valderrama , Sia , Nia Vardalos"
"Chasing Beauty",-2013,"Kelly Anderson , Jo Baker , William Barney , Dawn Ann Billings"
"Chasing Cameron","(2016- )","Trey Schafer , Lee Westwick , Aaron Carpenter , Cameron Dallas"
"Chasing Coral",-2017,"Andrew Ackerman , Pim Bongaerts , Neal Cantin , Phil Dustan"
Chatroom,-2010,"Jacob Anderson , Matthew Ashforde , Dorothy Atkinson , Matthew Beard"
"Check Point",-2017,"Kenny Johnson , Tyler Mane , William Forsythe , Michelle Lee"
Cheer,-2020,"Monica Aldama , Lexi Brumback , Gabi Butler , Jerry Harris"
Cheers,(1982-1993),"Ted Danson , Rhea Perlman , John Ratzenberger , George Wendt"
"Cheese in the Trap",-2016,"Park Hae-Jin , Kim Go-eun , Seo Kang-Joon , Nam Joo-Hyuk"
"Chef's Table",(2015-2019),"Dan Barber , Massimo Bottura , Bill Buford , Lara Gilmore"
"Chef's Table: BBQ","(2020- )",
"Chef's Table: France","(2016- )","Alexandre Couillon , Alain Passard"
"Chek dou",-2015,"Chen Chang , Jin-hee Ji , Si Won Choi , Kim Hae-sook"
Chelsea,(2016-2017),"Chelsea Handler , Jeff Wild , Daniel Maurio , Bryce Mc Leay"
"Chelsea Does",-2016,"Chelsea Handler , Steven David , Mary Mc Cormack , Irving Azoff"
"Chelsea Peretti: One of the Greats","(2014 TV Special)","Chelsea Peretti , Brendon Walsh , John Howard Swain , Esther Povitsky"
"Chemi Bednieri Ojakhi",-2017,"Ia Shugliashvili , Merab Ninidze , Berta Khapava , Tsisia Qumsishvili"
"Chen qing ling",-2019,"Zhan Xiao , Yibo Wang , Zhuocheng Wang , Lu Xuan"
Cheongchunsidae,(2016-2017),"Yeri Han , Seung-Yeon Han , Eun-bin Park , Hwa-young Ryu"
Chernobyl,-2021,"Danila Kozlovskiy , Oksana Akinshina , Filipp Avdeev , Ravshana Kurkova"
"Chesapeake Shores","(2016- )","Jesse Metcalfe , Meghan Ory , Barbara Niven , Laci JMailey"
Chevolution,-2008,"Gerry Adams , Antonio Banderas , Gael García Bernal , Ernesto'Che'Guevara"
"Chewing Gum",(2015-2017),"Michaela Coel , Danielle Walters , Robert Lonsdale , Shola Adewusi"
"Chhota Bheem","(2008- )","Mausam , Rajesh Kava , Kaustav Ghosh , Julie Tejwani"
"Chhota Bheem Kung Fu Dhamaka",-2019,"Urvi Ashar , Asif Ali Beig , Jigna Bhardwaj , Rupa Bhimani"
"Chi m'ha visto",-2017,"Pierfrancesco Favino , Giuseppe Fiorello , Mariela Garriga , Dino Abbrescia"
"Chiamatemi Francesco","(2016- )","Rodrigo Dela Serna , Mercedes Morán , Muriel Santa Ana , Rafael Federman"
"Chicago Overcoat",-2009,"Frank Vincent , Kathrine Narducci , Mike Starr , Stacy Keach"
