MOVIES,YEAR,AiringStatus,YearReleased,YearEnded
"¡A cantar!","(2020- )","On Going",2020," "
"¡Ay, mi madre!",-2019,"Single Series/Movie",,2019
"¿A quién te llevarías a una isla desierta?",-2019,"Single Series/Movie",,2019
"¿Quién Mató a Sara?","(2021- )","On Going",2021," "
(Un)Well,"(2020- )","On Going",2020," "
"#AnneFrank - Parallel Stories",-2019,"Single Series/Movie",,2019
#BlackAF,-2020,"Single Series/Movie",,2020
#cats_the_mewvie,-2020,"Single Series/Movie",,2020
#differentnotless,"(2017- )","On Going",2017," "
#HappyBirthdaySense8,-2017,"Single Series/Movie",,2017
#Realityhigh,-2017,"Single Series/Movie",,2017
#Rucker50,-2016,"Single Series/Movie",,2016
#Saraitda,-2020,"Single Series/Movie",,2020
#TemanTapiMenikah,-2018,"Single Series/Movie",,2018
#TemanTapiMenikah2,-2020,"Single Series/Movie",,2020
"1 Chance 2 Dance",-2014,"Single Series/Movie",,2014
"1,000,000 yen no Onnatachi",-2017,"Single Series/Movie",,2017
"10 000 timmar",-2014,"Single Series/Movie",,2014
"10 Days in Sun City",-2017,"Single Series/Movie",,2017
"100 días para enamorarnos","(2020- )","On Going",2020," "
"100 Humans","(2020- )","On Going",2020," "
"100 metros",-2016,"Single Series/Movie",,2016
"100-man no Inochi no Ue ni Ore wa Tatte Iru","(2020- )","On Going",2020," "
"100% Coco",-2017,"Single Series/Movie",,2017
"100% Hotter","(2016- )","On Going",2016," "
"101 Dalmatians",-1996,"Single Series/Movie",,1996
"12 Monkeys",(2015-2018),"Series Concluded",2015,2018
"12 Rounds 3: Lockdown",-2015,"Single Series/Movie",,2015
"127 Hours",-2010,"Single Series/Movie",,2010
"13 Geboden",(2017-2018),"Series Concluded",2017,2018
"13 Minutes",,Unknown,,
"13 Reasons Why",(2017-2020),"Series Concluded",2017,2020
"13 Reasons Why: Season 2 Date Announcement Commercial",-2018,"Single Series/Movie",,2018
"13: The Musical",,Unknown,,
13th,-2016,"Single Series/Movie",,2016
"13th: A Conversation with Oprah Winfrey & Ava DuVernay","(2017 Video)","Single Series/Movie","2017 ","2017 "
"15 August",-2019,"Single Series/Movie",,2019
"17 filles",-2011,"Single Series/Movie",,2011
"18 regali",-2020,"Single Series/Movie",,2020
"1898. Los últimos de Filipinas",-2016,"Single Series/Movie",,2016
1899,"(2022- )","On Going",2022," "
1920,-2008,"Single Series/Movie",,2008
"1920 London",-2016,"Single Series/Movie",,2016
1922,-2017,"Single Series/Movie",,2017
1983,-2018,"Single Series/Movie",,2018
1994,"(I) (2019- )","On Going"," 2019"," "
"1994: Poder, Rebeldía y Crimen en México",-2019,"Single Series/Movie",,2019
"2 Weeks",-2013,"Single Series/Movie",,2013
2:22,-2008,"Single Series/Movie",,2008
"2001: A Space Odyssey",-1968,"Single Series/Movie",,1968
"2006 Independent Spirit Awards","(2006 TV Special)","Single Series/Movie","2006  ","2006  "
"2020 Golden Globe Awards","(2020 TV Special)","Single Series/Movie","2020  ","2020  "
2067,-2020,"Single Series/Movie",,2020
"21 Days Under the Sky",-2016,"Single Series/Movie",,2016
"21 Sarfarosh Saragarhi 1897","(2018- )","On Going",2018," "
"21 Thunder","(2017- )","On Going",2017," "
"22 July",-2018,"Single Series/Movie",,2018
"22nd Annual Mark Twain Prize for American Humor celebrating: Dave Chappelle","(2020 TV Special)","Single Series/Movie","2020  ","2020  "
23:59,-2011,"Single Series/Movie",,2011
"26 nyeon",-2012,"Single Series/Movie",,2012
2gether,-2020,"Single Series/Movie",,2020
"3 Geezers!",-2013,"Single Series/Movie",,2013
"3 Türken & ein Baby",-2015,"Single Series/Movie",,2015
3%,(2016-2020),"Series Concluded",2016,2020
300,-2006,"Single Series/Movie",,2006
"300: Rise of an Empire",-2014,"Single Series/Movie",,2014
"365 dni",-2020,"Single Series/Movie",,2020
"37 sekanzu",-2019,"Single Series/Movie",,2019
"3Below: Tales of Arcadia",(2018-2019),"Series Concluded",2018,2019
"3rd Rock from the Sun",(1996-2001),"Series Concluded",1996,2001
"4 latas",-2019,"Single Series/Movie",,2019
"42 días en la oscuridad",,Unknown,,
"44 Gatti","(2018- )","On Going",2018," "
"45 Revoluciones",-2019,"Single Series/Movie",,2019
"46 Yok Olan",-2016,"Single Series/Movie",,2016
50M2,"(2021- )","On Going",2021," "
"6 Balloons",-2018,"Single Series/Movie",,2018
"6 Below: Miracle on the Mountain",-2017,"Single Series/Movie",,2017
"6 Days","(I) (2017)","Single Series/Movie"," 2017"," 2017"
"6 Underground",-2019,"Single Series/Movie",,2019
"6 Years",-2015,"Single Series/Movie",,2015
6-5=2,-2014,"Single Series/Movie",,2014
"60 Il, Jijeongsaengjonja",-2019,"Single Series/Movie",,2019
"7 años",-2016,"Single Series/Movie",,2016
"7 Chinese Brothers",-2015,"Single Series/Movie",,2015
"7 Days Out","(2018- )","On Going",2018," "
"7 Guardians of the Tomb",-2018,"Single Series/Movie",,2018
"7 Ilui Wangbi",-2017,"Single Series/Movie",,2017
"7 Prisioneiros",-2021,"Single Series/Movie",,2021
7:19,-2016,"Single Series/Movie",,2016
"71st Golden Globe Awards","(2014 TV Special)","Single Series/Movie","2014  ","2014  "
"72 Dangerous Animals - Asia","(2018- )","On Going",2018," "
"72 Dangerous Animals: Latin America",-2017,"Single Series/Movie",,2017
76,-2016,"Single Series/Movie",,2016
7Seeds,(2019-2020),"Series Concluded",2019,2020
8:46,"(2020 TV Special)","Single Series/Movie","2020  ","2020  "
"800 metros","(2021- )","On Going",2021," "
"9 Kere Leyla",-2020,"Single Series/Movie",,2020
"A 3 Minute Hug",-2019,"Single Series/Movie",,2019
"A Babysitter's Guide to Monster Hunting",-2020,"Single Series/Movie",,2020
"A Boy Called Christmas",-2021,"Single Series/Movie",,2021
"A California Christmas",-2020,"Single Series/Movie",,2020
"A cambio de nada",-2015,"Single Series/Movie",,2015
"A Castle for Christmas",-2021,"Single Series/Movie",,2021
"A Chorus Line",,Unknown,,
"A Christmas Prince",-2017,"Single Series/Movie",,2017
"A Christmas Prince: The Royal Baby",-2019,"Single Series/Movie",,2019
"A Christmas Prince: The Royal Wedding",-2018,"Single Series/Movie",,2018
"A Christmas Tree Miracle",-2013,"Single Series/Movie",,2013
"A Cinderella Story",-2004,"Single Series/Movie",,2004
"A Cinderella Story: Christmas Wish","(2019 Video)","Single Series/Movie","2019 ","2019 "
"A Classic Horror Story",-2021,"Single Series/Movie",,2021
"A Decade of Decadence, Pt. 2: Legacy of Dreams","(2013 Video)","Single Series/Movie","2013 ","2013 "
"A Dog's Life: The Oscar Lose Story","(2008 Video)","Single Series/Movie","2008 ","2008 "
"A Fall from Grace",-2020,"Single Series/Movie",,2020
"A Family Reunion Christmas","(2019 TV Movie)","Single Series/Movie","2019  ","2019  "
"A Faster Horse",-2015,"Single Series/Movie",,2015
"A Field Full of Secrets",-2014,"Single Series/Movie",,2014
"A Final Cut for Orson: 40 Years in the Making",-2018,"Single Series/Movie",,2018
"A Futile and Stupid Gesture",-2018,"Single Series/Movie",,2018
"A Garota Invisível",-2021,"Single Series/Movie",,2021
"A Go! Go! Cory Carson Christmas","(2020 TV Special)","Single Series/Movie","2020  ","2020  "
"A Go! Go! Cory Carson Halloween","(2020 TV Special)","Single Series/Movie","2020  ","2020  "
"A god in ruins",,Unknown,,
"A Haunting at Silver Falls 2",-2019,"Single Series/Movie",,2019
"A Jazzman's Blues",-2022,"Single Series/Movie",,2022
"A Killer Uncaged",-2020,"Single Series/Movie",,2020
"A Life in Men",,Unknown,,
"A Little Help with Carol Burnett",-2018,"Single Series/Movie",,2018
"A Love So Beautiful","(2020- )","On Going",2020," "
"A Love Song for Latasha",-2019,"Single Series/Movie",,2019
"A Love to Last",-2017,"Single Series/Movie",,2017
"A Madea Homecoming",-2022,"Single Series/Movie",,2022
"A Man Apart",-2003,"Single Series/Movie",,2003
"A Man for All Seasons",-1966,"Single Series/Movie",,1966
"A Martfüi Rém - A Sorozat","(2020- )","On Going",2020," "
"A mil kilómetros de la Navidad",-2021,"Single Series/Movie",,2021
"A Million Colours",-2011,"Single Series/Movie",,2011
"A New York Christmas Wedding",-2020,"Single Series/Movie",,2020
"A Night for Dying Tigers",-2010,"Single Series/Movie",,2010
"A Note of Explanation",,Unknown,,
"A Perfect Crime",-2020,"Single Series/Movie",,2020
"A Perfect Ending",-2012,"Single Series/Movie",,2012
"A Perfect Fit",-2021,"Single Series/Movie",,2021
"A pesar de todo",-2019,"Single Series/Movie",,2019
"A Plastic Ocean",-2016,"Single Series/Movie",,2016
"A Prayer Before Dawn",-2017,"Single Series/Movie",,2017
"A Primeira Tentação de Cristo",-2019,"Single Series/Movie",,2019
"A Scandall",-2016,"Single Series/Movie",,2016
"A Second Chance: Rivals!",-2019,"Single Series/Movie",,2019
"A Secret Love",-2020,"Single Series/Movie",,2020
"A Series of Unfortunate Events",(2017-2019),"Series Concluded",2017,2019
"A Shaun the Sheep Movie: Farmageddon",-2019,"Single Series/Movie",,2019
"A StoryBots Christmas","(2017 TV Movie)","Single Series/Movie","2017  ","2017  "
"A Suitable Boy","(2020- )","On Going",2020," "
"A Taiwanese Tale of Two Cities","(2018- )","On Going",2018," "
"A Tale Dark & Grimm","(2021- )","On Going",2021," "
"A Tale Dark and Grimm",,Unknown,,
"A Tale of Two Kitchens",-2019,"Single Series/Movie",,2019
"A Thousand Goodnights","(2019- )","On Going",2019," "
"A Tiger in the Dark: The Decadence Saga","(2014 Video)","Single Series/Movie","2014 ","2014 "
"A Time Lost",(II),Unknown,,
"A Toca","(2013- )","On Going",2013," "
"À tombeau ouvert",,Unknown,,
"A Trash Truck Christmas","(2020 TV Special)","Single Series/Movie","2020  ","2020  "
"A Través De Mi Ventana",,Unknown,,
"A United Kingdom",-2016,"Single Series/Movie",,2016
"A Very Murray Christmas","(2015 TV Special)","Single Series/Movie","2015  ","2015  "
"A Walk to Remember",-2002,"Single Series/Movie",,2002
"A Week Away",-2021,"Single Series/Movie",,2021
"A Week in Watts",-2018,"Single Series/Movie",,2018
"A Weekend with the Family",-2016,"Single Series/Movie",,2016
"A Wish For Christmas","(2016 TV Movie)","Single Series/Movie","2016  ","2016  "
"A Year in Burgundy",-2013,"Single Series/Movie",,2013
"A Year in Space","(2015- )","On Going",2015," "
"A Yellow Bird",-2016,"Single Series/Movie",,2016
A-reu-gon,-2017,"Single Series/Movie",,2017
"A.I.C.O. Incarnation",-2018,"Single Series/Movie",,2018
"A.N.T. Farm",(2011-2014),"Series Concluded",2011,2014
"Aakash Gupta Special",-2021,"Single Series/Movie",,2021
"Aala Kaf Ifrit",-2017,"Single Series/Movie",,2017
"Abby Hatcher",(2018-2021),"Series Concluded",2018,2021
"Abducted in Plain Sight",-2017,"Single Series/Movie",,2017
"Abeojiga Isanghae",-2017,"Single Series/Movie",,2017
"Abla Fahita: Drama Queen","(2021- )","On Going",2021," "
"Abstract: The Art of Design","(2017- )","On Going",2017," "
"Absurd Planet","(2020- )","On Going",2020," "
Abzurdah,-2015,"Single Series/Movie",,2015
"Accidentally in Love","(2018- )","On Going",2018," "
Accomplice,-2021,"Single Series/Movie",,2021
"Aci Kiraz",-2020,"Single Series/Movie",,2020
Acrimony,-2018,"Single Series/Movie",,2018
"Acts of Violence",-2018,"Single Series/Movie",,2018
"Ad Vitam",-2018,"Single Series/Movie",,2018
"Ada Twist, Scientist","(2021- )","On Going",2021," "
"Adam Devine: Best Time of Our Lives","(2019 TV Special)","Single Series/Movie","2019  ","2019  "
"Adam Sandler: 100% Fresh","(2018 TV Special)","Single Series/Movie","2018  ","2018  "
"Adel Karam: Live from Beirut","(2018 TV Special)","Single Series/Movie","2018  ","2018  "
"Adios Amigos",-2016,"Single Series/Movie",,2016
"Aditi Mittal: Things They Wouldn't Let Me Say","(2017 TV Special)","Single Series/Movie","2017  ","2017  "
ADN,-2020,"Single Series/Movie",,2020
Adú,-2020,"Single Series/Movie",,2020
"Adult Beginners",-2014,"Single Series/Movie",,2014
Advantageous,-2015,"Single Series/Movie",,2015
"Adventure Time",(2010-2018),"Series Concluded",2010,2018
Advokaten,"(2018- )","On Going",2018," "
Aelay,-2021,"Single Series/Movie",,2021
Aelliseu,-2020,"Single Series/Movie",,2020
Aenggeurimam,-2015,"Single Series/Movie",,2015
"Aetaneun Romaenseu",-2017,"Single Series/Movie",,2017
Afblijven,-2006,"Single Series/Movie",,2006
Afflicted,"(2018- )","On Going",2018," "
Affliction,"(III) (2021)","Single Series/Movie"," 2021"," 2021"
"Afonso Padilha: Alma de Pobre","(2020 TV Special)","Single Series/Movie","2020  ","2020  "
"Afro Samurai",-2007,"Single Series/Movie",,2007
"After Life","(2019- )","On Going",2019," "
"After Maria",-2019,"Single Series/Movie",,2019
"After Porn Ends",-2012,"Single Series/Movie",,2012
"After Porn Ends 2",-2017,"Single Series/Movie",,2017
"After Porn Ends 3",-2018,"Single Series/Movie",,2018
"After the Raid",-2019,"Single Series/Movie",,2019
"After Tiller",-2013,"Single Series/Movie",,2013
"After Trek",(2017-2018),"Series Concluded",2017,2018
"Afterlife of the Party",-2021,"Single Series/Movie",,2021
Aftermath,"(IV) (2021)","Single Series/Movie"," 2021"," 2021"
Again,,Unknown,,
"Against the Ice",-2021,"Single Series/Movie",,2021
"Against the Sun",-2014,"Single Series/Movie",,2014
"Age of Samurai: Battle for Japan","(2021- )","On Going",2021," "
Agent,"(2019- )","On Going",2019," "
"Agent King",,Unknown,,
"Agents of S.H.I.E.L.D.",(2013-2020),"Series Concluded",2013,2020
"Aggressive Retsuko","(2016- )","On Going",2016," "
Aggretsuko,"(2018- )","On Going",2018," "
"Aguacate El Fruto Del Cielo",-2021,"Single Series/Movie",,2021
"Agustín Aristarán: Soy Rada","(2018 TV Special)","Single Series/Movie","2018  ","2018  "
"Ahí te Encargo",-2020,"Single Series/Movie",,2020
"Ahiru no Sora","(2019- )","On Going",2019," "
"Ai hui lai",(2011-2012),"Series Concluded",2011,2012
"Ai-naki mori de sakebe",-2019,"Single Series/Movie",,2019
Ailiseu,(2009-2013),"Series Concluded",2009,2013
"Ainori Love Wagon: African Journey","(2020- )","On Going",2020," "
"Ainori Reboot","(2017- )","On Going",2017," "
"Ainori: Asian Journey","(2017- )","On Going",2017," "
"AJ and the Queen",-2020,"Single Series/Movie",,2020
"Ajeeb Daastaans",-2021,"Single Series/Movie",,2021
Ajin,"(2016- )","On Going",2016," "
Ajji,-2017,"Single Series/Movie",,2017
"AK vs AK",-2020,"Single Series/Movie",,2020
"Akame ga Kill!",-2014,"Single Series/Movie",,2014
"Akbar Birbal","(2014- )","On Going",2014," "
Akelarre,-2020,"Single Series/Movie",,2020
"Akhir Kisah Cinta Si Doel",-2020,"Single Series/Movie",,2020
Akjilkyungchal,-2019,"Single Series/Movie",,2019
"Al Hayba","(2017- )","On Going",2017," "
"Al midan",-2013,"Single Series/Movie",,2013
"Al posto suo","(2020 TV Movie)","Single Series/Movie","2020  ","2020  "
"Ala Vaikunthapurramuloo",-2020,"Single Series/Movie",,2020
"Alan Saldaña: Locked Up","(2021 TV Special)","Single Series/Movie","2021  ","2021  "
"Alan Saldaña: Mi vida de pobre","(2017 TV Special)","Single Series/Movie","2017  ","2017  "
"Alejandra Azcárate",,Unknown,,
"Alejandro Riaño: Especial de stand-up","(2018 TV Special)","Single Series/Movie","2018  ","2018  "
"Aleksandr's Price",-2013,"Single Series/Movie",,2013
Alex,(2017-2019),"Series Concluded",2017,2019
"Alex Fernández: El mejor comediante del mundo","(2020 TV Special)","Single Series/Movie","2020  ","2020  "
"Alex Strangelove",-2018,"Single Series/Movie",,2018
"Alexa & Katie",(2018-2020),"Series Concluded",2018,2020
"Alexis Viera, una historia de superación",-2019,"Single Series/Movie",,2019
Algoissjiman,"(2021- )","On Going",2021," "
"Alguien tiene que morir",-2020,"Single Series/Movie",,2020
"Alhambeura Goongjeonui Chooeok",(2018-2019),"Series Concluded",2018,2019
"Ali & the Queens",-2021,"Single Series/Movie",,2021
"Ali Wong: Baby Cobra","(2016 TV Special)","Single Series/Movie","2016  ","2016  "
"Ali Wong: Hard Knock Wife","(2018 TV Special)","Single Series/Movie","2018  ","2018  "
"Ali's Wedding",-2017,"Single Series/Movie",,2017
"Alias Grace",-2017,"Single Series/Movie",,2017
"Alice in Borderland","(2020- )","On Going",2020," "
"Alice in Wonderland",,Unknown,,
"Alice Júnior",-2019,"Single Series/Movie",,2019
"Alice Through the Looking Glass",-2016,"Single Series/Movie",,2016
"Alien Contact: Outer Space","(2017 Video)","Single Series/Movie","2017 ","2017 "
"Alien Secrets","(2006 Video)","Single Series/Movie","2006 ","2006 "
"Alien TV","(2020- )","On Going",2020," "
"Alien Warfare",-2019,"Single Series/Movie",,2019
"Alien Worlds",-2020,"Single Series/Movie",,2020
"Alien Xmas","(2020 TV Special)","Single Series/Movie","2020  ","2020  "
"Aliens on the Moon: The Truth Exposed","(2014 TV Movie)","Single Series/Movie","2014  ","2014  "
"Aliens: Zone of Silence",-2017,"Single Series/Movie",,2017
"Alive Inside",-2014,"Single Series/Movie",,2014
"All About The Washingtons",-2018,"Single Series/Movie",,2018
"All Because of You",-2020,"Single Series/Movie",,2020
"All Day and a Night",-2020,"Single Series/Movie",,2020
"All Hail King Julien",(2014-2017),"Series Concluded",2014,2017
"All Hail King Julien: Exiled",-2017,"Single Series/Movie",,2017
"All Hail King Julien: Happy Birthday to You!","(2017 TV Special)","Single Series/Movie","2017  ","2017  "
"All in My Family",-2019,"Single Series/Movie",,2019
"All on the Line","(2011- )","On Going",2011," "
"All Quiet on the Western Front",-2022,"Single Series/Movie",,2022
"All the Bright Places",-2020,"Single Series/Movie",,2020
"All the Queen's Men",-2001,"Single Series/Movie",,2001
"All the Right Moves",,Unknown,,
"All Together Now",-2020,"Single Series/Movie",,2020
"Alles is zoals het zou moeten zijn",-2020,"Single Series/Movie",,2020
"Alles ist gut",-2018,"Single Series/Movie",,2018
"Alles voor elkaar",-2017,"Single Series/Movie",,2017
Alma,"(2021- )","On Going",2021," "
"Alma Matters - Inside the IIT Dream",-2021,"Single Series/Movie",,2021
"Along Came Jones",-1945,"Single Series/Movie",,1945
"Along for the Ride",(II),Unknown,,
"Alors, heureux?","(2006 TV Movie)","Single Series/Movie","2006  ","2006  "
Alphablocks,(2010-2016),"Series Concluded",2010,2016
"AlRawabi School for Girls",-2021,"Single Series/Movie",,2021
"Als de dijken breken",-2016,"Single Series/Movie",,2016
"Alt Love Building",-2014,"Single Series/Movie",,2014
"Alta mar",(2019-2020),"Series Concluded",2019,2020
"Alter Me",-2020,"Single Series/Movie",,2020
"Altered Carbon",(2018-2020),"Series Concluded",2018,2020
"Altered Carbon: Resleeved",-2020,"Single Series/Movie",,2020
Aluna,-2012,"Single Series/Movie",,2012
"Alvin and the Chipmunks: The Squeakquel",-2009,"Single Series/Movie",,2009
"Alvinnn!!! And the Chipmunks","(2015- )","On Going",2015," "
"Always Be My Maybe",-2019,"Single Series/Movie",,2019
"Aman Ya Sahbi",-2017,"Single Series/Movie",,2017
"Amanda Knox",-2016,"Single Series/Movie",,2016
Amar,-2017,"Single Series/Movie",,2017
"Amar y Vivir","(2020- )","On Going",2020," "
Amateur,-2018,"Single Series/Movie",,2018
"Amazing Hotels: Life Beyond the Lobby","(2017- )","On Going",2017," "
"Amazing Interiors","(2018- )","On Going",2018," "
"Amazing On The Inside",,Unknown,,
"Amend: The Fight for America","(I) (2021)","Single Series/Movie"," 2021"," 2021"
"Amend: The Fight for America","(II) (2021)","Single Series/Movie"," 2021"," 2021"
"America: The Motion Picture",-2021,"Single Series/Movie",,2021
"American Crime Story","(2016- )","On Going",2016," "
"American Experience","(1988- )","On Going",1988," "
"American Factory",-2019,"Single Series/Movie",,2019
"American Factory: A Conversation with the Obamas",-2019,"Single Series/Movie",,2019
"American Horror Story","(2011- )","On Going",2011," "
"American Jesus",,Unknown,,
"American Masters","(1985- )","On Going",1985," "
"American Murder: The Family Next Door",-2020,"Single Series/Movie",,2020
"American Psycho",-2000,"Single Series/Movie",,2000
"American Son",-2019,"Single Series/Movie",,2019
"American Vandal",(2017-2018),"Series Concluded",2017,2018
"American Violence",-2017,"Single Series/Movie",,2017
"Amit Tandon: Family Tandoncies","(2019 TV Special)","Single Series/Movie","2019  ","2019  "
Amnesty,(II),Unknown,,
Amo,"(2017- )","On Going",2017," "
Amok,"(I) (2014)","Single Series/Movie"," 2014"," 2014"
"Amor con fianza","(2021- )","On Going",2021," "
"Amor de madre",-2022,"Single Series/Movie",,2022
"Amy Schumer: Growing","(2019 TV Special)","Single Series/Movie","2019  ","2019  "
"Amy Schumer: The Leather Special","(2017 TV Special)","Single Series/Movie","2017  ","2017  "
"An Act of War",-2015,"Single Series/Movie",,2015
"An Affair to Die For",-2019,"Single Series/Movie",,2019
"An Afternoon with SCTV","(TV Special)",Unknown," "," "
"An Astrological Guide for Broken Hearts",,Unknown,,
"An Interview with God",-2018,"Single Series/Movie",,2018
"An lian: Ju sheng huai nan",-2019,"Single Series/Movie",,2019
"Anatomy of a Love Seen",-2014,"Single Series/Movie",,2014
"Anatomy of a Scandal",,Unknown,,
Anazâ,-2012,"Single Series/Movie",,2012
"Ancient Extraterrestrials: Aliens and UFOs Before the Dawn of Time","(2012 Video)","Single Series/Movie","2012 ","2012 "
"And the Oscar Goes To...","(2014 TV Movie)","Single Series/Movie","2014  ","2014  "
"Andes Mágicos","(2019- )","On Going",2019," "
"Andið eðlilega",-2018,"Single Series/Movie",,2018
"André & His Olive Tree",-2020,"Single Series/Movie",,2020
Andropoz,,Unknown,,
"Anelka: Misunderstood",-2020,"Single Series/Movie",,2020
"Aneun Waipeu",-2018,"Single Series/Movie",,2018
"Ang probinsyano","(2015- )","On Going",2015," "
"Angel 'n' Devil",(2014-2015),"Series Concluded",2014,2015
"Angela's Christmas",-2017,"Single Series/Movie",,2017
"Angela's Christmas Wish",-2020,"Single Series/Movie",,2020
"Angkeumhan Dolshingnyeo","(2014- )","On Going",2014," "
"Angry Birds Blues",-2017,"Single Series/Movie",,2017
"Angry Birds Stella",(2014-2016),"Series Concluded",2014,2016
"Angry Birds Toons",(2013-2018),"Series Concluded",2013,2018
"Angry Birds: Summer Madness",,Unknown,,
"Angry Indian Goddesses",-2015,"Single Series/Movie",,2015
Anima,"(I) (2019)","Single Series/Movie"," 2019"," 2019"
"Animal Crackers",-2017,"Single Series/Movie",,2017
"Animal Farm",,Unknown,,
"Animal Kingdom","(2016- )","On Going",2016," "
"Animales sin collar",-2018,"Single Series/Movie",,2018
"Animals on the Loose: A You vs. Wild Movie","(2021 TV Movie)","Single Series/Movie","2021  ","2021  "
Ánimas,-2018,"Single Series/Movie",,2018
"Anitta: Made in Honório","(2020- )","On Going",2020," "
"Anjaan: Special Crimes Unit","(2018- )","On Going",2018," "
"Anjelah Johnson: Not Fancy","(2015 TV Special)","Single Series/Movie","2015  ","2015  "
"Anna Karenina",(III),Unknown,,
Annarasumanara,,Unknown,,
Anne,(2017-2019),"Series Concluded",2017,2019
Annihilation,-2018,"Single Series/Movie",,2018
"Annyeong? Naya!","(2021- )","On Going",2021," "
Anon,"(I) (2018)","Single Series/Movie"," 2018"," 2018"
"Another Life","(2019- )","On Going",2019," "
"Another Self",,Unknown,,
"Answer for Heaven","(2019- )","On Going",2019," "
"Anthony Jeselnik: Fire in the Maternity Ward","(2019 TV Special)","Single Series/Movie","2019  ","2019  "
"Anthony Jeselnik: Thoughts and Prayers","(2015 Video)","Single Series/Movie","2015 ","2015 "
"Anthony Joshua: The Road to Klitschko","(2017 TV Movie)","Single Series/Movie","2017  ","2017  "
"Antiracist Baby",,Unknown,,
"Antoine Griezmann: The Making of a Legend","(2019 TV Movie)","Single Series/Movie","2019  ","2019  "
"Antologi Rasa",-2019,"Single Series/Movie",,2019
"Anxious People",,Unknown,,
"Any Day Now","(I) (2012)","Single Series/Movie"," 2012"," 2012"
Anytown,-2009,"Single Series/Movie",,2009
"Ao no ekusoshisuto: Kuro no iede","(2011 Video)","Single Series/Movie","2011 ","2011 "
"Apache: La vida de Carlos Tevez",-2019,"Single Series/Movie",,2019
Apan,-2009,"Single Series/Movie",,2009
"Apenas o Fim",-2008,"Single Series/Movie",,2008
Apenstreken,-2015,"Single Series/Movie",,2015
"Apollo 10 1/2: A Space Age Adventure",-2022,"Single Series/Movie",,2022
Apostle,-2018,"Single Series/Movie",,2018
"Aram, Aram",-2015,"Single Series/Movie",,2015
"Arango y Sanint: Ríase el show","(2018 TV Special)","Single Series/Movie","2018  ","2018  "
Arangsaddojeon,-2012,"Single Series/Movie",,2012
Aranyak,,Unknown,,
"Arashi's Diary: Voyage",-2019,"Single Series/Movie",,2019
Arbitrage,-2012,"Single Series/Movie",,2012
Arcane,"(2021- )","On Going",2021," "
Archer,"(2009- )","On Going",2009," "
"Archibald's Next Big Thing",(2019-2020),"Series Concluded",2019,2020
"Archive 81",,Unknown,,
"Are You the One?","(2014- )","On Going",2014," "
Ares,-2020,"Single Series/Movie",,2020
"Året der gik","(2020 TV Special)","Single Series/Movie","2020  ","2020  "
"Areumdaun Sesang","(2019- )","On Going",2019," "
"Ari Shaffir: Double Negative","(2016 TV Special)","Single Series/Movie","2016  ","2016  "
"Ariana Grande: Excuse Me, I Love You",-2020,"Single Series/Movie",,2020
"Arifureta Shokugyou de Sekai Saikyou","(2019- )","On Going",2019," "
"Arlo the Alligator Boy","(2021 TV Movie)","Single Series/Movie","2021  ","2021  "
"Armed Girl's Machiavellism",-2017,"Single Series/Movie",,2017
"Army of the Dead",-2021,"Single Series/Movie",,2021
"Army of the Dead: Lost Vegas","(2022- )","On Going",2022," "
"Army of Thieves",-2021,"Single Series/Movie",,2021
ARQ,-2016,"Single Series/Movie",,2016
"Arranged Marriage",(III),Unknown,,
"Arrested Development",(2003-2019),"Series Concluded",2003,2019
Arrival,"(II) (2016)","Single Series/Movie"," 2016"," 2016"
Arrow,(2012-2020),"Series Concluded",2012,2020
"Arsenio Hall: Smart and Classy","(2019 TV Special)","Single Series/Movie","2019  ","2019  "
"Art of Flight: The Series","(2012- )","On Going",2012," "
"Art of the Game: Ukiyo-e Heroes",-2017,"Single Series/Movie",,2017
"Article 15",-2019,"Single Series/Movie",,2019
Artifact,-2012,"Single Series/Movie",,2012
"Aruna & Her Palate",-2018,"Single Series/Movie",,2018
"As We Sleep",-2002,"Single Series/Movie",,2002
Ascension,-2014,"Single Series/Movie",,2014
"Aseudal Yeondaegi","(2019- )","On Going",2019," "
"Ash vs Evil Dead",(2015-2018),"Series Concluded",2015,2018
Ashby,-2015,"Single Series/Movie",,2015
"Ashes of Love",-2018,"Single Series/Movie",,2018
"Ashley Garcia: Genius in Love","(2020 TV Special)","Single Series/Movie","2020  ","2020  "
"Ashley Madison: Sex, Lies & Cyber Attacks","(2016 TV Movie)","Single Series/Movie","2016  ","2016  "
"Ask 101","(2020- )","On Going",2020," "
"Ask Taktikleri",,Unknown,,
"Ask the Doctor","(2017- )","On Going",2017," "
"Ask the StoryBots",(2016-2019),"Series Concluded",2016,2019
"Ask-i Memnu",(2008-2010),"Series Concluded",2008,2010
"Asktan Kaçilmaz","(2014- )","On Going",2014," "
"Asobi Asobase","(2018- )","On Going",2018," "
"Asperger's Are Us",-2016,"Single Series/Movie",,2016
"Assassin's Creed",,Unknown,,
"Assassinio sul Tevere",-1979,"Single Series/Movie",,1979
Astérix,,Unknown,,
Astérix,-2023,"Single Series/Movie",,2023
"Astronomy Club",-2019,"Single Series/Movie",,2019
"Asukô mâchi: Asuka kôgyô kôkô monogatari","(2011- )","On Going",2011," "
"At the Dolphin Bay",-2003,"Single Series/Movie",,2003
"Atari: Game Over",-2014,"Single Series/Movie",,2014
"Ataúd Blanco: El Juego Diabólico",-2016,"Single Series/Movie",,2016
Atelier,-2015,"Single Series/Movie",,2015
Aterrados,-2017,"Single Series/Movie",,2017
"Athlete A",-2020,"Single Series/Movie",,2020
Atlantique,-2019,"Single Series/Movie",,2019
"Atomic Blonde",-2017,"Single Series/Movie",,2017
Atone,-2019,"Single Series/Movie",,2019
"Att angöra en brygga",-1965,"Single Series/Movie",,1965
"Att döda ett barn",-1953,"Single Series/Movie",,1953
Atypical,(2017-2021),"Series Concluded",2017,2021
"Au service de la France",(2015-2018),"Series Concluded",2015,2018
Audible,-2021,"Single Series/Movie",,2021
"Audrie & Daisy",-2016,"Single Series/Movie",,2016
"Auntie Claus",,Unknown,,
"Aunty Donna's Big Ol' House of Fun","(2020- )","On Going",2020," "
Aurora,"(IV) (2018)","Single Series/Movie"," 2018"," 2018"
"Autistic Driving School",-2010,"Single Series/Movie",,2010
Autohead,-2016,"Single Series/Movie",,2016
Autumn,"(I) (2009)","Single Series/Movie"," 2009"," 2009"
"Ava's Possessions",-2015,"Single Series/Movie",,2015
"Avatar: The Last Airbender",,Unknown,,
"Avatar: The Last Airbender",(2005-2008),"Series Concluded",2005,2008
Avengement,"(I) (2019)","Single Series/Movie"," 2019"," 2019"
"Avicii: True Stories",-2017,"Single Series/Movie",,2017
Avlu,"(2018- )","On Going",2018," "
Awake,"(III) (2021)","Single Series/Movie"," 2021"," 2021"
"Awake: The Million Dollar Game","(2019- )","On Going",2019," "
Away,-2020,"Single Series/Movie",,2020
Away,"(I) (2016)","Single Series/Movie"," 2016"," 2016"
"Axis Mundi","(2022- )","On Going",2022," "
Axone,-2019,"Single Series/Movie",,2019
"Ayotzinapa, El paso de la Tortuga",-2018,"Single Series/Movie",,2018
Azali,-2018,"Single Series/Movie",,2018
"Aziz Ansari Live in Madison Square Garden","(2015 TV Special)","Single Series/Movie","2015  ","2015  "
"Aziz Ansari: Buried Alive","(2013 TV Special)","Single Series/Movie","2013  ","2013  "
"Aziz Ansari: Right Now","(2019 TV Special)","Single Series/Movie","2019  ","2019  "
Azizler,-2021,"Single Series/Movie",,2021
"B: The Beginning","(2018- )","On Going",2018," "
"Baahubali: Before the Beginning",,Unknown,,
Babies,"(2020- )","On Going",2020," "
"Babies Behind Bars","(2011 TV Movie)","Single Series/Movie","2011  ","2011  "
Baby,(2018-2020),"Series Concluded",2018,2020
"Baby Ballroom","(2017- )","On Going",2017," "
"Baby Driver",-2017,"Single Series/Movie",,2017
"Baby Reindeer",,Unknown,,
Babylon,-2014,"Single Series/Movie",,2014
"BAC Nord",-2020,"Single Series/Movie",,2020
"Back Street Girls",-2018,"Single Series/Movie",,2018
"Back to the Outback",-2021,"Single Series/Movie",,2021
"Back With the Ex","(2018- )","On Going",2018," "
Backfire,"(II) (2017)","Single Series/Movie"," 2017"," 2017"
Backlash,-1956,"Single Series/Movie",,1956
Backstabbed,"(2016 TV Movie)","Single Series/Movie","2016  ","2016  "
"Bad Blood","(2017- )","On Going",2017," "
"Bad Blood","(II) (2015)","Single Series/Movie"," 2015"," 2015"
"Bad Boy","(I) (2020)","Single Series/Movie"," 2020"," 2020"
"Bad Boy Billionaires: India","(2020- )","On Going",2020," "
"Bad Day for the Cut",-2017,"Single Series/Movie",,2017
"Bad Investigate",-2018,"Single Series/Movie",,2018
"Bad Papa","(2018- )","On Going",2018," "
"Bad Samaritans",-2013,"Single Series/Movie",,2013
"Bad Trip",-2021,"Single Series/Movie",,2021
Badla,-2019,"Single Series/Movie",,2019
Baegabondeu,-2019,"Single Series/Movie",,2019
"Baekilui Nanggoonnim",-2018,"Single Series/Movie",,2018
Baggage,"(I) (2008)","Single Series/Movie"," 2008"," 2008"
Baires,-2015,"Single Series/Movie",,2015
"Bajo la piel de lobo",-2017,"Single Series/Movie",,2017
Bajocero,-2021,"Single Series/Movie",,2021
"Bake Squad","(2021- )","On Going",2021," "
Baki,(2018-2020),"Series Concluded",2018,2020
"Bakugan: Battle Planet","(2018- )","On Going",2018," "
Bala,-2019,"Single Series/Movie",,2019
"Ball and Chain",,Unknown,,
"Balle perdue",-2020,"Single Series/Movie",,2020
"Bameul geotneun seonbi",-2015,"Single Series/Movie",,2015
"Ban-deu-si jab-neun-da",-2017,"Single Series/Movie",,2017
"Banana Split",-2018,"Single Series/Movie",,2018
Bangistan,-2015,"Single Series/Movie",,2015
"Bangkok Breaking","(2021- )","On Going",2021," "
"Bangkok Buddies",-2019,"Single Series/Movie",,2019
"Bangkok Love Stories: Hey You","(2018- )","On Going",2018," "
"Bangkok Love Stories: Innocence",(2018-2019),"Series Concluded",2018,2019
"Bangkok Love Stories: Objects of Affection","(2019- )","On Going",2019," "
"Bangkok Love Stories: Plead","(2019- )","On Going",2019," "
"Bank el-Hazz",-2017,"Single Series/Movie",,2017
"Bankier van het verzet",-2018,"Single Series/Movie",,2018
Banlieusards,-2019,"Single Series/Movie",,2019
"Bap Jal Sajuneun Yeppeun Nuna",-2018,"Single Series/Movie",,2018
"Barami Boonda","(2019- )","On Going",2019," "
"Barangay 143","(2018- )","On Going",2018," "
Barbarians,"(2020- )","On Going",2020," "
"Barbie & Chelsea the Lost Birthday","(2021 Video)","Single Series/Movie","2021 ","2021 "
"Barbie Dreamhouse Adventures","(2018- )","On Going",2018," "
"Barbie Princess Adventure",-2020,"Single Series/Movie",,2020
"Barbie: Big City, Big Dreams","(2021 TV Movie)","Single Series/Movie","2021  ","2021  "
"Barbie: Dolphin Magic","(2017 Video)","Single Series/Movie","2017 ","2017 "
"Barbie: Happy Birthday to You!","(2017 TV Special)","Single Series/Movie","2017  ","2017  "
"Barbie: Life in the Dreamhouse","(2012- )","On Going",2012," "
"Barbra: The Music... The Mem'ries... The Magic!","(2017 TV Special)","Single Series/Movie","2017  ","2017  "
"Bard of Blood","(2019- )","On Going",2019," "
Bardo,,Unknown,,
Barry,"(II) (2016)","Single Series/Movie"," 2016"," 2016"
Bartita,-2012,"Single Series/Movie",,2012
Bartkowiak,-2021,"Single Series/Movie",,2021
Baruca,,Unknown,,
"Basilisk: Ouka Ninpouchou",-2018,"Single Series/Movie",,2018
"Basketball or Nothing","(2019- )","On Going",2019," "
"Bates Motel",(2013-2017),"Series Concluded",2013,2017
"Batman v Superman: Dawn of Justice",-2016,"Single Series/Movie",,2016
"Batman: The Movie",-1966,"Single Series/Movie",,1966
Battle,"(I) (2018)","Single Series/Movie"," 2018"," 2018"
"Battle Kitty","(2022- )","On Going",2022," "
"Battle of Britain",-1969,"Single Series/Movie",,1969
"Battle of the Hearts",-2020,"Single Series/Movie",,2020
"Battle: Freestyle",-2021,"Single Series/Movie",,2021
Battlefish,"(2018- )","On Going",2018," "
Bayoneta,-2018,"Single Series/Movie",,2018
Baywatch,-2017,"Single Series/Movie",,2017
"Be Here Now",-2015,"Single Series/Movie",,2015
Beastars,"(2019- )","On Going",2019," "
"Beasts of No Nation",-2015,"Single Series/Movie",,2015
"Beat Bugs",(2016-2018),"Series Concluded",2016,2018
"Beat Bugs: Happy Birthday to You!","(2017 TV Special)","Single Series/Movie","2017  ","2017  "
Beats,"(I) (2019)","Single Series/Movie"," 2019"," 2019"
"Beautiful Sunday",-2007,"Single Series/Movie",,2007
Beauty,-2021,"Single Series/Movie",,2021
"Beauty and the Beast",-1991,"Single Series/Movie",,1991
"Beauty and the Beast","(I) (2017)","Single Series/Movie"," 2017"," 2017"
Beckett,-2021,"Single Series/Movie",,2021
Becoming,"(II) (2020)","Single Series/Movie"," 2020"," 2020"
"Becoming Champions","(2018- )","On Going",2018," "
"Bed & Breakfast: Love is a Happy Accident",-2010,"Single Series/Movie",,2010
"Bee & Puppycat: Lazy in Space","(2013- )","On Going",2013," "
"Bee and PuppyCat","(2013- )","On Going",2013," "
Beef,,Unknown,,
"Been So Long",-2018,"Single Series/Movie",,2018
"Before I Wake",-2016,"Single Series/Movie",,2016
"Begin Again","(II) (2013)","Single Series/Movie"," 2013"," 2013"
"Behind Her Eyes",-2021,"Single Series/Movie",,2021
"Behind the Curtain: Todrick Hall",-2017,"Single Series/Movie",,2017
"Being Elmo: A Puppeteer's Journey",-2011,"Single Series/Movie",,2011
"Being Human",(2008-2013),"Series Concluded",2008,2013
"Being Mrs Elliot",-2014,"Single Series/Movie",,2014
"Being Napoleon",-2018,"Single Series/Movie",,2018
Beirut,-2018,"Single Series/Movie",,2018
"Bella Donna's",-2017,"Single Series/Movie",,2017
"Bellas de Noche",-2016,"Single Series/Movie",,2016
"Below Deck","(2013- )","On Going",2013," "
"Below Deck Mediterranean","(2016- )","On Going",2016," "
"Below Her Mouth",-2016,"Single Series/Movie",,2016
"Ben Platt Live from Radio City Music Hall","(2020 TV Special)","Single Series/Movie","2020  ","2020  "
"Ben X Jim","(2020- )","On Going",2020," "
Bendo,"(2022- )","On Going",2022," "
"Beneath the Leaves",-2019,"Single Series/Movie",,2019
"Beni Çok Sev",-2021,"Single Series/Movie",,2021
Benji,"(I) (2018)","Single Series/Movie"," 2018"," 2018"
"Benvenuto Presidente!",-2013,"Single Series/Movie",,2013
"Benvinguts a la família",(2018-2019),"Series Concluded",2018,2019
"Berlin Calling",-2008,"Single Series/Movie",,2008
"Berlin Syndrome",-2017,"Single Series/Movie",,2017
"Berlin, Berlin",-2020,"Single Series/Movie",,2020
"Berlin, I Love You",-2019,"Single Series/Movie",,2019
"Berserk: Ougon Jidai-hen I - Haou no Tamago",-2012,"Single Series/Movie",,2012
"Berserk: Ougon jidai-hen II - Dorudorei koryaku",-2012,"Single Series/Movie",,2012
"Berserk: Ougon jidai-hen III - Kourin",-2013,"Single Series/Movie",,2013
"Bert Kreischer: Hey Big Boy","(2020 TV Special)","Single Series/Movie","2020  ","2020  "
"Bert Kreischer: Secret Time","(2018 TV Special)","Single Series/Movie","2018  ","2018  "
"Bert Kreischer: The Machine","(2016 TV Special)","Single Series/Movie","2016  ","2016  "
"Bert Visscher: Zelden zoiets gezien","(2017 TV Special)","Single Series/Movie","2017  ","2017  "
Beruseruku,(2016-2017),"Series Concluded",2016,2017
"Best Leftovers Ever!","(2020- )","On Going",2020," "
"Best of Stand-up 2020","(2020 TV Special)","Single Series/Movie","2020  ","2020  "
"Best. Worst. Weekend. Ever.",-2018,"Single Series/Movie",,2018
Betaal,"(2020- )","On Going",2020," "
"Bethany Hamilton: Unstoppable",-2018,"Single Series/Movie",,2018
"Betoben baireoseu",-2008,"Single Series/Movie",,2008
Betonrausch,-2020,"Single Series/Movie",,2020
"Better Call Saul","(2015- )","On Going",2015," "
"Better Watch Out","(II) (2016)","Single Series/Movie"," 2016"," 2016"
"Bettie Page Reveals All",-2012,"Single Series/Movie",,2012
"Betty en NY","(2019- )","On Going",2019," "
Between,(2015-2016),"Series Concluded",2015,2016
"Between Two Ferns: The Movie",-2019,"Single Series/Movie",,2019
"Beuramseureul Joahaseyo",-2020,"Single Series/Movie",,2020
"Beverly Hills Cop 4",,Unknown,,
"Beyblade Burst","(2016- )","On Going",2016," "
"Beyond a Reasonable Doubt",-2009,"Single Series/Movie",,2009
"Beyond Stranger Things",-2017,"Single Series/Movie",,2017
"BG: Shinpen keigonin",(2018-2020),"Series Concluded",2018,2020
"Bhaag Beanie Bhaag","(2020- )","On Going",2020," "
"Bhaage Re Mann",,Unknown,,
"Bhangra Paa Le",-2020,"Single Series/Movie",,2020
Bhouri,-2016,"Single Series/Movie",,2016
"Bienvenidos a Edén","(2021- )","On Going",2021," "
"Big Bear",-2017,"Single Series/Movie",,2017
"Big Dreams, Small Spaces",(2014-2017),"Series Concluded",2014,2017
"Big Game",-2014,"Single Series/Movie",,2014
"Big Guns","(2006 Video)","Single Series/Movie","2006 ","2006 "
"Big in Bollywood",-2011,"Single Series/Movie",,2011
"Big Mouth","(2017- )","On Going",2017," "
"Big Timber","(2020- )","On Going",2020," "
"Big Vape",,Unknown,,
"Big Vape: The Incendiary Rise of Juul",,Unknown,,
"Big Words",-2013,"Single Series/Movie",,2013
BigBug,,Unknown,,
"Bigflo & Oli: Hip Hop Frenzy",-2020,"Single Series/Movie",,2020
"Biggie: I Got a Story to Tell",-2021,"Single Series/Movie",,2021
"Bikram: Yogi, Guru, Predator",-2019,"Single Series/Movie",,2019
Bikya,-2018,"Single Series/Movie",,2018
"Bill Burr: I'm Sorry You Feel That Way","(2014 TV Special)","Single Series/Movie","2014  ","2014  "
"Bill Burr: Paper Tiger","(2019 TV Special)","Single Series/Movie","2019  ","2019  "
"Bill Burr: Walk Your Way Out","(2017 TV Special)","Single Series/Movie","2017  ","2017  "
"Bill Burr: You People Are All the Same.","(2012 TV Special)","Single Series/Movie","2012  ","2012  "
"Bill Cosby: 77","(2014 Video)","Single Series/Movie","2014 ","2014 "
"Bill Cosby: Far from Finished","(2013 TV Special)","Single Series/Movie","2013  ","2013  "
"Bill Hicks: Reflections",-2015,"Single Series/Movie",,2015
"Bill Hicks: Relentless","(1992 Video)","Single Series/Movie","1992 ","1992 "
"Bill Hicks: Revelations","(1993 TV Special)","Single Series/Movie","1993  ","1993  "
"Bill Hicks: Sane Man","(1989 Video)","Single Series/Movie","1989 ","1989 "
"Bill Nye Saves the World",(2017-2018),"Series Concluded",2017,2018
Billions,"(2016- )","On Going",2016," "
"Bimilui Soop","(2017- )","On Going",2017," "
Bing-ui,"(2019- )","On Going",2019," "
Binsenjo,"(2021- )","On Going",2021," "
Biohackers,"(2020- )","On Going",2020," "
"Bir Baba Hindu",-2016,"Single Series/Movie",,2016
"Bir Baskadir","(2020- )","On Going",2020," "
"Bir Denizalti Hikayesi",,Unknown,,
"Bird Box",-2018,"Single Series/Movie",,2018
Birders,-2019,"Single Series/Movie",,2019
"Birdman or (The Unexpected Virtue of Ignorance)",-2014,"Single Series/Movie",,2014
Bitten,(2014-2016),"Series Concluded",2014,2016
"Bitter Daisies",(2018-2020),"Series Concluded",2018,2020
"Black Beach",-2020,"Single Series/Movie",,2020
"Black Clover",(2017-2021),"Series Concluded",2017,2021
"Black Crab",-2022,"Single Series/Movie",,2022
"Black Earth Rising",-2018,"Single Series/Movie",,2018
"Black Heart",-2014,"Single Series/Movie",,2014
"Black Ink Crew","(2012- )","On Going",2012," "
"Black Lagoon",-2006,"Single Series/Movie",,2006
"Black Lightning",(2017-2021),"Series Concluded",2017,2021
"Black Man White Skin",-2015,"Single Series/Movie",,2015
"Black Mirror","(2011- )","On Going",2011," "
"Black Mirror: Bandersnatch",-2018,"Single Series/Movie",,2018
"Black Privilege","(2019 TV Movie)","Single Series/Movie","2019  ","2019  "
"Black Sails",(2014-2017),"Series Concluded",2014,2017
"Black Site Delta",-2017,"Single Series/Movie",,2017
"Black Space","(2020- )","On Going",2020," "
"Black Stallions",,Unknown,,
"Black Summer","(2019- )","On Going",2019," "
Blackout,"(2013 TV Movie)","Single Series/Movie","2013  ","2013  "
Blackout,(XLI),Unknown,,
"Blackpink: Light Up the Sky",-2020,"Single Series/Movie",,2020
Blame!,-2017,"Single Series/Movie",,2017
"Blanche comme neige",-2019,"Single Series/Movie",,2019
Blasted,-2022,"Single Series/Movie",,2022
"Blazing Transfer Students",-2017,"Single Series/Movie",,2017
"Bleach: Burîchi",(2004-2012),"Series Concluded",2004,2012
"Bleach: Burîchu",-2018,"Single Series/Movie",,2018
"Bling Empire","(2021- )","On Going",2021," "
Blitz,-2011,"Single Series/Movie",,2011
Blockbuster,-2018,"Single Series/Movie",,2018
"Bloed, Zweet & Tranen",-2015,"Single Series/Movie",,2015
Blonde,"(II) (2022)","Single Series/Movie"," 2022"," 2022"
"Blood & Water","(2020- )","On Going",2020," "
"Blood Brother",-2013,"Single Series/Movie",,2013
"Blood Brother",-2018,"Single Series/Movie",,2018
"Blood Brothers: Malcolm X & Muhammad Ali",-2021,"Single Series/Movie",,2021
"Blood Cells",-2014,"Single Series/Movie",,2014
"Blood of Zeus","(2020- )","On Going",2020," "
"Blood Red Sky",-2021,"Single Series/Movie",,2021
Bloodline,(2015-2017),"Series Concluded",2015,2017
Bloodride,"(2020- )","On Going",2020," "
Bloom,,Unknown,,
"Bloom Into You","(2018- )","On Going",2018," "
"Blown Away","(2019- )","On Going",2019," "
Blue,"(II) (2009)","Single Series/Movie"," 2009"," 2009"
"Blue Bloods","(2010- )","On Going",2010," "
"Blue Eye Samurai",,Unknown,,
"Blue Gold: American Jeans",-2014,"Single Series/Movie",,2014
"Blue Jasmine",-2013,"Single Series/Movie",,2013
"Blue Jay","(I) (2016)","Single Series/Movie"," 2016"," 2016"
"Blue Kids",-2017,"Single Series/Movie",,2017
"Blue Miracle",-2021,"Single Series/Movie",,2021
"Blue Mountain State",(2010-2011),"Series Concluded",2010,2011
"Blue Mountain State: The Rise of Thadland",-2016,"Single Series/Movie",,2016
BNA,-2020,"Single Series/Movie",,2020
"Bo Burnham: Inside","(2021 TV Special)","Single Series/Movie","2021  ","2021  "
"Bo Burnham: Make Happy","(2016 TV Special)","Single Series/Movie","2016  ","2016  "
"Bo Burnham: what.","(2013 TV Special)","Single Series/Movie","2013  ","2013  "
"Bob Ross: Happy Accidents, Betrayal & Greed",-2021,"Single Series/Movie",,2021
"Bob Saget: That's What I'm Talkin' About","(2013 TV Special)","Single Series/Movie","2013  ","2013  "
"Bobby Kennedy for President",-2018,"Single Series/Movie",,2018
"Bobby Robson: More Than a Manager",-2018,"Single Series/Movie",,2018
"Boca a Boca","(I) (2020- )","On Going"," 2020"," "
"Boca Juniors Confidencial",-2018,"Single Series/Movie",,2018
Bodyguard,-2018,"Single Series/Movie",,2018
Bodyguard,"(I) (2011)","Single Series/Movie"," 2011"," 2011"
"Bogdan Boner: Egzorcysta","(2020- )","On Going",2020," "
Boi,-2019,"Single Series/Movie",,2019
Boiseu,(2017-2021),"Series Concluded",2017,2021
"BoJack Horseman",(2014-2020),"Series Concluded",2014,2020
Bojwagwan,"(2019- )","On Going",2019," "
"Boku dake ga inai machi",-2016,"Single Series/Movie",,2016
"Boku dake ga inai machi",-2017,"Single Series/Movie",,2017
"Boku no hîrô akademia","(2016- )","On Going",2016," "
"Boku wa tomodachi ga sukunai","(2011- )","On Going",2011," "
"Bolbol Hayran",-2010,"Single Series/Movie",,2010
"Bolívar: Una lucha admirable",-2019,"Single Series/Movie",,2019
"Bom Dia, Verônica","(2020- )","On Going",2020," "
Bombairiya,-2019,"Single Series/Movie",,2019
Bombam,"(2019- )","On Going",2019," "
"Bombay Begums","(2021- )","On Going",2021," "
"Bombay Rose",-2019,"Single Series/Movie",,2019
"Bon Bini Holland",-2015,"Single Series/Movie",,2015
"Bon Cop Bad Cop 2",-2017,"Single Series/Movie",,2017
"Bon Cop, Bad Cop",-2006,"Single Series/Movie",,2006
Bonding,(2018-2021),"Series Concluded",2018,2021
Bone,,Unknown,,
Bongwater,-1998,"Single Series/Movie",,1998
Bonusfamiljen,"(2017- )","On Going",2017," "
"Boo, Bitch",,Unknown,,
Booba,"(2014- )","On Going",2014," "
"Booba: Food Puzzle","(2020- )","On Going",2020," "
"Bookmarks: Celebrating Black Voices","(2020- )","On Going",2020," "
Booksmart,-2019,"Single Series/Movie",,2019
"Boons and Curses",,Unknown,,
"Border Security: America's Front Line","(2016- )","On Going",2016," "
"Border: Keishichô Sôsa Ikka Satsujinhan Sôsa Dai 4-gakkari","(2014- )","On Going",2014," "
"BORDER2 Shokuzai","(2017 TV Movie)","Single Series/Movie","2017  ","2017  "
Borderline,(2016-2017),"Series Concluded",2016,2017
Borgen,"(2010- )","On Going",2010," "
Borgia,(2011-2014),"Series Concluded",2011,2014
"Born to Be Blue",-2015,"Single Series/Movie",,2015
"Born to Raise Hell",-2010,"Single Series/Movie",,2010
"Børning 3",-2020,"Single Series/Movie",,2020
Borstal,-2017,"Single Series/Movie",,2017
Börü,-2018,"Single Series/Movie",,2018
Boss,(2011-2012),"Series Concluded",2011,2012
"Bottersnikes & Gumbles","(2015- )","On Going",2015," "
"Bottled Life: Nestle's Business with Water",-2012,"Single Series/Movie",,2012
"Bottom of the World",-2017,"Single Series/Movie",,2017
"Boy Meets Girl","(I) (2014)","Single Series/Movie"," 2014"," 2014"
"Boyka: Undisputed IV","(2016 Video)","Single Series/Movie","2016 ","2016 "
"Brad Paisley's Comedy Rodeo","(2017 TV Special)","Single Series/Movie","2017  ","2017  "
"Brahman Naman",-2016,"Single Series/Movie",,2016
"Brain on Fire",-2016,"Single Series/Movie",,2016
Brainchild,"(2018- )","On Going",2018," "
"Brand New Cherry Flavor",-2021,"Single Series/Movie",,2021
Braqueurs,,Unknown,,
Braqueurs,-2015,"Single Series/Movie",,2015
Brasslands,-2013,"Single Series/Movie",,2013
"Brave Blue World",-2019,"Single Series/Movie",,2019
"Brave Miss World",-2013,"Single Series/Movie",,2013
"Braxton Family Values","(2011- )","On Going",2011," "
Breach,"(IV) (2020)","Single Series/Movie"," 2020"," 2020"
"Bread Barbershop","(2020- )","On Going",2020," "
BreadCrumbs,-2011,"Single Series/Movie",,2011
Break,"(IV) (2018)","Single Series/Movie"," 2018"," 2018"
"Break It All: The History of Rock in Latin America",-2020,"Single Series/Movie",,2020
"Breakfast at Tiffany's",-1961,"Single Series/Movie",,1961
"Breakfast, Lunch & Dinner","(2019- )","On Going",2019," "
"Breaking Bad",(2008-2013),"Series Concluded",2008,2013
"Breaking Boundaries: The Science of Our Planet",-2021,"Single Series/Movie",,2021
"Breaking the Bee",-2018,"Single Series/Movie",,2018
Breathe,(IV),Unknown,,
"Brené Brown: The Call to Courage",-2019,"Single Series/Movie",,2019
"Brent Morin: I'm Brent Morin","(2015 TV Special)","Single Series/Movie","2015  ","2015  "
"Brews Brothers","(2020- )","On Going",2020," "
"Brian Regan: Nunchucks and Flamethrowers","(2017 TV Special)","Single Series/Movie","2017  ","2017  "
"Brian Regan: On the Rocks","(2021 TV Special)","Single Series/Movie","2021  ","2021  "
Bridegroom,-2013,"Single Series/Movie",,2013
Bridgerton,"(2020- )","On Going",2020," "
"Brigada Costa del Sol",-2019,"Single Series/Movie",,2019
Bright,"(I) (2017)","Single Series/Movie"," 2017"," 2017"
"Bright 2",,Unknown,,
"Bright: Samurai Soul",,Unknown,,
"Brij Mohan Amar Rahe",-2017,"Single Series/Movie",,2017
Broadchurch,(2013-2017),"Series Concluded",2013,2017
Broken,"(2019- )","On Going",2019," "
"Broken City",-2013,"Single Series/Movie",,2013
Bronx,-2020,"Single Series/Movie",,2020
Brooklyn,-2015,"Single Series/Movie",,2015
"Brooklyn Nine-Nine",(2013-2022),"Series Concluded",2013,2022
"Brooklyn's Finest",-2009,"Single Series/Movie",,2009
"Brotherly Love","(III) (2015)","Single Series/Movie"," 2015"," 2015"
"Brown Nation",-2016,"Single Series/Movie",,2016
Bruised,-2020,"Single Series/Movie",,2020
"Bruna Surfistinha",-2011,"Single Series/Movie",,2011
"Bruno & Boots: Go Jump in the Pool","(2016 TV Movie)","Single Series/Movie","2016  ","2016  "
"Bruno Motta: Melhor que os Outros Stand Ups que Eu Já Fiz em 15 Anos de Carreira","(2017 TV Special)","Single Series/Movie","2017  ","2017  "
"Bruno Motta: O Show do Ano","(2011 TV Special)","Single Series/Movie","2011  ","2011  "
BRZRKR,,Unknown,,
Bubbles,(I),Unknown,,
Bucin,-2020,"Single Series/Movie",,2020
Budapest,-2018,"Single Series/Movie",,2018
Buddi,"(2020- )","On Going",2020," "
"Buddy Thunderstruck",-2017,"Single Series/Movie",,2017
Buds,-2016,"Single Series/Movie",,2016
Bulbbul,-2020,"Single Series/Movie",,2020
"Bulbul Tarang",-2022,"Single Series/Movie",,2022
"Bullet Head",-2017,"Single Series/Movie",,2017
Bulyaseong,(2016-2017),"Series Concluded",2016,2017
"Bumi Manusia",-2019,"Single Series/Movie",,2019
"Bump of Chicken Tour 2019: aurora ark Tokyo Dome",-2020,"Single Series/Movie",,2020
Bumperkleef,-2019,"Single Series/Movie",,2019
"Bumping Mics with Jeff Ross & Dave Attell","(2018- )","On Going",2018," "
"Bungou Stray Dogs","(2016- )","On Going",2016," "
"Buried by the Bernards","(2021- )","On Going",2021," "
"Burn Out","(I) (2017)","Single Series/Movie"," 2017"," 2017"
"Burning Daylight",-2010,"Single Series/Movie",,2010
"Burning Sands",-2017,"Single Series/Movie",,2017
"Burt's Buzz",-2013,"Single Series/Movie",,2013
"Busted! I Know Who You Are!",(2018-2021),"Series Concluded",2018,2021
"Button Man: The Killing Game",,Unknown,,
"Byeol-e-seo on geu-dae",(2013-2014),"Series Concluded",2013,2014
Byeong-won-seon,-2017,"Single Series/Movie",,2017
"Byeonhyeokui Sarang",-2017,"Single Series/Movie",,2017
"Byron Baes",,Unknown,,
"Byuti Insaideu",-2018,"Single Series/Movie",,2018
"C'est quoi cette famille?!",-2016,"Single Series/Movie",,2016
"Cabins in the Wild with Dick Strawbridge",-2017,"Single Series/Movie",,2017
"Cabras da Peste",-2021,"Single Series/Movie",,2021
"Café dans le temps","(2019- )","On Going",2019," "
Caïd,"(2021- )","On Going",2021," "
"Cain and Abel",-2009,"Single Series/Movie",,2009
Calibre,-2018,"Single Series/Movie",,2018
Californication,(2007-2014),"Series Concluded",2007,2014
"Call Me Lucky",-2015,"Single Series/Movie",,2015
"Call Your Daughter Home",,Unknown,,
"Calum Von Moger: Unbroken",-2019,"Single Series/Movie",,2019
Cam,-2018,"Single Series/Movie",,2018
"Camino a Roma",-2020,"Single Series/Movie",,2020
"Can Dostlar",-2019,"Single Series/Movie",,2019
"Cancer's Last Stand",-2017,"Single Series/Movie",,2017
"Canciones y Recuerdos",,Unknown,,
"Candy Jar",-2018,"Single Series/Movie",,2018
"Canine Intervention","(2021- )","On Going",2021," "
"Cannon Busters","(2019- )","On Going",2019," "
"Cannot Write","(2021- )","On Going",2021," "
Canvas,"(III) (2020)","Single Series/Movie"," 2020"," 2020"
"Cap Kakumei Bottleman","(2020- )","On Going",2020," "
"Capital C",-2014,"Single Series/Movie",,2014
Capitani,(2019-2020),"Series Concluded",2019,2020
"Captain America: Civil War",-2016,"Single Series/Movie",,2016
"Captain Fall",,Unknown,,
"Captain Laserhawk: A Blood Dragon Remix",,Unknown,,
Captive,"(2016- )","On Going",2016," "
"Car Masters: Rust to Riches","(2018- )","On Going",2018," "
"Cardboard Gangsters",-2017,"Single Series/Movie",,2017
"Care Bears and Cousins",(2015-2016),"Series Concluded",2015,2016
Cargo,"(I) (2017)","Single Series/Movie"," 2017"," 2017"
"Carlos Almaraz: Playing with Fire",-2019,"Single Series/Movie",,2019
"Carlos Ballarta: Furia ñera","(2018 TV Special)","Single Series/Movie","2018  ","2018  "
"Carmel: ¿Quién mató a María Marta?",-2020,"Single Series/Movie",,2020
"Carmen Sandiego",,Unknown,,
"Carmen Sandiego",(2019-2021),"Series Concluded",2019,2021
"Carmen Sandiego: To Steal or Not to Steal",-2020,"Single Series/Movie",,2020
Carnaval,-2021,"Single Series/Movie",,2021
"Carole & Tuesday",-2019,"Single Series/Movie",,2019
"Cars 3",-2017,"Single Series/Movie",,2017
"Cash Only",-2015,"Single Series/Movie",,2015
"Casi Feliz","(2020- )","On Going",2020," "
"Cast Party","(II) (2015)","Single Series/Movie"," 2015"," 2015"
Caste,,Unknown,,
"Casting JonBenet",-2017,"Single Series/Movie",,2017
"Castle & Castle","(2018- )","On Going",2018," "
"Castle Rock",(2018-2019),"Series Concluded",2018,2019
Castlevania,(2017-2021),"Series Concluded",2017,2021
"Cat People","(2021- )","On Going",2021," "
"CAT. 8","(2013- )","On Going",2013," "
"Catching Feelings",-2017,"Single Series/Movie",,2017
"Cateva conversatii despre o fata foarte inalta",-2018,"Single Series/Movie",,2018
Catfight,"(I) (2016)","Single Series/Movie"," 2016"," 2016"
"CCTV: Caught on Camera","(2014- )","On Going",2014," "
"Cedonia Avenue",-2015,"Single Series/Movie",,2015
"Cedric the Entertainer: Live from the Ville","(2016 TV Special)","Single Series/Movie","2016  ","2016  "
"Cek Toko Sebelah: The Series",(2018-2019),"Series Concluded",2018,2019
"Celeste & Jesse Forever",-2012,"Single Series/Movie",,2012
Cellmates,-2011,"Single Series/Movie",,2011
"Cementerio General",-2013,"Single Series/Movie",,2013
Centauro,-2022,"Single Series/Movie",,2022
Centaurworld,"(2021- )","On Going",2021," "
"Chadwick Boseman: Portrait of an Artist",-2021,"Single Series/Movie",,2021
"Challenger: The Final Flight",-2020,"Single Series/Movie",,2020
"Chaman Bahaar",-2020,"Single Series/Movie",,2020
Chambers,-2019,"Single Series/Movie",,2019
Champions,-2018,"Single Series/Movie",,2018
Champs,-2014,"Single Series/Movie",,2014
"Chandni Bar",-2001,"Single Series/Movie",,2001
"Change Agent",,Unknown,,
"Channeru wa sono mama!",-2019,"Single Series/Movie",,2019
"Chanranhan yusan",-2009,"Single Series/Movie",,2009
"Chapo: el escape del siglo",-2016,"Single Series/Movie",,2016
"Chappelle's Show",(2003-2006),"Series Concluded",2003,2006
Charité,"(2017- )","On Going",2017," "
"Charlie and the Chocolate Factory",,Unknown,,
"Charlie's Angels",-2019,"Single Series/Movie",,2019
"Charlie's Colorforms City","(2019- )","On Going",2019," "
Charming,-2018,"Single Series/Movie",,2018
"Chasing Beauty",-2013,"Single Series/Movie",,2013
"Chasing Cameron","(2016- )","On Going",2016," "
"Chasing Coral",-2017,"Single Series/Movie",,2017
Chatroom,-2010,"Single Series/Movie",,2010
"Check Point",-2017,"Single Series/Movie",,2017
Cheer,-2020,"Single Series/Movie",,2020
Cheers,(1982-1993),"Series Concluded",1982,1993
"Cheese in the Trap",-2016,"Single Series/Movie",,2016
"Chef's Table",(2015-2019),"Series Concluded",2015,2019
"Chef's Table: BBQ","(2020- )","On Going",2020," "
"Chef's Table: France","(2016- )","On Going",2016," "
"Chek dou",-2015,"Single Series/Movie",,2015
Chelsea,(2016-2017),"Series Concluded",2016,2017
"Chelsea Does",-2016,"Single Series/Movie",,2016
"Chelsea Peretti: One of the Greats","(2014 TV Special)","Single Series/Movie","2014  ","2014  "
"Chemi Bednieri Ojakhi",-2017,"Single Series/Movie",,2017
"Chen qing ling",-2019,"Single Series/Movie",,2019
Cheongchunsidae,(2016-2017),"Series Concluded",2016,2017
Chernobyl,-2021,"Single Series/Movie",,2021
"Chesapeake Shores","(2016- )","On Going",2016," "
Chevolution,-2008,"Single Series/Movie",,2008
"Chewing Gum",(2015-2017),"Series Concluded",2015,2017
"Chhota Bheem","(2008- )","On Going",2008," "
"Chhota Bheem Kung Fu Dhamaka",-2019,"Single Series/Movie",,2019
"Chi m'ha visto",-2017,"Single Series/Movie",,2017
"Chiamatemi Francesco","(2016- )","On Going",2016," "
"Chicago Overcoat",-2009,"Single Series/Movie",,2009
