Movies,Year,Directors
"¡A cantar!","(2020- )"," Salva Romero"
"¡Ay, mi madre!",-2019,"Frank Ariza , Rafa Montesinos"
"¿A quién te llevarías a una isla desierta?",-2019,"Jota Linares"
"¿Quién Mató a Sara?","(2021- )"," David Ruiz , Bernardo Dela Rosa Villarreal"
(Un)Well,"(2020- )",
"#AnneFrank - Parallel Stories",-2019,"Sabina Fedeli , Anna Migotto"
#BlackAF,-2020,
#cats_the_mewvie,-2020,"Michael Margolis"
#differentnotless,"(2017- )",
#HappyBirthdaySense8,-2017,"Josh Oreck"
#Realityhigh,-2017,"Fernando Lebrija"
#Rucker50,-2016,"Robert Mc Cullough Jr."
#Saraitda,-2020,"Il Cho"
#TemanTapiMenikah,-2018,"Rako Prijanto"
#TemanTapiMenikah2,-2020,"Rako Prijanto"
"1 Chance 2 Dance",-2014,"Adam Deyoe"
"1,000,000 yen no Onnatachi",-2017,
"10 000 timmar",-2014,"Joachim Hedén"
"10 Days in Sun City",-2017,"Adze Ugah"
"100 días para enamorarnos","(2020- )",
"100 Humans","(2020- )",
"100 metros",-2016,"Marcel Barrena"
"100-man no Inochi no Ue ni Ore wa Tatte Iru","(2020- )",
"100% Coco",-2017,"Tessa Schram"
"100% Hotter","(2016- )",
"101 Dalmatians",-1996,"Stephen Herek"
"12 Monkeys",(2015-2018),
"12 Rounds 3: Lockdown",-2015,"Stephen Reynolds"
"127 Hours",-2010,"Danny Boyle"
"13 Geboden",(2017-2018),
"13 Minutes",,
"13 Reasons Why",(2017-2020)," Brenda Strong , Brian Yorkey , Michael Sucsy , Russell Mulcahy , Sunu Gonera , Tommy Lohmann"
"13 Reasons Why: Season 2 Date Announcement Commercial",-2018,"Greg Jardin"
"13: The Musical",,"Tamra Davis"
13th,-2016,"Ava Du Vernay"
"13th: A Conversation with Oprah Winfrey & Ava DuVernay","(2017 Video)",
"15 August",-2019,"Swapnaneel Jaykar"
"17 filles",-2011,"Delphine Coulin , Muriel Coulin"
"18 regali",-2020,"Francesco Amato"
"1898. Los últimos de Filipinas",-2016,"Salvador Calvo"
1899,"(2022- )"," Baranbo Odar"
1920,-2008,"Vikram Bhatt"
"1920 London",-2016,"Dharmendra Suresh Desai"
1922,-2017,"Zak Hilditch"
1983,-2018,
1994,"(I) (2019- )",
"1994: Poder, Rebeldía y Crimen en México",-2019,
"2 Weeks",-2013,
2:22,-2008,"Phillip Guzman"
"2001: A Space Odyssey",-1968,"Stanley Kubrick"
"2006 Independent Spirit Awards","(2006 TV Special)","Chris Donovan"
"2020 Golden Globe Awards","(2020 TV Special)","Louis J.Horvitz"
2067,-2020,"Seth Larney"
"21 Days Under the Sky",-2016,"Michael Schmidt"
"21 Sarfarosh Saragarhi 1897","(2018- )",
"21 Thunder","(2017- )",
"22 July",-2018,"Paul Greengrass"
"22nd Annual Mark Twain Prize for American Humor celebrating: Dave Chappelle","(2020 TV Special)","Chris Robinson"
23:59,-2011,"Gilbert Chan"
"26 nyeon",-2012,"Geun-hyun Cho"
2gether,-2020,
"3 Geezers!",-2013,"Michelle Schumacher"
"3 Türken & ein Baby",-2015,"Sinan Akkus"
3%,(2016-2020),
300,-2006,"Zack Snyder"
"300: Rise of an Empire",-2014,"Noam Murro"
"365 dni",-2020,"Barbara Bialowas , Tomasz Mandes"
"37 sekanzu",-2019,Hikari
"3Below: Tales of Arcadia",(2018-2019),"Andrew L.Schmidt Elaine Bogan - Francisco Ruiz-Velasco Rodrigo Blaas , Johane Matte"
"3rd Rock from the Sun",(1996-2001),
"4 latas",-2019,"Gerardo Olivares"
"42 días en la oscuridad",,
"44 Gatti","(2018- )",
"45 Revoluciones",-2019,
"46 Yok Olan",-2016,
50M2,"(2021- )"," Burak Aksak , Selçuk Aydemir"
"6 Balloons",-2018,"Marja-Lewis Ryan"
"6 Below: Miracle on the Mountain",-2017,"Scott Waugh"
"6 Days","(I) (2017)","Toa Fraser"
"6 Underground",-2019,"Michael Bay"
"6 Years",-2015,"Hannah Fidell"
6-5=2,-2014,"Bharat Jain"
"60 Il, Jijeongsaengjonja",-2019,
"7 años",-2016,"Roger Gual"
"7 Chinese Brothers",-2015,"Bob Byington"
"7 Days Out","(2018- )",
"7 Guardians of the Tomb",-2018,"Kimble Rendall"
"7 Ilui Wangbi",-2017,
"7 Prisioneiros",-2021,"Alexandre Moratto"
7:19,-2016,"Jorge Michel Grau"
"71st Golden Globe Awards","(2014 TV Special)","Louis J.Horvitz"
"72 Dangerous Animals - Asia","(2018- )",
"72 Dangerous Animals: Latin America",-2017,
76,-2016,"Izu Ojukwu"
7Seeds,(2019-2020),
8:46,"(2020 TV Special)","Steven Bognar , Julia Reichert"
"800 metros","(2021- )"," León Siminiani"
"9 Kere Leyla",-2020,"Ezel Akay"
"A 3 Minute Hug",-2019,"Everardo González"
"A Babysitter's Guide to Monster Hunting",-2020,"Rachel Talalay"
"A Boy Called Christmas",-2021,"Gil Kenan"
"A California Christmas",-2020,"Shaun Paul Piccinino"
"A cambio de nada",-2015,"Daniel Guzmán"
"A Castle for Christmas",-2021,"Mary Lambert"
"A Chorus Line",,
"A Christmas Prince",-2017,"Alex Zamm"
"A Christmas Prince: The Royal Baby",-2019,"John Schultz"
"A Christmas Prince: The Royal Wedding",-2018,"John Schultz"
"A Christmas Tree Miracle",-2013,J.W.Myers
"A Cinderella Story",-2004,"Mark Rosman"
"A Cinderella Story: Christmas Wish","(2019 Video)","Michelle Johnston"
"A Classic Horror Story",-2021,"Roberto De Feo , Paolo Strippoli"
"A Decade of Decadence, Pt. 2: Legacy of Dreams","(2013 Video)","Drew Glick"
"A Dog's Life: The Oscar Lose Story","(2008 Video)","Rick Pamplin"
"A Fall from Grace",-2020,"Tyler Perry"
"A Family Reunion Christmas","(2019 TV Movie)","Robbie Countryman"
"A Faster Horse",-2015,"David Gelb"
"A Field Full of Secrets",-2014,"Charles Maxwell"
"A Final Cut for Orson: 40 Years in the Making",-2018,"Ryan Suffern"
"A Futile and Stupid Gesture",-2018,"David Wain"
"A Garota Invisível",-2021,"Mauricio Eça"
"A Go! Go! Cory Carson Christmas","(2020 TV Special)","Stanley Moore , Alex Woo"
"A Go! Go! Cory Carson Halloween","(2020 TV Special)","Stanley Moore , Alex Woo"
"A god in ruins",,
"A Haunting at Silver Falls 2",-2019,"Teo Konuralp"
"A Jazzman's Blues",-2022,"Tyler Perry"
"A Killer Uncaged",-2020,
"A Life in Men",,
"A Little Help with Carol Burnett",-2018,
"A Love So Beautiful","(2020- )",
"A Love Song for Latasha",-2019,"Sophia Nahli Allison"
"A Love to Last",-2017,
"A Madea Homecoming",-2022,"Tyler Perry"
"A Man Apart",-2003,"F.Gary Gray"
"A Man for All Seasons",-1966,"Fred Zinnemann"
"A Martfüi Rém - A Sorozat","(2020- )",
"A mil kilómetros de la Navidad",-2021,"Álvaro Fernández Armero"
"A Million Colours",-2011,"Peter Bishai"
"A New York Christmas Wedding",-2020,"Otoja Abit"
"A Night for Dying Tigers",-2010,"Terry Miles"
"A Note of Explanation",,
"A Perfect Crime",-2020,
"A Perfect Ending",-2012,"Nicole Conn"
"A Perfect Fit",-2021,"Hadrah Daeng Ratu"
"A pesar de todo",-2019,"Gabriela Tagliavini"
"A Plastic Ocean",-2016,"Craig Leeson"
"A Prayer Before Dawn",-2017,"Jean-Stéphane Sauvaire"
"A Primeira Tentação de Cristo",-2019,"Rodrigo Van Der Put"
"A Scandall",-2016,"Ishaan Trivedi"
"A Second Chance: Rivals!",-2019,"Clay Glen"
"A Secret Love",-2020,"Chris Bolan"
"A Series of Unfortunate Events",(2017-2019),
"A Shaun the Sheep Movie: Farmageddon",-2019,"Will Becher , Richard Phelan"
"A StoryBots Christmas","(2017 TV Movie)","Jeff Gill , Evan Spiridellis"
"A Suitable Boy","(2020- )"," Mira Nair , Shimit Amin"
"A Taiwanese Tale of Two Cities","(2018- )",
"A Tale Dark & Grimm","(2021- )",
"A Tale Dark and Grimm",,"Simon Otto"
"A Tale of Two Kitchens",-2019,"Trisha Ziff"
"A Thousand Goodnights","(2019- )",
"A Tiger in the Dark: The Decadence Saga","(2014 Video)","Drew Glick"
"A Time Lost",(II),
"A Toca","(2013- )",
"À tombeau ouvert",,"Régis Blondeau"
"A Trash Truck Christmas","(2020 TV Special)","Eddie Rosas"
"A Través De Mi Ventana",,"Marçal Forés"
"A United Kingdom",-2016,"Amma Asante"
"A Very Murray Christmas","(2015 TV Special)","Sofia Coppola"
"A Walk to Remember",-2002,"Adam Shankman"
"A Week Away",-2021,"Roman White"
"A Week in Watts",-2018,"Gregory Caruso"
"A Weekend with the Family",-2016,"Chris Stokes"
"A Wish For Christmas","(2016 TV Movie)","Christie Will Wolf"
"A Year in Burgundy",-2013,"David Kennard"
"A Year in Space","(2015- )",
"A Yellow Bird",-2016,KRajagopal
A-reu-gon,-2017,
"A.I.C.O. Incarnation",-2018,
"A.N.T. Farm",(2011-2014),
"Aakash Gupta Special",-2021,
"Aala Kaf Ifrit",-2017,"Kaouther Ben Hania"
"Abby Hatcher",(2018-2021),
"Abducted in Plain Sight",-2017,"Skye Borgman"
"Abeojiga Isanghae",-2017,
"Abla Fahita: Drama Queen","(2021- )",
"Abstract: The Art of Design","(2017- )",
"Absurd Planet","(2020- )",
Abzurdah,-2015,"Daniela Goggi"
"Accidentally in Love","(2018- )",
Accomplice,-2021,"Jeremy Grant"
"Aci Kiraz",-2020,"Serdar Akar"
Acrimony,-2018,"Tyler Perry"
"Acts of Violence",-2018,"Brett Donowho"
"Ad Vitam",-2018,
"Ada Twist, Scientist","(2021- )",
"Adam Devine: Best Time of Our Lives","(2019 TV Special)","Jay Karas"
"Adam Sandler: 100% Fresh","(2018 TV Special)","Steven Brill , Nicholaus Goossen"
"Adel Karam: Live from Beirut","(2018 TV Special)","Mohamed Khalifa"
"Adios Amigos",-2016,"Albert Janvan Rees"
"Aditi Mittal: Things They Wouldn't Let Me Say","(2017 TV Special)","Fazila Allana"
ADN,-2020,Maïwenn
Adú,-2020,"Salvador Calvo"
"Adult Beginners",-2014,"Ross Katz"
Advantageous,-2015,"Jennifer Phang"
"Adventure Time",(2010-2018),
Advokaten,"(2018- )",
Aelay,-2021,"Halitha Shameem"
Aelliseu,-2020,
Aenggeurimam,-2015,
"Aetaneun Romaenseu",-2017,
Afblijven,-2006,"Maria Peters , Arne Toonen"
Afflicted,"(2018- )",
Affliction,"(III) (2021)","Teddy Soeriaatmadja"
"Afonso Padilha: Alma de Pobre","(2020 TV Special)","Rudge Campos , Junior Carelli"
"Afro Samurai",-2007,
"After Life","(2019- )"," Ricky Gervais"
"After Maria",-2019,"Nadia Hallgren"
"After Porn Ends",-2012,"Bryce Wagoner"
"After Porn Ends 2",-2017,"Bryce Wagoner"
"After Porn Ends 3",-2018,"Brittany Andrews"
"After the Raid",-2019,"Rodrigo Reyes"
"After Tiller",-2013,"Martha Shane , Lana Wilson"
"After Trek",(2017-2018),
"Afterlife of the Party",-2021,"Stephen Herek"
Aftermath,"(IV) (2021)","Peter Winther"
Again,,
"Against the Ice",-2021,"Peter Flinth"
"Against the Sun",-2014,"Brian Peter Falk"
"Age of Samurai: Battle for Japan","(2021- )"," Stephen Scott"
Agent,"(2019- )",
"Agent King",,
"Agents of S.H.I.E.L.D.",(2013-2020),
"Aggressive Retsuko","(2016- )",
Aggretsuko,"(2018- )",
"Aguacate El Fruto Del Cielo",-2021,"Victor Solorio"
"Agustín Aristarán: Soy Rada","(2018 TV Special)","Mariano Baez"
"Ahí te Encargo",-2020,"Salvador Espinosa"
"Ahiru no Sora","(2019- )",
"Ai hui lai",(2011-2012),
"Ai-naki mori de sakebe",-2019,"Sion Sono"
Ailiseu,(2009-2013),
"Ainori Love Wagon: African Journey","(2020- )",
"Ainori Reboot","(2017- )",
"Ainori: Asian Journey","(2017- )",
"AJ and the Queen",-2020,
"Ajeeb Daastaans",-2021,"Neeraj Ghaywan , Kayoze Irani , Shashank Khaitan , Raj Mehta"
Ajin,"(2016- )",
Ajji,-2017,"Devashish Makhija"
"AK vs AK",-2020,"Vikramaditya Motwane"
"Akame ga Kill!",-2014,
"Akbar Birbal","(2014- )",
Akelarre,-2020,"Pablo Agüero"
"Akhir Kisah Cinta Si Doel",-2020,"Rano Karno"
Akjilkyungchal,-2019,"Jeong-beom Lee"
"Al Hayba","(2017- )",
"Al midan",-2013,"Jehane Noujaim"
"Al posto suo","(2020 TV Movie)","Riccardo Donna"
"Ala Vaikunthapurramuloo",-2020,"Trivikram Srinivas"
"Alan Saldaña: Locked Up","(2021 TV Special)","Alex Díaz"
"Alan Saldaña: Mi vida de pobre","(2017 TV Special)","Raúl Campos , Jan Suter"
"Alejandra Azcárate",,
"Alejandro Riaño: Especial de stand-up","(2018 TV Special)","Raúl Campos , Jan Suter"
"Aleksandr's Price",-2013,"Pau Masó David Damen"
Alex,(2017-2019),"Alain Darborg"
"Alex Fernández: El mejor comediante del mundo","(2020 TV Special)","Alex Díaz"
"Alex Strangelove",-2018,"Craig Johnson"
"Alexa & Katie",(2018-2020),
"Alexis Viera, una historia de superación",-2019,"Luis Ara"
Algoissjiman,"(2021- )",
"Alguien tiene que morir",-2020," Manolo Caro"
"Alhambeura Goongjeonui Chooeok",(2018-2019),
"Ali & the Queens",-2021,"Lucky Kuswandi"
"Ali Wong: Baby Cobra","(2016 TV Special)","Jay Karas"
"Ali Wong: Hard Knock Wife","(2018 TV Special)","Jay Karas"
"Ali's Wedding",-2017,"Jeffrey Walker"
"Alias Grace",-2017,
"Alice in Borderland","(2020- )"," Shinsuke Sato"
"Alice in Wonderland",,
"Alice Júnior",-2019,"Gil Baroni"
"Alice Through the Looking Glass",-2016,"James Bobin"
"Alien Contact: Outer Space","(2017 Video)","J.Michael Long"
"Alien Secrets","(2006 Video)","Joseph John Barmettler"
"Alien TV","(2020- )",
"Alien Warfare",-2019,"Jeremiah Jones"
"Alien Worlds",-2020,
"Alien Xmas","(2020 TV Special)","Stephen Chiodo"
"Aliens on the Moon: The Truth Exposed","(2014 TV Movie)","Robert Kiviat"
"Aliens: Zone of Silence",-2017,"Andy Fowler"
"Alive Inside",-2014,"Michael Rossato-Bennett"
"All About The Washingtons",-2018,
"All Because of You",-2020,"Adrian Teh"
"All Day and a Night",-2020,"Joe Robert Cole"
"All Hail King Julien",(2014-2017),
"All Hail King Julien: Exiled",-2017,
"All Hail King Julien: Happy Birthday to You!","(2017 TV Special)",
"All in My Family",-2019,"Hao Wu"
"All on the Line","(2011- )",
"All Quiet on the Western Front",-2022,"Edward Berger"
"All the Bright Places",-2020,"Brett Haley"
"All the Queen's Men",-2001,"Stefan Ruzowitzky"
"All the Right Moves",,
"All Together Now",-2020,"Brett Haley"
"Alles is zoals het zou moeten zijn",-2020,"Ruud Schuurman"
"Alles ist gut",-2018,"Eva Trobisch"
"Alles voor elkaar",-2017,"Danny Stolker"
Alma,"(2021- )",
"Alma Matters - Inside the IIT Dream",-2021,
"Along Came Jones",-1945,"Stuart Heisler"
"Along for the Ride",(II),"Sofia Alvarez"
"Alors, heureux?","(2006 TV Movie)","Yvonne Debeaumarché"
Alphablocks,(2010-2016),
"AlRawabi School for Girls",-2021," Tima Shomali"
"Als de dijken breken",-2016,
"Alt Love Building",-2014,"Iulia Rugina"
"Alta mar",(2019-2020)," Federico Untermann , Lino Escalera , Manuel Gómez Pereira"
"Alter Me",-2020,"RCDelos Reyes"
"Altered Carbon",(2018-2020),
"Altered Carbon: Resleeved",-2020,"Takeru Nakajima , Yoshiyuki Okada , Shouta Kitamoto"
Aluna,-2012,"Alan Ereira"
"Alvin and the Chipmunks: The Squeakquel",-2009,"Betty Thomas"
"Alvinnn!!! And the Chipmunks","(2015- )",
"Always Be My Maybe",-2019,"Nahnatchka Khan"
"Aman Ya Sahbi",-2017,"Hani Hamdi"
"Amanda Knox",-2016,"Rod Blackhurst , Brian Mc Ginn"
Amar,-2017,"Esteban Crespo"
"Amar y Vivir","(2020- )",
Amateur,-2018,"Ryan Koo"
"Amazing Hotels: Life Beyond the Lobby","(2017- )",
"Amazing Interiors","(2018- )",
"Amazing On The Inside",,
"Amend: The Fight for America","(I) (2021)",
"Amend: The Fight for America","(II) (2021)",
"America: The Motion Picture",-2021,"Matt Thompson"
"American Crime Story","(2016- )",
"American Experience","(1988- )","David Sutherland , Mark Zwonitzer , Michael Chin"
"American Factory",-2019,"Steven Bognar , Julia Reichert"
"American Factory: A Conversation with the Obamas",-2019,
"American Horror Story","(2011- )",
"American Jesus",,
"American Masters","(1985- )","Bruce Ricker"
"American Murder: The Family Next Door",-2020,"Jenny Popplewell"
"American Psycho",-2000,"Mary Harron"
"American Son",-2019,"Kenny Leon"
"American Vandal",(2017-2018),
"American Violence",-2017,"Timothy Woodward Jr."
"Amit Tandon: Family Tandoncies","(2019 TV Special)",
Amnesty,(II),"Ramin Bahrani"
Amo,"(2017- )",
Amok,"(I) (2014)","Zoltan Paul"
"Amor con fianza","(2021- )",
"Amor de madre",-2022,"Paco Caballero"
"Amy Schumer: Growing","(2019 TV Special)","Amy Schumer"
"Amy Schumer: The Leather Special","(2017 TV Special)","Amy Schumer"
"An Act of War",-2015,"Ryan M.Kennedy"
"An Affair to Die For",-2019,"Víctor García"
"An Afternoon with SCTV","(TV Special)","Martin Scorsese"
"An Astrological Guide for Broken Hearts",,
"An Interview with God",-2018,"Perry Lang"
"An lian: Ju sheng huai nan",-2019,
"Anatomy of a Love Seen",-2014,"Marina Rice Bader"
"Anatomy of a Scandal",,
Anazâ,-2012,
"Ancient Extraterrestrials: Aliens and UFOs Before the Dawn of Time","(2012 Video)",
"And the Oscar Goes To...","(2014 TV Movie)","Rob Epstein , Jeffrey Friedman"
"Andes Mágicos","(2019- )",
"Andið eðlilega",-2018,"Isold Uggadottir"
"André & His Olive Tree",-2020,"Josiah Ng"
Andropoz,,
"Anelka: Misunderstood",-2020,"Franck Nataf"
"Aneun Waipeu",-2018,
"Ang probinsyano","(2015- )",
"Angel 'n' Devil",(2014-2015),
"Angela's Christmas",-2017,"Damien O'Connor"
"Angela's Christmas Wish",-2020,"Damien O'Connor"
"Angkeumhan Dolshingnyeo","(2014- )",
"Angry Birds Blues",-2017,
"Angry Birds Stella",(2014-2016),
"Angry Birds Toons",(2013-2018),
"Angry Birds: Summer Madness",,
"Angry Indian Goddesses",-2015,"Pan Nalin"
Anima,"(I) (2019)","Paul Thomas Anderson"
"Animal Crackers",-2017,"Tony Bancroft , Scott Christian Sava , Jaime Maestro"
"Animal Farm",,"Andy Serkis"
"Animal Kingdom","(2016- )",
"Animales sin collar",-2018,"Jota Linares"
"Animals on the Loose: A You vs. Wild Movie","(2021 TV Movie)","Ben Simms"
Ánimas,-2018,"Laura Alvea , JoséOrtuño"
"Anitta: Made in Honório","(2020- )",
"Anjaan: Special Crimes Unit","(2018- )",
"Anjelah Johnson: Not Fancy","(2015 TV Special)","Jay Karas"
"Anna Karenina",(III),
Annarasumanara,,
Anne,(2017-2019)," Amanda Tapping , Anne Wheeler , Kim Nguyen , Norma Bailey , Paul Fox"
Annihilation,-2018,"Alex Garland"
"Annyeong? Naya!","(2021- )",
Anon,"(I) (2018)","Andrew Niccol"
"Another Life","(2019- )",
"Another Self",,
"Answer for Heaven","(2019- )",
"Anthony Jeselnik: Fire in the Maternity Ward","(2019 TV Special)","Marcus Raboy"
"Anthony Jeselnik: Thoughts and Prayers","(2015 Video)","Adam Dubin"
"Anthony Joshua: The Road to Klitschko","(2017 TV Movie)","Tim Mac Kenzie-Smith"
"Antiracist Baby",,
"Antoine Griezmann: The Making of a Legend","(2019 TV Movie)",
"Antologi Rasa",-2019,"Rizal Mantovani"
"Anxious People",,
"Any Day Now","(I) (2012)","Travis Fine"
Anytown,-2009,"David Rodriguez"
"Ao no ekusoshisuto: Kuro no iede","(2011 Video)",
"Apache: La vida de Carlos Tevez",-2019,
Apan,-2009,"Jesper Ganslandt"
"Apenas o Fim",-2008,"Matheus Souza"
Apenstreken,-2015,"Johan Nijenhuis"
"Apollo 10 1/2: A Space Age Adventure",-2022,"Richard Linklater"
Apostle,-2018,"Gareth Evans"
"Aram, Aram",-2015,"Christopher Chambers"
"Arango y Sanint: Ríase el show","(2018 TV Special)","Raúl Campos , Jan Suter"
Arangsaddojeon,-2012,
Aranyak,,
"Arashi's Diary: Voyage",-2019,
Arbitrage,-2012,"Nicholas Jarecki"
Arcane,"(2021- )",
Archer,"(2009- )",
"Archibald's Next Big Thing",(2019-2020),
"Archive 81",," Rebecca Thomas , James Wan"
"Are You the One?","(2014- )",
Ares,-2020,
"Året der gik","(2020 TV Special)",
"Areumdaun Sesang","(2019- )",
"Ari Shaffir: Double Negative","(2016 TV Special)","Eric Abrams"
"Ariana Grande: Excuse Me, I Love You",-2020,"Story Syndicate , Paul Dugdale"
"Arifureta Shokugyou de Sekai Saikyou","(2019- )",
"Arlo the Alligator Boy","(2021 TV Movie)","Ryan Crego"
"Armed Girl's Machiavellism",-2017,
"Army of the Dead",-2021,"Zack Snyder"
"Army of the Dead: Lost Vegas","(2022- )",
"Army of Thieves",-2021,"Matthias Schweighöfer"
ARQ,-2016,"Tony Elliott"
"Arranged Marriage",(III),
"Arrested Development",(2003-2019),
Arrival,"(II) (2016)","Denis Villeneuve"
Arrow,(2012-2020),
"Arsenio Hall: Smart and Classy","(2019 TV Special)","Brian Volk-Weiss"
"Art of Flight: The Series","(2012- )",
"Art of the Game: Ukiyo-e Heroes",-2017,"Toru Tokikawa"
"Article 15",-2019,"Anubhav Sinha"
Artifact,-2012,"Jared Leto"
"Aruna & Her Palate",-2018,Edwin
"As We Sleep",-2002,"Elizabeth Mcdonald"
Ascension,-2014,
"Aseudal Yeondaegi","(2019- )"," Won Suk Kim"
"Ash vs Evil Dead",(2015-2018),
Ashby,-2015,"Tony Mc Namara"
"Ashes of Love",-2018,
"Ashley Garcia: Genius in Love","(2020 TV Special)",
"Ashley Madison: Sex, Lies & Cyber Attacks","(2016 TV Movie)","Havana Marking , Marc Morgenstern"
"Ask 101","(2020- )"," Ahmet Katiksiz , Deniz Yorulmazer"
"Ask Taktikleri",,"Emre Kabakusak"
"Ask the Doctor","(2017- )",
"Ask the StoryBots",(2016-2019),
"Ask-i Memnu",(2008-2010),
"Asktan Kaçilmaz","(2014- )",
"Asobi Asobase","(2018- )",
"Asperger's Are Us",-2016,"Alex Lehmann"
"Assassin's Creed",,
"Assassinio sul Tevere",-1979,"Bruno Corbucci"
Astérix,,
Astérix,-2023,
"Astronomy Club",-2019," ...J.Adler , Ryan Anthony Martin , Daniel Powell"
"Asukô mâchi: Asuka kôgyô kôkô monogatari","(2011- )",
"At the Dolphin Bay",-2003,
"Atari: Game Over",-2014,"Zak Penn"
"Ataúd Blanco: El Juego Diabólico",-2016,"Danieldela Vega"
Atelier,-2015,
Aterrados,-2017,"Demián Rugna"
"Athlete A",-2020,"Bonni Cohen , Jon Shenk"
Atlantique,-2019,"Mati Diop"
"Atomic Blonde",-2017,"David Leitch"
Atone,-2019,"Wes Miller"
"Att angöra en brygga",-1965,"Tage Danielsson"
"Att döda ett barn",-1953,"Gösta Werner"
Atypical,(2017-2021),
"Au service de la France",(2015-2018),
Audible,-2021,"Matthew Ogens"
"Audrie & Daisy",-2016,"Bonni Cohen , Jon Shenk"
"Auntie Claus",,"Kenny Ortega"
"Aunty Donna's Big Ol' House of Fun","(2020- )",
Aurora,"(IV) (2018)","Yam Laranas"
"Autistic Driving School",-2010,"Osca Humphreys"
Autohead,-2016,"Rohit Mittal"
Autumn,"(I) (2009)","Steven Rumbelow"
"Ava's Possessions",-2015,"Jordan Galland"
"Avatar: The Last Airbender",,
"Avatar: The Last Airbender",(2005-2008)," Anthony Lioi Dave Filoni Ethan Spaulding , Giancarlo Volpe , Joaquim Dos Santos , Lauren Mac Mullan , Michael Dante Di Martino"
Avengement,"(I) (2019)","Jesse V.Johnson"
"Avicii: True Stories",-2017,"Levan Tsikurishvili"
Avlu,"(2018- )",
Awake,"(III) (2021)","Mark Raso"
"Awake: The Million Dollar Game","(2019- )",
Away,-2020,
Away,"(I) (2016)","David Blair"
"Axis Mundi","(2022- )",
Axone,-2019,"Nicholas Kharkongor"
"Ayotzinapa, El paso de la Tortuga",-2018,"Enrique García Meza"
Azali,-2018,"Kwabena Gyansah"
"Aziz Ansari Live in Madison Square Garden","(2015 TV Special)",
"Aziz Ansari: Buried Alive","(2013 TV Special)","Will Lovelace , Dylan Southern"
"Aziz Ansari: Right Now","(2019 TV Special)","Spike Jonze"
Azizler,-2021,"Durul Taylan , Yagmur Taylan"
"B: The Beginning","(2018- )",
"Baahubali: Before the Beginning",,
Babies,"(2020- )",
"Babies Behind Bars","(2011 TV Movie)","Amanda Richardson"
Baby,(2018-2020)," Andrea De Sica , Antonio Le Fosse , Letizia Lamartire"
"Baby Ballroom","(2017- )",
"Baby Driver",-2017,"Edgar Wright"
"Baby Reindeer",,
Babylon,-2014,
"BAC Nord",-2020,"Cédric Jimenez"
"Back Street Girls",-2018,
"Back to the Outback",-2021,"Harry Cripps , Clare Knight"
"Back With the Ex","(2018- )",
Backfire,"(II) (2017)","Dave Patten"
Backlash,-1956,"John Sturges"
Backstabbed,"(2016 TV Movie)","Doug Campbell"
"Bad Blood","(2017- )",
"Bad Blood","(II) (2015)","Adam Silver"
"Bad Boy","(I) (2020)","Patryk Vega"
"Bad Boy Billionaires: India","(2020- )",
"Bad Day for the Cut",-2017,"Chris Baugh"
"Bad Investigate",-2018,"Luis Ismael"
"Bad Papa","(2018- )",
"Bad Samaritans",-2013,
"Bad Trip",-2021,"Kitao Sakurai"
Badla,-2019,"Sujoy Ghosh"
Baegabondeu,-2019,
"Baekilui Nanggoonnim",-2018,
Baggage,"(I) (2008)","Stephen Polk"
Baires,-2015,"Marcelo Páez Cubells"
"Bajo la piel de lobo",-2017,"Samu Fuentes"
Bajocero,-2021,"Lluís Quílez"
"Bake Squad","(2021- )",
Baki,(2018-2020)," Toshiki Hirano"
"Bakugan: Battle Planet","(2018- )",
Bala,-2019,"Amar Kaushik"
"Ball and Chain",,
"Balle perdue",-2020,"Guillaume Pierret"
"Bameul geotneun seonbi",-2015,
"Ban-deu-si jab-neun-da",-2017,"Hong-seon Kim"
"Banana Split",-2018,"Benjamin Kasulke"
Bangistan,-2015,"Karan Anshuman"
"Bangkok Breaking","(2021- )"," Kongkiat Khomsiri"
"Bangkok Buddies",-2019,
"Bangkok Love Stories: Hey You","(2018- )",
"Bangkok Love Stories: Innocence",(2018-2019),
"Bangkok Love Stories: Objects of Affection","(2019- )",
"Bangkok Love Stories: Plead","(2019- )",
"Bank el-Hazz",-2017,"Ahmed El Gendy"
"Bankier van het verzet",-2018,"Joram Lürsen"
Banlieusards,-2019,"Kery James , Leïla Sy"
"Bap Jal Sajuneun Yeppeun Nuna",-2018,
"Barami Boonda","(2019- )",
"Barangay 143","(2018- )",
Barbarians,"(2020- )"," Barbara Eder , Steve Saint Leger"
"Barbie & Chelsea the Lost Birthday","(2021 Video)","Cassandra Mackay , Katie Mc Wane"
"Barbie Dreamhouse Adventures","(2018- )",
"Barbie Princess Adventure",-2020,"Conrad Helten"
"Barbie: Big City, Big Dreams","(2021 TV Movie)","Scott Pleydell-Pearce"
"Barbie: Dolphin Magic","(2017 Video)","Conrad Helten"
"Barbie: Happy Birthday to You!","(2017 TV Special)",
"Barbie: Life in the Dreamhouse","(2012- )",
"Barbra: The Music... The Mem'ries... The Magic!","(2017 TV Special)","Jim Gable , Barbra Streisand"
"Bard of Blood","(2019- )",
Bardo,,
Barry,"(II) (2016)","Vikram Gandhi"
Bartita,-2012,"Sherif Mandour"
Bartkowiak,-2021,"Daniel Markowicz"
Baruca,,
"Basilisk: Ouka Ninpouchou",-2018,
"Basketball or Nothing","(2019- )",
"Bates Motel",(2013-2017),
"Batman v Superman: Dawn of Justice",-2016,"Zack Snyder"
"Batman: The Movie",-1966,"Leslie H.Martinson"
Battle,"(I) (2018)","Katarina Launing"
"Battle Kitty","(2022- )",
"Battle of Britain",-1969,"Guy Hamilton"
"Battle of the Hearts",-2020,.T.Dhavamanni
"Battle: Freestyle",-2021,"Ingvild Søderlind"
Battlefish,"(2018- )",
Bayoneta,-2018,"Kyzza Terrazas"
Baywatch,-2017,"Seth Gordon"
"Be Here Now",-2015,"Lilibet Foster"
Beastars,"(2019- )"," Shin'ichi Matsumi"
"Beasts of No Nation",-2015,"Cary Joji Fukunaga"
"Beat Bugs",(2016-2018),
"Beat Bugs: Happy Birthday to You!","(2017 TV Special)",
Beats,"(I) (2019)","Chris Robinson"
"Beautiful Sunday",-2007,"Kwang-kyo Jin"
Beauty,-2021,"Andrew Dosunmu"
"Beauty and the Beast",-1991,"Gary Trousdale , Kirk Wise"
"Beauty and the Beast","(I) (2017)","Bill Condon"
Beckett,-2021,"Ferdinando Cito Filomarino"
Becoming,"(II) (2020)","Nadia Hallgren"
"Becoming Champions","(2018- )",
"Bed & Breakfast: Love is a Happy Accident",-2010,"Marcio Garcia"
"Bee & Puppycat: Lazy in Space","(2013- )",
"Bee and PuppyCat","(2013- )",HideakiÔba
Beef,,
"Been So Long",-2018,"Tinge Krishnan"
"Before I Wake",-2016,"Mike Flanagan"
"Begin Again","(II) (2013)","John Carney"
"Behind Her Eyes",-2021," Erik Richter Strand"
"Behind the Curtain: Todrick Hall",-2017,"Katherine Fairfax Wright"
"Being Elmo: A Puppeteer's Journey",-2011,"Constance Marks , Philip Shane"
"Being Human",(2008-2013),
"Being Mrs Elliot",-2014,"Omoni Oboli"
"Being Napoleon",-2018,"Jesse Handsher , Olivier Roland"
Beirut,-2018,"Brad Anderson"
"Bella Donna's",-2017,"Jon Karthaus"
"Bellas de Noche",-2016,"Maria Jose Cuevas"
"Below Deck","(2013- )",
"Below Deck Mediterranean","(2016- )",
"Below Her Mouth",-2016,"April Mullen"
"Ben Platt Live from Radio City Music Hall","(2020 TV Special)","Alex Timbers , Sam Wrench"
"Ben X Jim","(2020- )"," Easy Ferrer"
Bendo,"(2022- )",
"Beneath the Leaves",-2019,"Adam Marino"
"Beni Çok Sev",-2021,"Mehmet AdaÖztekin"
Benji,"(I) (2018)","Brandon Camp"
"Benvenuto Presidente!",-2013,"Riccardo Milani"
"Benvinguts a la família",(2018-2019),
"Berlin Calling",-2008,"Hannes Stöhr"
"Berlin Syndrome",-2017,"Cate Shortland"
"Berlin, Berlin",-2020,"Franziska Meyer Price"
"Berlin, I Love You",-2019,"Dianna Agron , Peter Chelsom , Claus Clausen , Fernando Eimbcke , Justin Franklin , Dennis Gansel , Dani Levy , Daniel Lwowski , Stephanie Martin , Josef Rusnak , Til Schweiger , Massy Tadjedin , Gabriela Tscherniak"
"Berserk: Ougon Jidai-hen I - Haou no Tamago",-2012,"Toshiyuki Kubooka"
"Berserk: Ougon jidai-hen II - Dorudorei koryaku",-2012,"Toshiyuki Kubooka"
"Berserk: Ougon jidai-hen III - Kourin",-2013,"Toshiyuki Kubooka"
"Bert Kreischer: Hey Big Boy","(2020 TV Special)","Jeff Tomsic"
"Bert Kreischer: Secret Time","(2018 TV Special)","Todd Biermann"
"Bert Kreischer: The Machine","(2016 TV Special)","Ryan Polito"
"Bert Visscher: Zelden zoiets gezien","(2017 TV Special)","Joep Krijnen"
Beruseruku,(2016-2017),
"Best Leftovers Ever!","(2020- )",
"Best of Stand-up 2020","(2020 TV Special)",
"Best. Worst. Weekend. Ever.",-2018,
Betaal,"(2020- )",
"Bethany Hamilton: Unstoppable",-2018,"Aaron Lieber"
"Betoben baireoseu",-2008,
Betonrausch,-2020,"Cüneyt Kaya"
"Better Call Saul","(2015- )",
"Better Watch Out","(II) (2016)","Chris Peckover"
"Bettie Page Reveals All",-2012,"Mark Mori"
"Betty en NY","(2019- )",
Between,(2015-2016),
"Between Two Ferns: The Movie",-2019,"Scott Aukerman"
"Beuramseureul Joahaseyo",-2020,
"Beverly Hills Cop 4",,"Adil El Arbi , Bilall Fallah"
"Beyblade Burst","(2016- )",
"Beyond a Reasonable Doubt",-2009,"Peter Hyams"
"Beyond Stranger Things",-2017,
"BG: Shinpen keigonin",(2018-2020),
"Bhaag Beanie Bhaag","(2020- )",
"Bhaage Re Mann",,
"Bhangra Paa Le",-2020,"Sneha Taurani"
Bhouri,-2016,"Jasbir Bijender Bhati"
"Bienvenidos a Edén","(2021- )",
"Big Bear",-2017,"Joey Kern"
"Big Dreams, Small Spaces",(2014-2017),
"Big Game",-2014,"Jalmari Helander"
"Big Guns","(2006 Video)","John Rester Zodrow"
"Big in Bollywood",-2011,"Bill Bowles , Kenny Meehan"
"Big Mouth","(2017- )"," Andres Salaff , Bryan Francis , Dave Stone"
"Big Timber","(2020- )",
"Big Vape",,
"Big Vape: The Incendiary Rise of Juul",,
"Big Words",-2013,"Neil Drumming"
BigBug,,"Jean-Pierre Jeunet"
"Bigflo & Oli: Hip Hop Frenzy",-2020,"Jérémie Levypon , Florian Ordonez , Olivio Ordonez"
"Biggie: I Got a Story to Tell",-2021,"Emmett Malloy"
"Bikram: Yogi, Guru, Predator",-2019,"Eva Orner"
Bikya,-2018,"Mohamed Hamdy"
"Bill Burr: I'm Sorry You Feel That Way","(2014 TV Special)","Jay Karas"
"Bill Burr: Paper Tiger","(2019 TV Special)","Mike Binder"
"Bill Burr: Walk Your Way Out","(2017 TV Special)","Jay Karas"
"Bill Burr: You People Are All the Same.","(2012 TV Special)","Jay Karas"
"Bill Cosby: 77","(2014 Video)","Robert Townsend"
"Bill Cosby: Far from Finished","(2013 TV Special)","Robert Townsend"
"Bill Hicks: Reflections",-2015,"Rodrigo Pelmonto"
"Bill Hicks: Relentless","(1992 Video)","Chris Bould"
"Bill Hicks: Revelations","(1993 TV Special)","Chris Bould"
"Bill Hicks: Sane Man","(1989 Video)","Kevin Booth , David Johndrow"
"Bill Nye Saves the World",(2017-2018),
Billions,"(2016- )",
"Bimilui Soop","(2017- )",
Bing-ui,"(2019- )",
Binsenjo,"(2021- )",
Biohackers,"(2020- )",
"Bir Baba Hindu",-2016,"Sermiyan Midyat"
"Bir Baskadir","(2020- )"," Berkun Oya"
"Bir Denizalti Hikayesi",,
"Bird Box",-2018,"Susanne Bier"
Birders,-2019,"Otilia Portillo Padua"
"Birdman or (The Unexpected Virtue of Ignorance)",-2014,"Alejandro G.Iñárritu"
Bitten,(2014-2016),
"Bitter Daisies",(2018-2020),
"Black Beach",-2020,"Esteban Crespo"
"Black Clover",(2017-2021),
"Black Crab",-2022,"Adam Berg"
"Black Earth Rising",-2018,
"Black Heart",-2014,
"Black Ink Crew","(2012- )",
"Black Lagoon",-2006,
"Black Lightning",(2017-2021)," Benny Boom , Bille Woodruff , Eric Laneuville , Jeff Byrd , Mary Lou Belli , Michael Schultz , Neema Barnette , Oz Scott , Robert Townsend , Salim Akil , Tasha Smith"
"Black Man White Skin",-2015,"Jose Manuel Colón Armario"
"Black Mirror","(2011- )",
"Black Mirror: Bandersnatch",-2018,"David Slade"
"Black Privilege","(2019 TV Movie)","Mark Harris"
"Black Sails",(2014-2017),
"Black Site Delta",-2017,"Jesse Gustafson"
"Black Space","(2020- )",
"Black Stallions",,
"Black Summer","(2019- )"," John Hyams"
Blackout,"(2013 TV Movie)","Ben Chanan"
Blackout,(XLI),
"Blackpink: Light Up the Sky",-2020,"Caroline Suh"
Blame!,-2017,"Hiroyuki Seshita"
"Blanche comme neige",-2019,"Anne Fontaine"
Blasted,-2022,"Martin Sofiedal"
"Blazing Transfer Students",-2017,
"Bleach: Burîchi",(2004-2012)," Akira Iwanaga Akira Shimizu Chiaki Kon Hodaka Kuramoto Jun'ya Koshiba Kazunobu Shimizu Kazunori Mizuno KeizôKusakawa Kôji Aritomi Kumi Ichiguchi Mitsutaka Noshitani RyôMiyata Shigeki Hatakeyama Takuji Kimura , Noriyuki Abe , Yoshinori Odaka"
"Bleach: Burîchu",-2018,"Shinsuke Sato"
"Bling Empire","(2021- )"," Paris Dylan"
Blitz,-2011,"Elliott Lester"
Blockbuster,-2018,"July Hygreck"
"Bloed, Zweet & Tranen",-2015,"Diederick Koopal"
Blonde,"(II) (2022)","Andrew Dominik"
"Blood & Water","(2020- )"," Daryne Joshua , Nosipho Dumisa , Travis Taute"
"Blood Brother",-2013,"Steve Hoover"
"Blood Brother",-2018,"John Pogue"
"Blood Brothers: Malcolm X & Muhammad Ali",-2021,"Marcus A.Clarke"
"Blood Cells",-2014,"Joseph Bull , Luke Seomore"
"Blood of Zeus","(2020- )"," Shaunt Nigoghossian"
"Blood Red Sky",-2021,"Peter Thorwarth"
Bloodline,(2015-2017),
Bloodride,"(2020- )"," Atle Knudsen , Geir Henning Hopland"
Bloom,,
"Bloom Into You","(2018- )",
"Blown Away","(2019- )",
Blue,"(II) (2009)","Ryan Miningham"
"Blue Bloods","(2010- )",
"Blue Eye Samurai",,
"Blue Gold: American Jeans",-2014,"Christian D.Bruun"
"Blue Jasmine",-2013,"Woody Allen"
"Blue Jay","(I) (2016)","Alex Lehmann"
"Blue Kids",-2017,"Andrea Tagliaferri"
"Blue Miracle",-2021,"Julio Quintana"
"Blue Mountain State",(2010-2011),
"Blue Mountain State: The Rise of Thadland",-2016,"Lev L.Spiro"
BNA,-2020,
"Bo Burnham: Inside","(2021 TV Special)","Bo Burnham"
"Bo Burnham: Make Happy","(2016 TV Special)","Bo Burnham , Christopher Storer"
"Bo Burnham: what.","(2013 TV Special)","Bo Burnham , Christopher Storer"
"Bob Ross: Happy Accidents, Betrayal & Greed",-2021,"Joshua Rofé"
"Bob Saget: That's What I'm Talkin' About","(2013 TV Special)","Jay Karas"
"Bobby Kennedy for President",-2018,
"Bobby Robson: More Than a Manager",-2018,"Gabriel Clarke , Torquil Jones"
"Boca a Boca","(I) (2020- )",
"Boca Juniors Confidencial",-2018,
Bodyguard,-2018,
Bodyguard,"(I) (2011)",Siddique
"Bogdan Boner: Egzorcysta","(2020- )",
Boi,-2019,"Jorge M.Fontana"
Boiseu,(2017-2021),
"BoJack Horseman",(2014-2020)," Aaron Long , Adam Parton , Amy Winfrey , James Bowman , Mollie Helms , Peter Merryman"
Bojwagwan,"(2019- )"," Kwak Jung-Hwan"
"Boku dake ga inai machi",-2016,
"Boku dake ga inai machi",-2017,
"Boku no hîrô akademia","(2016- )",
"Boku wa tomodachi ga sukunai","(2011- )",
"Bolbol Hayran",-2010,"Khalid Marie"
"Bolívar: Una lucha admirable",-2019,
"Bom Dia, Verônica","(2020- )"," Rogde Souza , JoséHenrique Fonseca , Izabel Jaguaribe"
Bombairiya,-2019,"Pia Sukanya"
Bombam,"(2019- )",
"Bombay Begums","(2021- )",
"Bombay Rose",-2019,"Gitanjali Rao"
"Bon Bini Holland",-2015,"Jellede Jonge"
"Bon Cop Bad Cop 2",-2017,"Alain Desrochers"
"Bon Cop, Bad Cop",-2006,"Erik Canuel"
Bonding,(2018-2021),
Bone,,
Bongwater,-1998,"Richard Sears"
Bonusfamiljen,"(2017- )",
"Boo, Bitch",,
Booba,"(2014- )",
"Booba: Food Puzzle","(2020- )",
"Bookmarks: Celebrating Black Voices","(2020- )",
Booksmart,-2019,"Olivia Wilde"
"Boons and Curses",,
"Border Security: America's Front Line","(2016- )",
"Border: Keishichô Sôsa Ikka Satsujinhan Sôsa Dai 4-gakkari","(2014- )",
"BORDER2 Shokuzai","(2017 TV Movie)","Kazuki Kaneshiro"
Borderline,(2016-2017),
Borgen,"(2010- )",
Borgia,(2011-2014),
"Born to Be Blue",-2015,"Robert Budreau"
"Born to Raise Hell",-2010,"Lauro David Chartrand-Del Valle"
"Børning 3",-2020,"Hallvard Bræin"
Borstal,-2017,"Steven M.Smith"
Börü,-2018,
Boss,(2011-2012),
"Bottersnikes & Gumbles","(2015- )",
"Bottled Life: Nestle's Business with Water",-2012,"Urs Schnell"
"Bottom of the World",-2017,"Richard Sears"
"Boy Meets Girl","(I) (2014)","Eric Schaeffer"
"Boyka: Undisputed IV","(2016 Video)","Todor Chapkanov"
"Brad Paisley's Comedy Rodeo","(2017 TV Special)","Jay Chapman"
"Brahman Naman",-2016,"Qaushiq Mukherjee"
"Brain on Fire",-2016,"Gerard Barrett"
Brainchild,"(2018- )",
"Brand New Cherry Flavor",-2021," Arkasha Stevenson , Gandja Monteiro , Jake Schreier , Matt Sobel , Nick Antosca"
Braqueurs,,
Braqueurs,-2015,"Julien Leclercq"
Brasslands,-2013,"Alison Brockhouse , Bryan Chang , Sara Huneke , Meerkat Media Collective , Dara Messinger , Eric Phillips-Horst , Adam Pogoff , Zara Serabian-Arthur , Jay Arthur Sterrenberg , Jeffrey Sterrenberg , Karim Tabbaa"
"Brave Blue World",-2019,"Tim Neeves , Alexander Whittle"
"Brave Miss World",-2013,"Cecilia Peck"
"Braxton Family Values","(2011- )",
Breach,"(IV) (2020)","John Suits"
"Bread Barbershop","(2020- )",
BreadCrumbs,-2011,"Mike Nichols"
Break,"(IV) (2018)","Marc Fouchard"
"Break It All: The History of Rock in Latin America",-2020,
"Breakfast at Tiffany's",-1961,"Blake Edwards"
"Breakfast, Lunch & Dinner","(2019- )"," Blake Davis , Dara Horenblas , Jason Zeldes"
"Breaking Bad",(2008-2013),
"Breaking Boundaries: The Science of Our Planet",-2021,"Jon Clay"
"Breaking the Bee",-2018,"Sam Rega"
Breathe,(IV),
"Brené Brown: The Call to Courage",-2019,"Sandra Restrepo"
"Brent Morin: I'm Brent Morin","(2015 TV Special)","Lance Bangs"
"Brews Brothers","(2020- )"," Annabel Oakes , Dale Stern , Jeff Schaffer , Natalia Anderson , Robert Cohen"
"Brian Regan: Nunchucks and Flamethrowers","(2017 TV Special)","Troy Miller"
"Brian Regan: On the Rocks","(2021 TV Special)","Troy Miller"
Bridegroom,-2013,"Linda Bloodworth-Thomason"
Bridgerton,"(2020- )","Alrick Riley Sheree Folkson , Tom Verica , Tricia Brock , Julie Anne Robinson"
"Brigada Costa del Sol",-2019," Fernando Bassi , Alberto Ruiz Rojo , Iñaki Peñafiel , Marco A.Castillo , Miguel Alcantud , Norberto López Amado"
Bright,"(I) (2017)","David Ayer"
"Bright 2",,
"Bright: Samurai Soul",,"Kyohei Ishiguro"
"Brij Mohan Amar Rahe",-2017,"Nikhil Bhat"
Broadchurch,(2013-2017),
Broken,"(2019- )",
"Broken City",-2013,"Allen Hughes"
Bronx,-2020,"Olivier Marchal"
Brooklyn,-2015,"John Crowley"
"Brooklyn Nine-Nine",(2013-2022),
"Brooklyn's Finest",-2009,"Antoine Fuqua"
"Brotherly Love","(III) (2015)","Jamal Hill"
"Brown Nation",-2016,
Bruised,-2020,"Halle Berry"
"Bruna Surfistinha",-2011,"Marcus Baldini"
"Bruno & Boots: Go Jump in the Pool","(2016 TV Movie)","Vivieno Caldinelli"
"Bruno Motta: Melhor que os Outros Stand Ups que Eu Já Fiz em 15 Anos de Carreira","(2017 TV Special)","Daniel Pacífico"
"Bruno Motta: O Show do Ano","(2011 TV Special)","Rodrigo Fernandes"
BRZRKR,,
Bubbles,(I),"Mark Gustafson"
Bucin,-2020,"Chandra Liow"
Budapest,-2018,"Xavier Gens"
Buddi,"(2020- )","Robert Milne , Karen Ullmann , Jason Jameson"
"Buddy Thunderstruck",-2017,
Buds,-2016,"Matthew Parcher"
Bulbbul,-2020,"Anvita Dutt"
"Bulbul Tarang",-2022,"Shree Narayan Singh"
"Bullet Head",-2017,"Paul Solet"
Bulyaseong,(2016-2017),
"Bumi Manusia",-2019,"Hanung Bramantyo"
"Bump of Chicken Tour 2019: aurora ark Tokyo Dome",-2020,
Bumperkleef,-2019,"Lodewijk Crijns"
"Bumping Mics with Jeff Ross & Dave Attell","(2018- )",
"Bungou Stray Dogs","(2016- )",
"Buried by the Bernards","(2021- )",
"Burn Out","(I) (2017)","Yann Gozlan"
"Burning Daylight",-2010,"Sanzhar Sultan"
"Burning Sands",-2017,"Gerard Mc Murray"
"Burt's Buzz",-2013,"Jody Shapiro"
"Busted! I Know Who You Are!",(2018-2021),
"Button Man: The Killing Game",,"Brian Helgeland"
"Byeol-e-seo on geu-dae",(2013-2014),
Byeong-won-seon,-2017,
"Byeonhyeokui Sarang",-2017,
"Byron Baes",,
"Byuti Insaideu",-2018,
"C'est quoi cette famille?!",-2016,"Gabriel Julien-Laferrière"
"Cabins in the Wild with Dick Strawbridge",-2017,
"Cabras da Peste",-2021,"Vitor Brandt"
"Café dans le temps","(2019- )",
Caïd,"(2021- )",
"Cain and Abel",-2009,
Calibre,-2018,"Matt Palmer"
Californication,(2007-2014),
"Call Me Lucky",-2015,"Bobcat Goldthwait"
"Call Your Daughter Home",,
"Calum Von Moger: Unbroken",-2019,"Vlad Yudin"
Cam,-2018,"Daniel Goldhaber"
"Camino a Roma",-2020,"Andres Clariond , Gabriel Nuncio"
"Can Dostlar",-2019,"Tugçe Soysop"
"Cancer's Last Stand",-2017,
"Canciones y Recuerdos",,
"Candy Jar",-2018,"Ben Shelton"
"Canine Intervention","(2021- )"," Elise Durán"
"Cannon Busters","(2019- )",
"Cannot Write","(2021- )",
Canvas,"(III) (2020)","Frank E.Abney III"
"Cap Kakumei Bottleman","(2020- )",
"Capital C",-2014,"Timon Birkhofer , Jørg M.Kundinger"
Capitani,(2019-2020),
"Captain America: Civil War",-2016,"Anthony Russo , Joe Russo"
"Captain Fall",,
"Captain Laserhawk: A Blood Dragon Remix",,
Captive,"(2016- )",
"Car Masters: Rust to Riches","(2018- )",
"Cardboard Gangsters",-2017,"Mark O'Connor"
"Care Bears and Cousins",(2015-2016),
Cargo,"(I) (2017)","Ben Howling , Yolanda Ramke"
"Carlos Almaraz: Playing with Fire",-2019,"Elsa Flores Almaraz , Richard Montoya"
"Carlos Ballarta: Furia ñera","(2018 TV Special)","Raúl Campos , Jan Suter"
"Carmel: ¿Quién mató a María Marta?",-2020,
"Carmen Sandiego",,
"Carmen Sandiego",(2019-2021)," Jos Humphrey Mike West , Kevin Dart"
"Carmen Sandiego: To Steal or Not to Steal",-2020,"Jos Humphrey , Kevin Dart , Kenny Park , Mike West"
Carnaval,-2021,"Leandro Neri"
"Carole & Tuesday",-2019,
"Cars 3",-2017,"Brian Fee"
"Cash Only",-2015,"Malik Bader"
"Casi Feliz","(2020- )",
"Cast Party","(II) (2015)","Jon Pretnar"
Caste,,"Ava Du Vernay"
"Casting JonBenet",-2017,"Kitty Green"
"Castle & Castle","(2018- )",
"Castle Rock",(2018-2019),
Castlevania,(2017-2021)," Adam Deats Sam Deats"
"Cat People","(2021- )",
"CAT. 8","(2013- )",
"Catching Feelings",-2017,"Kagiso Lediga"
"Cateva conversatii despre o fata foarte inalta",-2018,"Bogdan Theodor Olteanu"
Catfight,"(I) (2016)","Onur Tukel"
"CCTV: Caught on Camera","(2014- )",
"Cedonia Avenue",-2015,"Dwayne Hurt"
"Cedric the Entertainer: Live from the Ville","(2016 TV Special)","Troy Miller"
"Cek Toko Sebelah: The Series",(2018-2019),
"Celeste & Jesse Forever",-2012,"Lee Toland Krieger"
Cellmates,-2011,"Jesse Baget"
"Cementerio General",-2013,"Dorian Fernández-Moris"
Centauro,-2022,"Daniel Calparsoro"
Centaurworld,"(2021- )"," Kirk De Micco , Megan Dong"
"Chadwick Boseman: Portrait of an Artist",-2021,"Awol Erizku"
"Challenger: The Final Flight",-2020," Daniel Junge , Steven Leckart"
"Chaman Bahaar",-2020,"Apurva Dhar Badgaiyann"
Chambers,-2019,
Champions,-2018,
Champs,-2014,"Bert Marcus"
"Chandni Bar",-2001,"Madhur Bhandarkar"
"Change Agent",,
"Channeru wa sono mama!",-2019,
"Chanranhan yusan",-2009,
"Chapo: el escape del siglo",-2016,"Axel Uriegas"
"Chappelle's Show",(2003-2006),
Charité,"(2017- )",
"Charlie and the Chocolate Factory",,
"Charlie's Angels",-2019,"Elizabeth Banks"
"Charlie's Colorforms City","(2019- )",
Charming,-2018,"Ross Venokur"
"Chasing Beauty",-2013,"Brent Huff"
"Chasing Cameron","(2016- )",
"Chasing Coral",-2017,"Jeff Orlowski"
Chatroom,-2010,"Hideo Nakata"
"Check Point",-2017,"Thomas J.Churchill"
Cheer,-2020,
Cheers,(1982-1993),
"Cheese in the Trap",-2016,
"Chef's Table",(2015-2019),
"Chef's Table: BBQ","(2020- )",
"Chef's Table: France","(2016- )",
"Chek dou",-2015,"Lok Man Leung , Kim-Ching Luk"
Chelsea,(2016-2017),
"Chelsea Does",-2016,
"Chelsea Peretti: One of the Greats","(2014 TV Special)","Lance Bangs"
"Chemi Bednieri Ojakhi",-2017,"Nana Ekvtimishvili , Simon Groß"
"Chen qing ling",-2019,
Cheongchunsidae,(2016-2017),
Chernobyl,-2021,"Danila Kozlovskiy"
"Chesapeake Shores","(2016- )",
Chevolution,-2008,"Luis Lopez , Trisha Ziff"
"Chewing Gum",(2015-2017),
"Chhota Bheem","(2008- )",
"Chhota Bheem Kung Fu Dhamaka",-2019,"Rajiv Chilaka , Binayak Das"
"Chi m'ha visto",-2017,"Alessandro Pondi"
"Chiamatemi Francesco","(2016- )",
"Chicago Overcoat",-2009,"Brian Caunter"
