Movies,Year,Genres
"¡A cantar!","(2020- )","Game-Show , Music"
"¡Ay, mi madre!",-2019,Comedy
"¿A quién te llevarías a una isla desierta?",-2019,Drama
"¿Quién Mató a Sara?","(2021- )","Crime , Drama , Mystery"
(Un)Well,"(2020- )",Documentary
"#AnneFrank - Parallel Stories",-2019,"Drama , History"
#BlackAF,-2020,Comedy
#cats_the_mewvie,-2020,Documentary
#differentnotless,"(2017- )",Drama
#HappyBirthdaySense8,-2017,Short
#Realityhigh,-2017,"Comedy , Drama , Romance"
#Rucker50,-2016,Documentary
#Saraitda,-2020,"Action , Drama , Horror"
#TemanTapiMenikah,-2018,"Biography , Comedy , Drama"
#TemanTapiMenikah2,-2020,"Biography , Comedy , Drama"
"1 Chance 2 Dance",-2014,"Drama , Family"
"1,000,000 yen no Onnatachi",-2017,"Comedy , Drama , Mystery"
"10 000 timmar",-2014,Comedy
"10 Days in Sun City",-2017,"Adventure , Comedy , Romance"
"100 días para enamorarnos","(2020- )",Comedy
"100 Humans","(2020- )",Reality-TV
"100 metros",-2016,"Biography , Comedy , Drama"
"100-man no Inochi no Ue ni Ore wa Tatte Iru","(2020- )","Animation , Action , Adventure"
"100% Coco",-2017,Drama
"100% Hotter","(2016- )",Reality-TV
"101 Dalmatians",-1996,"Adventure , Comedy , Crime"
"12 Monkeys",(2015-2018),"Adventure , Drama , Mystery"
"12 Rounds 3: Lockdown",-2015,"Action , Crime , Thriller"
"127 Hours",-2010,"Biography , Drama"
"13 Geboden",(2017-2018),"Crime , Mystery , Thriller"
"13 Minutes",,"Drama , Thriller"
"13 Reasons Why",(2017-2020),"Drama , Mystery , Thriller"
"13 Reasons Why: Season 2 Date Announcement Commercial",-2018,"Short , Drama"
"13: The Musical",,"Comedy , Family , Musical"
13th,-2016,"Documentary , Crime , History"
"13th: A Conversation with Oprah Winfrey & Ava DuVernay","(2017 Video)","Documentary , Short"
"15 August",-2019,Drama
"17 filles",-2011,Drama
"18 regali",-2020,Drama
"1898. Los últimos de Filipinas",-2016,"Drama , History , War"
1899,"(2022- )","Drama , History , Horror"
1920,-2008,"Horror , Mystery , Romance"
"1920 London",-2016,"Horror , Mystery"
1922,-2017,"Crime , Drama , Horror"
1983,-2018,"Crime , Drama , Thriller"
1994,"(I) (2019- )","Documentary , History"
"1994: Poder, Rebeldía y Crimen en México",-2019,Documentary
"2 Weeks",-2013,"Crime , Drama"
2:22,-2008,"Crime , Drama , Thriller"
"2001: A Space Odyssey",-1968,"Adventure , Sci-Fi"
"2006 Independent Spirit Awards","(2006 TV Special)",
"2020 Golden Globe Awards","(2020 TV Special)",Comedy
2067,-2020,Sci-Fi
"21 Days Under the Sky",-2016,Documentary
"21 Sarfarosh Saragarhi 1897","(2018- )",War
"21 Thunder","(2017- )",Drama
"22 July",-2018,"Crime , Drama , History"
"22nd Annual Mark Twain Prize for American Humor celebrating: Dave Chappelle","(2020 TV Special)",Comedy
23:59,-2011,Horror
"26 nyeon",-2012,"Drama , Thriller"
2gether,-2020,"Comedy , Drama , Romance"
"3 Geezers!",-2013,Comedy
"3 Türken & ein Baby",-2015,Comedy
3%,(2016-2020),"Action , Drama , Sci-Fi"
300,-2006,"Action , Drama"
"300: Rise of an Empire",-2014,"Action , Drama"
"365 dni",-2020,"Drama , Romance"
"37 sekanzu",-2019,Drama
"3Below: Tales of Arcadia",(2018-2019),"Animation , Action , Adventure"
"3rd Rock from the Sun",(1996-2001),"Comedy , Family , Sci-Fi"
"4 latas",-2019,"Comedy , Drama"
"42 días en la oscuridad",,"Crime , Drama , Mystery"
"44 Gatti","(2018- )","Animation , Adventure , Comedy"
"45 Revoluciones",-2019,"Drama , Music"
"46 Yok Olan",-2016,"Action , Crime , Drama"
50M2,"(2021- )","Comedy , Drama , Thriller"
"6 Balloons",-2018,Drama
"6 Below: Miracle on the Mountain",-2017,"Biography , Drama , Sport"
"6 Days","(I) (2017)","Action , Drama , History"
"6 Underground",-2019,"Action , Thriller"
"6 Years",-2015,"Drama , Romance"
6-5=2,-2014,Horror
"60 Il, Jijeongsaengjonja",-2019,"Drama , Thriller"
"7 años",-2016,Drama
"7 Chinese Brothers",-2015,Comedy
"7 Days Out","(2018- )",Documentary
"7 Guardians of the Tomb",-2018,"Action , Adventure , Horror"
"7 Ilui Wangbi",-2017,"Drama , Romance"
"7 Prisioneiros",-2021,Drama
7:19,-2016,"Drama , History"
"71st Golden Globe Awards","(2014 TV Special)",News
"72 Dangerous Animals - Asia","(2018- )",Documentary
"72 Dangerous Animals: Latin America",-2017,Documentary
76,-2016,"Drama , Romance"
7Seeds,(2019-2020),"Animation , Action , Adventure"
8:46,"(2020 TV Special)","Short , Comedy"
"800 metros","(2021- )",Documentary
"9 Kere Leyla",-2020,Comedy
"A 3 Minute Hug",-2019,"Documentary , Short"
"A Babysitter's Guide to Monster Hunting",-2020,"Comedy , Family , Fantasy"
"A Boy Called Christmas",-2021,"Adventure , Drama , Family"
"A California Christmas",-2020,"Comedy , Drama , Romance"
"A cambio de nada",-2015,Drama
"A Castle for Christmas",-2021,"Adventure , Comedy , Family"
"A Chorus Line",,"Drama , Musical"
"A Christmas Prince",-2017,"Comedy , Family , Romance"
"A Christmas Prince: The Royal Baby",-2019,"Family , Romance"
"A Christmas Prince: The Royal Wedding",-2018,"Drama , Romance"
"A Christmas Tree Miracle",-2013,Family
"A Cinderella Story",-2004,"Comedy , Family , Romance"
"A Cinderella Story: Christmas Wish","(2019 Video)","Comedy , Family , Fantasy"
"A Classic Horror Story",-2021,"Drama , Horror , Mystery"
"A Decade of Decadence, Pt. 2: Legacy of Dreams","(2013 Video)",Documentary
"A Dog's Life: The Oscar Lose Story","(2008 Video)","Documentary , Family"
"A Fall from Grace",-2020,"Drama , Fantasy , Thriller"
"A Family Reunion Christmas","(2019 TV Movie)","Comedy , Family"
"A Faster Horse",-2015,Documentary
"A Field Full of Secrets",-2014,Documentary
"A Final Cut for Orson: 40 Years in the Making",-2018,"Documentary , Short"
"A Futile and Stupid Gesture",-2018,"Biography , Comedy"
"A Garota Invisível",-2021,"Comedy , Musical , Romance"
"A Go! Go! Cory Carson Christmas","(2020 TV Special)","Animation , Short , Family"
"A Go! Go! Cory Carson Halloween","(2020 TV Special)","Animation , Short , Family"
"A god in ruins",,"Drama , Western"
"A Haunting at Silver Falls 2",-2019,Horror
"A Jazzman's Blues",-2022,Drama
"A Killer Uncaged",-2020,"Documentary , Crime"
"A Life in Men",,Drama
"A Little Help with Carol Burnett",-2018,Talk-Show
"A Love So Beautiful","(2020- )","Comedy , Romance"
"A Love Song for Latasha",-2019,"Documentary , Short , Biography"
"A Love to Last",-2017,"Drama , Family , Music"
"A Madea Homecoming",-2022,Comedy
"A Man Apart",-2003,"Action , Crime , Drama"
"A Man for All Seasons",-1966,"Biography , Drama , History"
"A Martfüi Rém - A Sorozat","(2020- )","Crime , Drama , Mystery"
"A mil kilómetros de la Navidad",-2021,"Adventure , Comedy , Family"
"A Million Colours",-2011,Drama
"A New York Christmas Wedding",-2020,"Drama , Romance"
"A Night for Dying Tigers",-2010,Drama
"A Note of Explanation",,
"A Perfect Crime",-2020,"Documentary , Crime"
"A Perfect Ending",-2012,"Drama , Romance"
"A Perfect Fit",-2021,"Comedy , Drama , Romance"
"A pesar de todo",-2019,Comedy
"A Plastic Ocean",-2016,Documentary
"A Prayer Before Dawn",-2017,"Action , Biography , Crime"
"A Primeira Tentação de Cristo",-2019,Comedy
"A Scandall",-2016,Thriller
"A Second Chance: Rivals!",-2019,"Drama , Family , Sport"
"A Secret Love",-2020,"Documentary , Drama"
"A Series of Unfortunate Events",(2017-2019),"Adventure , Comedy , Drama"
"A Shaun the Sheep Movie: Farmageddon",-2019,"Animation , Adventure , Comedy"
"A StoryBots Christmas","(2017 TV Movie)","Family , Fantasy , Musical"
"A Suitable Boy","(2020- )","Drama , Romance"
"A Taiwanese Tale of Two Cities","(2018- )",Drama
"A Tale Dark & Grimm","(2021- )","Animation , Action , Adventure"
"A Tale Dark and Grimm",,"Animation , Fantasy"
"A Tale of Two Kitchens",-2019,"Documentary , Short"
"A Thousand Goodnights","(2019- )",Drama
"A Tiger in the Dark: The Decadence Saga","(2014 Video)","Drama , Fantasy , Sci-Fi"
"A Time Lost",(II),
"A Toca","(2013- )",Comedy
"À tombeau ouvert",,"Action , Thriller"
"A Trash Truck Christmas","(2020 TV Special)","Animation , Family"
"A Través De Mi Ventana",,"Comedy , Romance"
"A United Kingdom",-2016,"Biography , Drama , History"
"A Very Murray Christmas","(2015 TV Special)","Comedy , Music , Musical"
"A Walk to Remember",-2002,"Drama , Romance"
"A Week Away",-2021,"Drama , Family , Musical"
"A Week in Watts",-2018,Documentary
"A Weekend with the Family",-2016,Comedy
"A Wish For Christmas","(2016 TV Movie)","Drama , Family , Fantasy"
"A Year in Burgundy",-2013,"Documentary , Drama , Family"
"A Year in Space","(2015- )",Documentary
"A Yellow Bird",-2016,Drama
A-reu-gon,-2017,Drama
"A.I.C.O. Incarnation",-2018,"Animation , Action , Sci-Fi"
"A.N.T. Farm",(2011-2014),"Comedy , Drama , Family"
"Aakash Gupta Special",-2021,Comedy
"Aala Kaf Ifrit",-2017,"Crime , Drama , Thriller"
"Abby Hatcher",(2018-2021),"Animation , Adventure , Comedy"
"Abducted in Plain Sight",-2017,"Documentary , Crime"
"Abeojiga Isanghae",-2017,"Comedy , Drama , Romance"
"Abla Fahita: Drama Queen","(2021- )","Comedy , Crime , Drama"
"Abstract: The Art of Design","(2017- )",Documentary
"Absurd Planet","(2020- )",Documentary
Abzurdah,-2015,"Biography , Drama , Romance"
"Accidentally in Love","(2018- )","Music , Romance"
Accomplice,-2021,Documentary
"Aci Kiraz",-2020,Drama
Acrimony,-2018,Thriller
"Acts of Violence",-2018,"Action , Crime"
"Ad Vitam",-2018,"Crime , Drama , Mystery"
"Ada Twist, Scientist","(2021- )","Animation , Adventure , Comedy"
"Adam Devine: Best Time of Our Lives","(2019 TV Special)",Comedy
"Adam Sandler: 100% Fresh","(2018 TV Special)","Comedy , Music"
"Adel Karam: Live from Beirut","(2018 TV Special)",Comedy
"Adios Amigos",-2016,Drama
"Aditi Mittal: Things They Wouldn't Let Me Say","(2017 TV Special)",Comedy
ADN,-2020,Drama
Adú,-2020,Drama
"Adult Beginners",-2014,"Action , Comedy , Drama"
Advantageous,-2015,"Drama , Family , Sci-Fi"
"Adventure Time",(2010-2018),"Animation , Action , Adventure"
Advokaten,"(2018- )","Crime , Drama , Mystery"
Aelay,-2021,"Comedy , Drama"
Aelliseu,-2020,"Drama , Fantasy , Mystery"
Aenggeurimam,-2015,"Comedy , Drama"
"Aetaneun Romaenseu",-2017,"Comedy , Romance"
Afblijven,-2006,"Drama , Family"
Afflicted,"(2018- )","Documentary , Mystery , Reality-TV"
Affliction,"(III) (2021)","Horror , Thriller"
"Afonso Padilha: Alma de Pobre","(2020 TV Special)",Comedy
"Afro Samurai",-2007,"Animation , Action , Adventure"
"After Life","(2019- )","Comedy , Drama"
"After Maria",-2019,"Documentary , Short"
"After Porn Ends",-2012,Documentary
"After Porn Ends 2",-2017,Documentary
"After Porn Ends 3",-2018,Documentary
"After the Raid",-2019,"Documentary , Short"
"After Tiller",-2013,"Documentary , Biography , Drama"
"After Trek",(2017-2018),Talk-Show
"Afterlife of the Party",-2021,Comedy
Aftermath,"(IV) (2021)","Drama , Horror , Mystery"
Again,,"Crime , Drama , Thriller"
"Against the Ice",-2021,"Adventure , Drama , History"
"Against the Sun",-2014,"Biography , Drama , War"
"Age of Samurai: Battle for Japan","(2021- )","Documentary , Action , Adventure"
Agent,"(2019- )",Drama
"Agent King",,"Animation , Action , Comedy"
"Agents of S.H.I.E.L.D.",(2013-2020),"Action , Adventure , Drama"
"Aggressive Retsuko","(2016- )","Animation , Comedy , Musical"
Aggretsuko,"(2018- )","Animation , Comedy , Drama"
"Aguacate El Fruto Del Cielo",-2021,Documentary
"Agustín Aristarán: Soy Rada","(2018 TV Special)",Comedy
"Ahí te Encargo",-2020,"Comedy , Romance"
"Ahiru no Sora","(2019- )","Animation , Sport"
"Ai hui lai",(2011-2012),"Drama , Romance"
"Ai-naki mori de sakebe",-2019,"Crime , Drama , Horror"
Ailiseu,(2009-2013),"Action , Mystery , Romance"
"Ainori Love Wagon: African Journey","(2020- )",Reality-TV
"Ainori Reboot","(2017- )",Reality-TV
"Ainori: Asian Journey","(2017- )",Reality-TV
"AJ and the Queen",-2020,"Adventure , Comedy , Drama"
"Ajeeb Daastaans",-2021,"Drama , Romance"
Ajin,"(2016- )","Animation , Action , Adventure"
Ajji,-2017,"Crime , Drama"
"AK vs AK",-2020,"Action , Comedy , Crime"
"Akame ga Kill!",-2014,"Animation , Action , Adventure"
"Akbar Birbal","(2014- )","Comedy , Drama , History"
Akelarre,-2020,"Adventure , Drama , History"
"Akhir Kisah Cinta Si Doel",-2020,"Drama , Romance"
Akjilkyungchal,-2019,"Action , Crime , Drama"
"Al Hayba","(2017- )","Action , Romance"
"Al midan",-2013,"Documentary , Drama , History"
"Al posto suo","(2020 TV Movie)",Comedy
"Ala Vaikunthapurramuloo",-2020,"Action , Comedy , Drama"
"Alan Saldaña: Locked Up","(2021 TV Special)",Comedy
"Alan Saldaña: Mi vida de pobre","(2017 TV Special)",Comedy
"Alejandra Azcárate",,Comedy
"Alejandro Riaño: Especial de stand-up","(2018 TV Special)",Comedy
"Aleksandr's Price",-2013,Drama
Alex,(2017-2019),"Action , Crime , Thriller"
"Alex Fernández: El mejor comediante del mundo","(2020 TV Special)",Comedy
"Alex Strangelove",-2018,"Comedy , Drama , Romance"
"Alexa & Katie",(2018-2020),"Comedy , Drama"
"Alexis Viera, una historia de superación",-2019,Documentary
Algoissjiman,"(2021- )","Drama , Romance"
"Alguien tiene que morir",-2020,"Crime , Drama , Thriller"
"Alhambeura Goongjeonui Chooeok",(2018-2019),"Drama , Romance , Sci-Fi"
"Ali & the Queens",-2021,"Comedy , Drama"
"Ali Wong: Baby Cobra","(2016 TV Special)",Comedy
"Ali Wong: Hard Knock Wife","(2018 TV Special)",Comedy
"Ali's Wedding",-2017,"Comedy , Drama , Romance"
"Alias Grace",-2017,"Biography , Crime , Drama"
"Alice in Borderland","(2020- )","Action , Fantasy , Mystery"
"Alice in Wonderland",,"Adventure , Family , Fantasy"
"Alice Júnior",-2019,"Animation , Comedy , Drama"
"Alice Through the Looking Glass",-2016,"Adventure , Family , Fantasy"
"Alien Contact: Outer Space","(2017 Video)",Documentary
"Alien Secrets","(2006 Video)","Comedy , Drama , Sci-Fi"
"Alien TV","(2020- )","Animation , Comedy , Family"
"Alien Warfare",-2019,"Action , Sci-Fi"
"Alien Worlds",-2020,"Documentary , Animation , Sci-Fi"
"Alien Xmas","(2020 TV Special)","Animation , Short , Adventure"
"Aliens on the Moon: The Truth Exposed","(2014 TV Movie)",Sci-Fi
"Aliens: Zone of Silence",-2017,"Horror , Mystery , Sci-Fi"
"Alive Inside",-2014,"Documentary , News"
"All About The Washingtons",-2018,"Comedy , Music"
"All Because of You",-2020,"Action , Comedy , Romance"
"All Day and a Night",-2020,Drama
"All Hail King Julien",(2014-2017),"Animation , Adventure , Comedy"
"All Hail King Julien: Exiled",-2017,"Animation , Short , Adventure"
"All Hail King Julien: Happy Birthday to You!","(2017 TV Special)","Animation , Short"
"All in My Family",-2019,"Documentary , Short , Family"
"All on the Line","(2011- )",Reality-TV
"All Quiet on the Western Front",-2022,"Action , Drama , History"
"All the Bright Places",-2020,"Drama , Romance"
"All the Queen's Men",-2001,"Action , Comedy , Drama"
"All the Right Moves",,"Game-Show , Reality-TV"
"All Together Now",-2020,Drama
"Alles is zoals het zou moeten zijn",-2020,"Comedy , Drama"
"Alles ist gut",-2018,Drama
"Alles voor elkaar",-2017,Comedy
Alma,"(2021- )","Drama , Horror , Mystery"
"Alma Matters - Inside the IIT Dream",-2021,Documentary
"Along Came Jones",-1945,"Comedy , Romance , Western"
"Along for the Ride",(II),"Drama , Romance"
"Alors, heureux?","(2006 TV Movie)",Documentary
Alphablocks,(2010-2016),Animation
"AlRawabi School for Girls",-2021,Drama
"Als de dijken breken",-2016,Drama
"Alt Love Building",-2014,Comedy
"Alta mar",(2019-2020),"Crime , Drama , Mystery"
"Alter Me",-2020,"Drama , Romance"
"Altered Carbon",(2018-2020),"Action , Drama , Sci-Fi"
"Altered Carbon: Resleeved",-2020,"Animation , Action , Crime"
Aluna,-2012,"Documentary , Adventure"
"Alvin and the Chipmunks: The Squeakquel",-2009,"Animation , Adventure , Comedy"
"Alvinnn!!! And the Chipmunks","(2015- )","Animation , Comedy , Drama"
"Always Be My Maybe",-2019,"Comedy , Romance"
"Aman Ya Sahbi",-2017,"Comedy , Musical"
"Amanda Knox",-2016,"Documentary , Crime"
Amar,-2017,"Drama , Romance"
"Amar y Vivir","(2020- )","Drama , Romance"
Amateur,-2018,"Drama , Sport"
"Amazing Hotels: Life Beyond the Lobby","(2017- )",Documentary
"Amazing Interiors","(2018- )",Documentary
"Amazing On The Inside",,Reality-TV
"Amend: The Fight for America","(I) (2021)","Documentary , History"
"Amend: The Fight for America","(II) (2021)",Documentary
"America: The Motion Picture",-2021,"Animation , Action , Adventure"
"American Crime Story","(2016- )","Biography , Crime , Drama"
"American Experience","(1988- )","Documentary , Biography , History"
"American Factory",-2019,Documentary
"American Factory: A Conversation with the Obamas",-2019,"Documentary , Short"
"American Horror Story","(2011- )","Drama , Horror , Thriller"
"American Jesus",,"Action , Adventure , Drama"
"American Masters","(1985- )","Documentary , Biography"
"American Murder: The Family Next Door",-2020,"Documentary , Crime"
"American Psycho",-2000,"Comedy , Crime , Drama"
"American Son",-2019,Drama
"American Vandal",(2017-2018),"Comedy , Crime , Drama"
"American Violence",-2017,"Crime , Drama , Thriller"
"Amit Tandon: Family Tandoncies","(2019 TV Special)",Comedy
Amnesty,(II),Thriller
Amo,"(2017- )",Crime
Amok,"(I) (2014)",Drama
"Amor con fianza","(2021- )",Reality-TV
"Amor de madre",-2022,Comedy
"Amy Schumer: Growing","(2019 TV Special)",Comedy
"Amy Schumer: The Leather Special","(2017 TV Special)",Comedy
"An Act of War",-2015,"Crime , Drama , Thriller"
"An Affair to Die For",-2019,"Horror , Thriller"
"An Afternoon with SCTV","(TV Special)",Talk-Show
"An Astrological Guide for Broken Hearts",,"Comedy , Romance"
"An Interview with God",-2018,"Drama , Mystery"
"An lian: Ju sheng huai nan",-2019,Drama
"Anatomy of a Love Seen",-2014,"Drama , Romance"
"Anatomy of a Scandal",,"Drama , Thriller"
Anazâ,-2012,"Animation , Drama , Horror"
"Ancient Extraterrestrials: Aliens and UFOs Before the Dawn of Time","(2012 Video)",Documentary
"And the Oscar Goes To...","(2014 TV Movie)","Documentary , History"
"Andes Mágicos","(2019- )",Documentary
"Andið eðlilega",-2018,Drama
"André & His Olive Tree",-2020,Documentary
Andropoz,,
"Anelka: Misunderstood",-2020,"Documentary , Sport"
"Aneun Waipeu",-2018,"Fantasy , Romance"
"Ang probinsyano","(2015- )","Action , Crime , Thriller"
"Angel 'n' Devil",(2014-2015),Fantasy
"Angela's Christmas",-2017,"Animation , Short , Adventure"
"Angela's Christmas Wish",-2020,"Animation , Adventure , Comedy"
"Angkeumhan Dolshingnyeo","(2014- )","Comedy , Romance"
"Angry Birds Blues",-2017,"Animation , Comedy , Family"
"Angry Birds Stella",(2014-2016),Animation
"Angry Birds Toons",(2013-2018),"Animation , Comedy , Family"
"Angry Birds: Summer Madness",,"Animation , Short , Comedy"
"Angry Indian Goddesses",-2015,"Comedy , Drama"
Anima,"(I) (2019)","Short , Music"
"Animal Crackers",-2017,"Animation , Adventure , Comedy"
"Animal Farm",,"Drama , Fantasy"
"Animal Kingdom","(2016- )","Crime , Drama"
"Animales sin collar",-2018,Thriller
"Animals on the Loose: A You vs. Wild Movie","(2021 TV Movie)","Adventure , Reality-TV"
Ánimas,-2018,"Horror , Thriller"
"Anitta: Made in Honório","(2020- )","Documentary , Biography , Music"
"Anjaan: Special Crimes Unit","(2018- )","Horror , Mystery , Thriller"
"Anjelah Johnson: Not Fancy","(2015 TV Special)","Documentary , Comedy"
"Anna Karenina",(III),"Drama , Romance"
Annarasumanara,,Drama
Anne,(2017-2019),"Drama , Family"
Annihilation,-2018,"Adventure , Drama , Horror"
"Annyeong? Naya!","(2021- )","Comedy , Fantasy , Romance"
Anon,"(I) (2018)","Crime , Sci-Fi , Thriller"
"Another Life","(2019- )","Adventure , Drama , Mystery"
"Another Self",,Drama
"Answer for Heaven","(2019- )",Drama
"Anthony Jeselnik: Fire in the Maternity Ward","(2019 TV Special)",Comedy
"Anthony Jeselnik: Thoughts and Prayers","(2015 Video)",Comedy
"Anthony Joshua: The Road to Klitschko","(2017 TV Movie)","Documentary , Biography , Sport"
"Antiracist Baby",,Short
"Antoine Griezmann: The Making of a Legend","(2019 TV Movie)","Documentary , Biography , Sport"
"Antologi Rasa",-2019,Drama
"Anxious People",,"Comedy , Drama"
"Any Day Now","(I) (2012)",Drama
Anytown,-2009,"Crime , Drama , Thriller"
"Ao no ekusoshisuto: Kuro no iede","(2011 Video)","Animation , Short"
"Apache: La vida de Carlos Tevez",-2019,"Biography , Crime , Drama"
Apan,-2009,"Drama , Thriller"
"Apenas o Fim",-2008,"Comedy , Family , Romance"
Apenstreken,-2015,Family
"Apollo 10 1/2: A Space Age Adventure",-2022,"Animation , Action , Adventure"
Apostle,-2018,"Drama , Fantasy , Horror"
"Aram, Aram",-2015,Drama
"Arango y Sanint: Ríase el show","(2018 TV Special)",Comedy
Arangsaddojeon,-2012,"Action , Comedy , Fantasy"
Aranyak,,"Crime , Thriller"
"Arashi's Diary: Voyage",-2019,"Documentary , Music"
Arbitrage,-2012,"Drama , Thriller"
Arcane,"(2021- )","Animation , Action , Adventure"
Archer,"(2009- )","Animation , Action , Comedy"
"Archibald's Next Big Thing",(2019-2020),"Animation , Adventure , Comedy"
"Archive 81",,"Drama , Horror , Sci-Fi"
"Are You the One?","(2014- )",Reality-TV
Ares,-2020,"Drama , Horror , Mystery"
"Året der gik","(2020 TV Special)","History , Music , Talk-Show"
"Areumdaun Sesang","(2019- )","Drama , Mystery"
"Ari Shaffir: Double Negative","(2016 TV Special)",Comedy
"Ariana Grande: Excuse Me, I Love You",-2020,"Documentary , Music"
"Arifureta Shokugyou de Sekai Saikyou","(2019- )","Animation , Action , Adventure"
"Arlo the Alligator Boy","(2021 TV Movie)","Animation , Adventure , Comedy"
"Armed Girl's Machiavellism",-2017,"Animation , Action , Comedy"
"Army of the Dead",-2021,"Action , Crime , Horror"
"Army of the Dead: Lost Vegas","(2022- )","Animation , Action , Crime"
"Army of Thieves",-2021,"Action , Crime , Horror"
ARQ,-2016,"Action , Sci-Fi , Thriller"
"Arranged Marriage",(III),Comedy
"Arrested Development",(2003-2019),Comedy
Arrival,"(II) (2016)","Drama , Sci-Fi"
Arrow,(2012-2020),"Action , Adventure , Crime"
"Arsenio Hall: Smart and Classy","(2019 TV Special)",Comedy
"Art of Flight: The Series","(2012- )",Documentary
"Art of the Game: Ukiyo-e Heroes",-2017,Documentary
"Article 15",-2019,"Crime , Drama , Mystery"
Artifact,-2012,"Documentary , Music"
"Aruna & Her Palate",-2018,Drama
"As We Sleep",-2002,
Ascension,-2014,"Drama , Sci-Fi"
"Aseudal Yeondaegi","(2019- )","Action , Drama , Fantasy"
"Ash vs Evil Dead",(2015-2018),"Action , Comedy , Horror"
Ashby,-2015,"Comedy , Crime , Drama"
"Ashes of Love",-2018,"Comedy , Fantasy , Romance"
"Ashley Garcia: Genius in Love","(2020 TV Special)",Comedy
"Ashley Madison: Sex, Lies & Cyber Attacks","(2016 TV Movie)","Documentary , Crime , History"
"Ask 101","(2020- )","Comedy , Drama , Romance"
"Ask Taktikleri",,Romance
"Ask the Doctor","(2017- )",Documentary
"Ask the StoryBots",(2016-2019),"Animation , Adventure , Comedy"
"Ask-i Memnu",(2008-2010),"Drama , Romance"
"Asktan Kaçilmaz","(2014- )","Drama , Romance"
"Asobi Asobase","(2018- )","Animation , Comedy"
"Asperger's Are Us",-2016,"Documentary , Comedy , Drama"
"Assassin's Creed",,"Action , Adventure , Drama"
"Assassinio sul Tevere",-1979,"Comedy , Crime , Drama"
Astérix,,"Animation , Action , Adventure"
Astérix,-2023,"Animation , Action , Adventure"
"Astronomy Club",-2019,Comedy
"Asukô mâchi: Asuka kôgyô kôkô monogatari","(2011- )",Drama
"At the Dolphin Bay",-2003,"Comedy , Drama , Romance"
"Atari: Game Over",-2014,Documentary
"Ataúd Blanco: El Juego Diabólico",-2016,"Action , Horror , Thriller"
Atelier,-2015,"Comedy , Drama"
Aterrados,-2017,Horror
"Athlete A",-2020,"Documentary , Crime , Sport"
Atlantique,-2019,"Drama , Mystery , Romance"
"Atomic Blonde",-2017,"Action , Thriller"
Atone,-2019,Action
"Att angöra en brygga",-1965,"Comedy , Drama , Romance"
"Att döda ett barn",-1953,"Drama , Short"
Atypical,(2017-2021),"Comedy , Drama"
"Au service de la France",(2015-2018),Comedy
Audible,-2021,"Documentary , Short , Sport"
"Audrie & Daisy",-2016,"Documentary , Crime"
"Auntie Claus",,"Adventure , Comedy , Family"
"Aunty Donna's Big Ol' House of Fun","(2020- )",Comedy
Aurora,"(IV) (2018)","Horror , Thriller"
"Autistic Driving School",-2010,Documentary
Autohead,-2016,"Crime , Drama"
Autumn,"(I) (2009)","Horror , Sci-Fi , Thriller"
"Ava's Possessions",-2015,"Comedy , Horror , Mystery"
"Avatar: The Last Airbender",,"Action , Adventure , Fantasy"
"Avatar: The Last Airbender",(2005-2008),"Animation , Action , Adventure"
Avengement,"(I) (2019)","Action , Crime"
"Avicii: True Stories",-2017,"Documentary , Biography , Music"
Avlu,"(2018- )","Crime , Drama"
Awake,"(III) (2021)","Action , Adventure , Drama"
"Awake: The Million Dollar Game","(2019- )",Game-Show
Away,-2020,"Drama , Romance , Sci-Fi"
Away,"(I) (2016)","Crime , Drama"
"Axis Mundi","(2022- )","Adventure , Drama , Fantasy"
Axone,-2019,"Comedy , Drama"
"Ayotzinapa, El paso de la Tortuga",-2018,Documentary
Azali,-2018,Drama
"Aziz Ansari Live in Madison Square Garden","(2015 TV Special)",Comedy
"Aziz Ansari: Buried Alive","(2013 TV Special)",Comedy
"Aziz Ansari: Right Now","(2019 TV Special)",Comedy
Azizler,-2021,"Comedy , Drama"
"B: The Beginning","(2018- )","Animation , Action , Crime"
"Baahubali: Before the Beginning",,"Action , Adventure , Drama"
Babies,"(2020- )",Documentary
"Babies Behind Bars","(2011 TV Movie)",Documentary
Baby,(2018-2020),Drama
"Baby Ballroom","(2017- )",Documentary
"Baby Driver",-2017,"Action , Crime , Drama"
"Baby Reindeer",,"Biography , Drama"
Babylon,-2014,"Comedy , Crime , Drama"
"BAC Nord",-2020,"Crime , Thriller"
"Back Street Girls",-2018,"Animation , Comedy"
"Back to the Outback",-2021,"Animation , Adventure , Comedy"
"Back With the Ex","(2018- )",Reality-TV
Backfire,"(II) (2017)","Crime , Drama"
Backlash,-1956,"Action , Adventure , Mystery"
Backstabbed,"(2016 TV Movie)","Drama , Thriller"
"Bad Blood","(2017- )","Crime , Drama"
"Bad Blood","(II) (2015)","Action , Drama , Thriller"
"Bad Boy","(I) (2020)","Action , Crime , Drama"
"Bad Boy Billionaires: India","(2020- )","Documentary , Biography , Crime"
"Bad Day for the Cut",-2017,"Action , Crime , Drama"
"Bad Investigate",-2018,"Action , Comedy , Crime"
"Bad Papa","(2018- )","Drama , Family"
"Bad Samaritans",-2013,Comedy
"Bad Trip",-2021,Comedy
Badla,-2019,"Crime , Drama , Mystery"
Baegabondeu,-2019,"Action , Mystery , Thriller"
"Baekilui Nanggoonnim",-2018,"Action , Comedy , History"
Baggage,"(I) (2008)",Drama
Baires,-2015,"Action , Crime , Thriller"
"Bajo la piel de lobo",-2017,"Action , Adventure , Drama"
Bajocero,-2021,"Action , Adventure , Crime"
"Bake Squad","(2021- )","Game-Show , Reality-TV"
Baki,(2018-2020),"Animation , Action , Drama"
"Bakugan: Battle Planet","(2018- )","Animation , Action , Adventure"
Bala,-2019,Comedy
"Ball and Chain",,"Action , Adventure , Comedy"
"Balle perdue",-2020,"Action , Crime , Thriller"
"Bameul geotneun seonbi",-2015,"Action , Fantasy , History"
"Ban-deu-si jab-neun-da",-2017,"Crime , Drama , Mystery"
"Banana Split",-2018,Comedy
Bangistan,-2015,"Comedy , Drama"
"Bangkok Breaking","(2021- )","Action , Crime , Drama"
"Bangkok Buddies",-2019,"Comedy , Drama"
"Bangkok Love Stories: Hey You","(2018- )",Drama
"Bangkok Love Stories: Innocence",(2018-2019),Romance
"Bangkok Love Stories: Objects of Affection","(2019- )",Drama
"Bangkok Love Stories: Plead","(2019- )",Drama
"Bank el-Hazz",-2017,Comedy
"Bankier van het verzet",-2018,"Biography , Drama , War"
Banlieusards,-2019,Crime
"Bap Jal Sajuneun Yeppeun Nuna",-2018,"Drama , Romance"
"Barami Boonda","(2019- )",Drama
"Barangay 143","(2018- )","Animation , Sport"
Barbarians,"(2020- )","Action , Adventure , Drama"
"Barbie & Chelsea the Lost Birthday","(2021 Video)","Animation , Adventure , Family"
"Barbie Dreamhouse Adventures","(2018- )","Animation , Comedy , Family"
"Barbie Princess Adventure",-2020,"Animation , Family , Musical"
"Barbie: Big City, Big Dreams","(2021 TV Movie)",Animation
"Barbie: Dolphin Magic","(2017 Video)","Animation , Adventure , Family"
"Barbie: Happy Birthday to You!","(2017 TV Special)","Animation , Short"
"Barbie: Life in the Dreamhouse","(2012- )","Animation , Short , Comedy"
"Barbra: The Music... The Mem'ries... The Magic!","(2017 TV Special)",Music
"Bard of Blood","(2019- )","Action , Adventure , Drama"
Bardo,,Thriller
Barry,"(II) (2016)","Biography , Drama"
Bartita,-2012,"Drama , Mystery , Thriller"
Bartkowiak,-2021,"Action , Crime , Sport"
Baruca,,Action
"Basilisk: Ouka Ninpouchou",-2018,"Animation , Action , Drama"
"Basketball or Nothing","(2019- )","Documentary , Sport"
"Bates Motel",(2013-2017),"Drama , Horror , Mystery"
"Batman v Superman: Dawn of Justice",-2016,"Action , Adventure , Sci-Fi"
"Batman: The Movie",-1966,"Adventure , Comedy , Crime"
Battle,"(I) (2018)","Drama , Music , Romance"
"Battle Kitty","(2022- )","Animation , Action , Adventure"
"Battle of Britain",-1969,"Action , Drama , History"
"Battle of the Hearts",-2020,"Crime , Thriller"
"Battle: Freestyle",-2021,"Drama , Music , Romance"
Battlefish,"(2018- )",Reality-TV
Bayoneta,-2018,Drama
Baywatch,-2017,"Action , Comedy , Crime"
"Be Here Now",-2015,"Documentary , Biography , Drama"
Beastars,"(2019- )","Animation , Crime , Drama"
"Beasts of No Nation",-2015,"Drama , War"
"Beat Bugs",(2016-2018),"Animation , Short , Adventure"
"Beat Bugs: Happy Birthday to You!","(2017 TV Special)","Animation , Short"
Beats,"(I) (2019)",Drama
"Beautiful Sunday",-2007,Thriller
Beauty,-2021,"Drama , Romance"
"Beauty and the Beast",-1991,"Animation , Family , Fantasy"
"Beauty and the Beast","(I) (2017)","Family , Fantasy , Musical"
Beckett,-2021,"Action , Crime , Drama"
Becoming,"(II) (2020)",Documentary
"Becoming Champions","(2018- )","Documentary , Sport"
"Bed & Breakfast: Love is a Happy Accident",-2010,"Comedy , Romance"
"Bee & Puppycat: Lazy in Space","(2013- )",Animation
"Bee and PuppyCat","(2013- )","Animation , Short , Action"
Beef,,"Comedy , Drama"
"Been So Long",-2018,"Drama , Musical , Romance"
"Before I Wake",-2016,"Drama , Fantasy , Horror"
"Begin Again","(II) (2013)","Comedy , Drama , Music"
"Behind Her Eyes",-2021,"Drama , Mystery , Thriller"
"Behind the Curtain: Todrick Hall",-2017,Documentary
"Being Elmo: A Puppeteer's Journey",-2011,Documentary
"Being Human",(2008-2013),"Comedy , Drama , Fantasy"
"Being Mrs Elliot",-2014,"Comedy , Romance"
"Being Napoleon",-2018,Documentary
Beirut,-2018,"Action , Crime , Drama"
"Bella Donna's",-2017,Comedy
"Bellas de Noche",-2016,Documentary
"Below Deck","(2013- )",Reality-TV
"Below Deck Mediterranean","(2016- )",Reality-TV
"Below Her Mouth",-2016,"Drama , Romance"
"Ben Platt Live from Radio City Music Hall","(2020 TV Special)",Music
"Ben X Jim","(2020- )",Romance
Bendo,"(2022- )",Drama
"Beneath the Leaves",-2019,Thriller
"Beni Çok Sev",-2021,Drama
Benji,"(I) (2018)","Crime , Drama , Family"
"Benvenuto Presidente!",-2013,Comedy
"Benvinguts a la família",(2018-2019),Comedy
"Berlin Calling",-2008,"Comedy , Drama , Music"
"Berlin Syndrome",-2017,"Drama , Horror , Mystery"
"Berlin, Berlin",-2020,"Comedy , Drama , Romance"
"Berlin, I Love You",-2019,"Drama , Romance"
"Berserk: Ougon Jidai-hen I - Haou no Tamago",-2012,"Animation , Action , Adventure"
"Berserk: Ougon jidai-hen II - Dorudorei koryaku",-2012,"Animation , Action , Adventure"
"Berserk: Ougon jidai-hen III - Kourin",-2013,"Animation , Action , Adventure"
"Bert Kreischer: Hey Big Boy","(2020 TV Special)",Comedy
"Bert Kreischer: Secret Time","(2018 TV Special)",Comedy
"Bert Kreischer: The Machine","(2016 TV Special)",Comedy
"Bert Visscher: Zelden zoiets gezien","(2017 TV Special)","Documentary , Comedy"
Beruseruku,(2016-2017),"Animation , Action , Drama"
"Best Leftovers Ever!","(2020- )",Reality-TV
"Best of Stand-up 2020","(2020 TV Special)",Comedy
"Best. Worst. Weekend. Ever.",-2018,"Comedy , Family"
Betaal,"(2020- )","Action , Horror , Thriller"
"Bethany Hamilton: Unstoppable",-2018,"Documentary , Sport"
"Betoben baireoseu",-2008,"Comedy , Drama , Romance"
Betonrausch,-2020,"Comedy , Drama"
"Better Call Saul","(2015- )","Crime , Drama"
"Better Watch Out","(II) (2016)","Comedy , Horror , Thriller"
"Bettie Page Reveals All",-2012,"Documentary , Biography"
"Betty en NY","(2019- )",Comedy
Between,(2015-2016),"Drama , Mystery , Sci-Fi"
"Between Two Ferns: The Movie",-2019,Comedy
"Beuramseureul Joahaseyo",-2020,"Drama , Music , Romance"
"Beverly Hills Cop 4",,"Action , Comedy , Crime"
"Beyblade Burst","(2016- )","Animation , Action , Comedy"
"Beyond a Reasonable Doubt",-2009,"Crime , Drama , Mystery"
"Beyond Stranger Things",-2017,"Documentary , Talk-Show"
"BG: Shinpen keigonin",(2018-2020),Drama
"Bhaag Beanie Bhaag","(2020- )",Comedy
"Bhaage Re Mann",,Comedy
"Bhangra Paa Le",-2020,"Comedy , Drama , Music"
Bhouri,-2016,Drama
"Bienvenidos a Edén","(2021- )","Action , Thriller"
"Big Bear",-2017,Comedy
"Big Dreams, Small Spaces",(2014-2017),Reality-TV
"Big Game",-2014,"Action , Adventure"
"Big Guns","(2006 Video)",Comedy
"Big in Bollywood",-2011,Documentary
"Big Mouth","(2017- )","Animation , Comedy , Romance"
"Big Timber","(2020- )",Reality-TV
"Big Vape",,Documentary
"Big Vape: The Incendiary Rise of Juul",,Documentary
"Big Words",-2013,"Comedy , Drama"
BigBug,,"Adventure , Comedy , Fantasy"
"Bigflo & Oli: Hip Hop Frenzy",-2020,"Documentary , Music"
"Biggie: I Got a Story to Tell",-2021,"Documentary , Biography , Music"
"Bikram: Yogi, Guru, Predator",-2019,"Documentary , Crime"
Bikya,-2018,"Comedy , Drama"
"Bill Burr: I'm Sorry You Feel That Way","(2014 TV Special)",Comedy
"Bill Burr: Paper Tiger","(2019 TV Special)",Comedy
"Bill Burr: Walk Your Way Out","(2017 TV Special)",Comedy
"Bill Burr: You People Are All the Same.","(2012 TV Special)",Comedy
"Bill Cosby: 77","(2014 Video)",Comedy
"Bill Cosby: Far from Finished","(2013 TV Special)","Documentary , Comedy"
"Bill Hicks: Reflections",-2015,"Documentary , Short"
"Bill Hicks: Relentless","(1992 Video)","Documentary , Comedy"
"Bill Hicks: Revelations","(1993 TV Special)","Documentary , Comedy"
"Bill Hicks: Sane Man","(1989 Video)","Documentary , Comedy"
"Bill Nye Saves the World",(2017-2018),"Comedy , Talk-Show"
Billions,"(2016- )",Drama
"Bimilui Soop","(2017- )","Crime , Drama , Mystery"
Bing-ui,"(2019- )","Comedy , Crime , Drama"
Binsenjo,"(2021- )","Comedy , Crime , Romance"
Biohackers,"(2020- )","Drama , Sci-Fi , Thriller"
"Bir Baba Hindu",-2016,"Action , Adventure , Comedy"
"Bir Baskadir","(2020- )","Drama , Thriller"
"Bir Denizalti Hikayesi",,"Action , Adventure , Drama"
"Bird Box",-2018,"Horror , Sci-Fi"
Birders,-2019,"Documentary , Short"
"Birdman or (The Unexpected Virtue of Ignorance)",-2014,"Comedy , Drama"
Bitten,(2014-2016),"Drama , Fantasy , Horror"
"Bitter Daisies",(2018-2020),"Drama , Thriller"
"Black Beach",-2020,"Action , Drama , Thriller"
"Black Clover",(2017-2021),"Animation , Action , Adventure"
"Black Crab",-2022,"Action , Adventure , Thriller"
"Black Earth Rising",-2018,Thriller
"Black Heart",-2014,Drama
"Black Ink Crew","(2012- )",Reality-TV
"Black Lagoon",-2006,"Animation , Action , Adventure"
"Black Lightning",(2017-2021),"Action , Drama , Sci-Fi"
"Black Man White Skin",-2015,Documentary
"Black Mirror","(2011- )","Drama , Sci-Fi , Thriller"
"Black Mirror: Bandersnatch",-2018,"Drama , Fantasy , Mystery"
"Black Privilege","(2019 TV Movie)",Family
"Black Sails",(2014-2017),"Adventure , Drama"
"Black Site Delta",-2017,Action
"Black Space","(2020- )","Crime , Drama , Thriller"
"Black Stallions",,Comedy
"Black Summer","(2019- )","Action , Drama , Horror"
Blackout,"(2013 TV Movie)",Drama
Blackout,(XLI),Drama
"Blackpink: Light Up the Sky",-2020,"Documentary , Music"
Blame!,-2017,"Animation , Action , Drama"
"Blanche comme neige",-2019,"Comedy , Drama"
Blasted,-2022,"Action , Comedy , Sci-Fi"
"Blazing Transfer Students",-2017,"Action , Adventure , Comedy"
"Bleach: Burîchi",(2004-2012),"Animation , Action , Adventure"
"Bleach: Burîchu",-2018,"Action , Adventure , Fantasy"
"Bling Empire","(2021- )",Reality-TV
Blitz,-2011,"Action , Crime , Thriller"
Blockbuster,-2018,Comedy
"Bloed, Zweet & Tranen",-2015,"Biography , Drama , Music"
Blonde,"(II) (2022)","Biography , Drama , Romance"
"Blood & Water","(2020- )","Drama , Mystery"
"Blood Brother",-2013,Documentary
"Blood Brother",-2018,"Action , Crime , Drama"
"Blood Brothers: Malcolm X & Muhammad Ali",-2021,"Documentary , Sport"
"Blood Cells",-2014,Drama
"Blood of Zeus","(2020- )","Animation , Action , Fantasy"
"Blood Red Sky",-2021,"Action , Horror , Thriller"
Bloodline,(2015-2017),"Drama , Thriller"
Bloodride,"(2020- )","Horror , Mystery , Thriller"
Bloom,,Drama
"Bloom Into You","(2018- )","Animation , Drama , Romance"
"Blown Away","(2019- )",Reality-TV
Blue,"(II) (2009)",Drama
"Blue Bloods","(2010- )","Crime , Drama , Mystery"
"Blue Eye Samurai",,"Animation , Action , Adventure"
"Blue Gold: American Jeans",-2014,"Documentary , History"
"Blue Jasmine",-2013,"Comedy , Drama"
"Blue Jay","(I) (2016)","Drama , Romance"
"Blue Kids",-2017,"Drama , Thriller"
"Blue Miracle",-2021,"Adventure , Biography , Drama"
"Blue Mountain State",(2010-2011),"Comedy , Sport"
"Blue Mountain State: The Rise of Thadland",-2016,"Comedy , Sport"
BNA,-2020,"Animation , Action , Fantasy"
"Bo Burnham: Inside","(2021 TV Special)","Comedy , Drama , Music"
"Bo Burnham: Make Happy","(2016 TV Special)","Comedy , Music"
"Bo Burnham: what.","(2013 TV Special)","Comedy , Music"
"Bob Ross: Happy Accidents, Betrayal & Greed",-2021,Documentary
"Bob Saget: That's What I'm Talkin' About","(2013 TV Special)","Documentary , Comedy"
"Bobby Kennedy for President",-2018,"Documentary , Biography , Drama"
"Bobby Robson: More Than a Manager",-2018,"Documentary , Sport"
"Boca a Boca","(I) (2020- )","Drama , Mystery , Thriller"
"Boca Juniors Confidencial",-2018,"Documentary , Sport"
Bodyguard,-2018,"Crime , Drama , Thriller"
Bodyguard,"(I) (2011)","Action , Comedy , Drama"
"Bogdan Boner: Egzorcysta","(2020- )","Comedy , Animation"
Boi,-2019,"Mystery , Thriller"
Boiseu,(2017-2021),"Action , Crime , Mystery"
"BoJack Horseman",(2014-2020),"Animation , Comedy , Drama"
Bojwagwan,"(2019- )",Drama
"Boku dake ga inai machi",-2016,"Animation , Drama , Fantasy"
"Boku dake ga inai machi",-2017,"Drama , Fantasy , Mystery"
"Boku no hîrô akademia","(2016- )","Animation , Action , Adventure"
"Boku wa tomodachi ga sukunai","(2011- )","Animation , Comedy , Drama"
"Bolbol Hayran",-2010,"Comedy , Drama , Romance"
"Bolívar: Una lucha admirable",-2019,"Action , Biography , Drama"
"Bom Dia, Verônica","(2020- )","Crime , Drama , Mystery"
Bombairiya,-2019,"Comedy , Crime , Drama"
Bombam,"(2019- )","Drama , Romance"
"Bombay Begums","(2021- )",Drama
"Bombay Rose",-2019,"Animation , Drama , Romance"
"Bon Bini Holland",-2015,Comedy
"Bon Cop Bad Cop 2",-2017,"Action , Comedy , Crime"
"Bon Cop, Bad Cop",-2006,"Action , Comedy , Crime"
Bonding,(2018-2021),"Comedy , Drama"
Bone,,"Animation , Adventure , Comedy"
Bongwater,-1998,"Comedy , Drama , Romance"
Bonusfamiljen,"(2017- )","Comedy , Drama"
"Boo, Bitch",,Comedy
Booba,"(2014- )","Animation , Comedy , Family"
"Booba: Food Puzzle","(2020- )","Animation , Comedy , Family"
"Bookmarks: Celebrating Black Voices","(2020- )",Family
Booksmart,-2019,Comedy
"Boons and Curses",,"Animation , Action , Adventure"
"Border Security: America's Front Line","(2016- )",Reality-TV
"Border: Keishichô Sôsa Ikka Satsujinhan Sôsa Dai 4-gakkari","(2014- )",Drama
"BORDER2 Shokuzai","(2017 TV Movie)",Drama
Borderline,(2016-2017),Comedy
Borgen,"(2010- )",Drama
Borgia,(2011-2014),"Biography , Drama , History"
"Born to Be Blue",-2015,"Biography , Drama , Music"
"Born to Raise Hell",-2010,"Action , Crime , Thriller"
"Børning 3",-2020,"Action , Comedy"
Borstal,-2017,Drama
Börü,-2018,"Action , Thriller , War"
Boss,(2011-2012),"Crime , Drama"
"Bottersnikes & Gumbles","(2015- )","Animation , Adventure , Comedy"
"Bottled Life: Nestle's Business with Water",-2012,"Documentary , Adventure , Drama"
"Bottom of the World",-2017,"Drama , Mystery , Thriller"
"Boy Meets Girl","(I) (2014)","Comedy , Drama , Romance"
"Boyka: Undisputed IV","(2016 Video)","Action , Drama , Sport"
"Brad Paisley's Comedy Rodeo","(2017 TV Special)",Comedy
"Brahman Naman",-2016,Comedy
"Brain on Fire",-2016,"Biography , Drama"
Brainchild,"(2018- )","Documentary , Family"
"Brand New Cherry Flavor",-2021,"Drama , Horror , Mystery"
Braqueurs,,Action
Braqueurs,-2015,"Action , Crime , Drama"
Brasslands,-2013,"Documentary , Music"
"Brave Blue World",-2019,Documentary
"Brave Miss World",-2013,"Documentary , Biography , Drama"
"Braxton Family Values","(2011- )","Biography , Comedy , Drama"
Breach,"(IV) (2020)","Action , Horror , Sci-Fi"
"Bread Barbershop","(2020- )",Animation
BreadCrumbs,-2011,"Horror , Thriller"
Break,"(IV) (2018)",Drama
"Break It All: The History of Rock in Latin America",-2020,"Documentary , Biography , Music"
"Breakfast at Tiffany's",-1961,"Comedy , Drama , Romance"
"Breakfast, Lunch & Dinner","(2019- )",Documentary
"Breaking Bad",(2008-2013),"Crime , Drama , Thriller"
"Breaking Boundaries: The Science of Our Planet",-2021,Documentary
"Breaking the Bee",-2018,Documentary
Breathe,(IV),Drama
"Brené Brown: The Call to Courage",-2019,"Documentary , Drama"
"Brent Morin: I'm Brent Morin","(2015 TV Special)",Comedy
"Brews Brothers","(2020- )",Comedy
"Brian Regan: Nunchucks and Flamethrowers","(2017 TV Special)","Documentary , Comedy"
"Brian Regan: On the Rocks","(2021 TV Special)",Comedy
Bridegroom,-2013,Documentary
Bridgerton,"(2020- )","Drama , Romance"
"Brigada Costa del Sol",-2019,"Action , Adventure , Drama"
Bright,"(I) (2017)","Action , Fantasy , Thriller"
"Bright 2",,"Action , Adventure , Crime"
"Bright: Samurai Soul",,"Animation , Action , Adventure"
"Brij Mohan Amar Rahe",-2017,"Comedy , Crime , Drama"
Broadchurch,(2013-2017),"Crime , Drama , Mystery"
Broken,"(2019- )",Documentary
"Broken City",-2013,"Action , Crime , Drama"
Bronx,-2020,"Action , Crime , Drama"
Brooklyn,-2015,"Drama , Romance"
"Brooklyn Nine-Nine",(2013-2022),"Comedy , Crime"
"Brooklyn's Finest",-2009,"Action , Crime , Drama"
"Brotherly Love","(III) (2015)",Drama
"Brown Nation",-2016,Comedy
Bruised,-2020,"Drama , Sport"
"Bruna Surfistinha",-2011,"Biography , Drama"
"Bruno & Boots: Go Jump in the Pool","(2016 TV Movie)",Family
"Bruno Motta: Melhor que os Outros Stand Ups que Eu Já Fiz em 15 Anos de Carreira","(2017 TV Special)",Comedy
"Bruno Motta: O Show do Ano","(2011 TV Special)",Comedy
BRZRKR,,"Action , Adventure , Drama"
Bubbles,(I),"Animation , Comedy"
Bucin,-2020,"Comedy , Drama , Romance"
Budapest,-2018,Comedy
Buddi,"(2020- )",Animation
"Buddy Thunderstruck",-2017,"Animation , Action , Comedy"
Buds,-2016,Comedy
Bulbbul,-2020,"Drama , Horror , Mystery"
"Bulbul Tarang",-2022,"Comedy , Drama , Romance"
"Bullet Head",-2017,"Crime , Drama , Thriller"
Bulyaseong,(2016-2017),Drama
"Bumi Manusia",-2019,"Drama , History"
"Bump of Chicken Tour 2019: aurora ark Tokyo Dome",-2020,Music
Bumperkleef,-2019,"Horror , Thriller"
"Bumping Mics with Jeff Ross & Dave Attell","(2018- )",Comedy
"Bungou Stray Dogs","(2016- )","Animation , Action , Comedy"
"Buried by the Bernards","(2021- )",Reality-TV
"Burn Out","(I) (2017)","Action , Crime , Thriller"
"Burning Daylight",-2010,Crime
"Burning Sands",-2017,Drama
"Burt's Buzz",-2013,Documentary
"Busted! I Know Who You Are!",(2018-2021),"Comedy , Reality-TV"
"Button Man: The Killing Game",,"Action , Crime , Drama"
"Byeol-e-seo on geu-dae",(2013-2014),"Comedy , Drama , Fantasy"
Byeong-won-seon,-2017,Romance
"Byeonhyeokui Sarang",-2017,"Comedy , Romance"
"Byron Baes",,
"Byuti Insaideu",-2018,"Drama , Fantasy , Romance"
"C'est quoi cette famille?!",-2016,Comedy
"Cabins in the Wild with Dick Strawbridge",-2017,Reality-TV
"Cabras da Peste",-2021,"Action , Comedy , Crime"
"Café dans le temps","(2019- )",Sci-Fi
Caïd,"(2021- )","Action , Crime , Drama"
"Cain and Abel",-2009,"Action , Drama , Romance"
Calibre,-2018,"Drama , Thriller"
Californication,(2007-2014),"Comedy , Drama"
"Call Me Lucky",-2015,"Documentary , Biography , Comedy"
"Call Your Daughter Home",,
"Calum Von Moger: Unbroken",-2019,Documentary
Cam,-2018,"Drama , Horror , Mystery"
"Camino a Roma",-2020,Documentary
"Can Dostlar",-2019,"Comedy , Family"
"Cancer's Last Stand",-2017,Drama
"Canciones y Recuerdos",,
"Candy Jar",-2018,Comedy
"Canine Intervention","(2021- )","Documentary , Reality-TV"
"Cannon Busters","(2019- )","Animation , Fantasy"
"Cannot Write","(2021- )",Family
Canvas,"(III) (2020)","Animation , Short , Drama"
"Cap Kakumei Bottleman","(2020- )",Animation
"Capital C",-2014,"Documentary , News"
Capitani,(2019-2020),"Crime , Drama , Mystery"
"Captain America: Civil War",-2016,"Action , Adventure , Sci-Fi"
"Captain Fall",,"Animation , Comedy"
"Captain Laserhawk: A Blood Dragon Remix",,"Animation , Action , Adventure"
Captive,"(2016- )",Documentary
"Car Masters: Rust to Riches","(2018- )",Reality-TV
"Cardboard Gangsters",-2017,"Crime , Drama"
"Care Bears and Cousins",(2015-2016),Animation
Cargo,"(I) (2017)","Drama , Horror , Sci-Fi"
"Carlos Almaraz: Playing with Fire",-2019,Documentary
"Carlos Ballarta: Furia ñera","(2018 TV Special)",Comedy
"Carmel: ¿Quién mató a María Marta?",-2020,"Documentary , Crime , Mystery"
"Carmen Sandiego",,"Action , Adventure , Family"
"Carmen Sandiego",(2019-2021),"Animation , Action , Adventure"
"Carmen Sandiego: To Steal or Not to Steal",-2020,"Animation , Short , Action"
Carnaval,-2021,Comedy
"Carole & Tuesday",-2019,"Animation , Drama , Music"
"Cars 3",-2017,"Animation , Adventure , Comedy"
"Cash Only",-2015,"Crime , Drama , Thriller"
"Casi Feliz","(2020- )",Comedy
"Cast Party","(II) (2015)",Comedy
Caste,,Drama
"Casting JonBenet",-2017,"Documentary , Crime , Drama"
"Castle & Castle","(2018- )",Drama
"Castle Rock",(2018-2019),"Drama , Fantasy , Horror"
Castlevania,(2017-2021),"Animation , Action , Adventure"
"Cat People","(2021- )",Documentary
"CAT. 8","(2013- )","Action , Adventure , Drama"
"Catching Feelings",-2017,"Comedy , Drama , Romance"
"Cateva conversatii despre o fata foarte inalta",-2018,Drama
Catfight,"(I) (2016)","Action , Comedy , Drama"
"CCTV: Caught on Camera","(2014- )",Reality-TV
"Cedonia Avenue",-2015,Drama
"Cedric the Entertainer: Live from the Ville","(2016 TV Special)",Comedy
"Cek Toko Sebelah: The Series",(2018-2019),Comedy
"Celeste & Jesse Forever",-2012,"Comedy , Drama , Romance"
Cellmates,-2011,"Comedy , Drama"
"Cementerio General",-2013,Horror
Centauro,-2022,"Action , Crime , Thriller"
Centaurworld,"(2021- )","Animation , Adventure , Comedy"
"Chadwick Boseman: Portrait of an Artist",-2021,"Documentary , Short"
"Challenger: The Final Flight",-2020,"Documentary , History"
"Chaman Bahaar",-2020,"Comedy , Drama"
Chambers,-2019,"Drama , Fantasy , Horror"
Champions,-2018,Comedy
Champs,-2014,"Documentary , Biography , Sport"
"Chandni Bar",-2001,"Crime , Drama"
"Change Agent",,"Sci-Fi , Thriller"
"Channeru wa sono mama!",-2019,Comedy
"Chanranhan yusan",-2009,"Comedy , Drama , Romance"
"Chapo: el escape del siglo",-2016,Crime
"Chappelle's Show",(2003-2006),"Comedy , Music"
Charité,"(2017- )","Drama , History"
"Charlie and the Chocolate Factory",,"Animation , Adventure , Comedy"
"Charlie's Angels",-2019,"Action , Adventure , Comedy"
"Charlie's Colorforms City","(2019- )",Family
Charming,-2018,"Animation , Adventure , Comedy"
"Chasing Beauty",-2013,"Documentary , Biography"
"Chasing Cameron","(2016- )",Reality-TV
"Chasing Coral",-2017,Documentary
Chatroom,-2010,"Drama , Thriller"
"Check Point",-2017,"Action , Thriller , War"
Cheer,-2020,"Documentary , Reality-TV"
Cheers,(1982-1993),"Comedy , Drama"
"Cheese in the Trap",-2016,"Comedy , Romance"
"Chef's Table",(2015-2019),Documentary
"Chef's Table: BBQ","(2020- )",Documentary
"Chef's Table: France","(2016- )",Documentary
"Chek dou",-2015,"Action , Crime , Drama"
Chelsea,(2016-2017),"Comedy , Talk-Show"
"Chelsea Does",-2016,Documentary
"Chelsea Peretti: One of the Greats","(2014 TV Special)",Comedy
"Chemi Bednieri Ojakhi",-2017,Drama
"Chen qing ling",-2019,"Action , Adventure , Drama"
Cheongchunsidae,(2016-2017),"Comedy , Drama , Romance"
Chernobyl,-2021,"Drama , History , Romance"
"Chesapeake Shores","(2016- )","Drama , Family"
Chevolution,-2008,Documentary
"Chewing Gum",(2015-2017),Comedy
"Chhota Bheem","(2008- )","Animation , Action , Adventure"
"Chhota Bheem Kung Fu Dhamaka",-2019,"Animation , Action , Adventure"
"Chi m'ha visto",-2017,Comedy
"Chiamatemi Francesco","(2016- )","Biography , Drama"
"Chicago Overcoat",-2009,"Action , Adventure , Crime"
