Movies,Year,TotalNumericGross,TotalGross
"¡A cantar!","(2020- )",0.00,$0.00
"¡Ay, mi madre!",-2019,0.00,$0.00
"¿A quién te llevarías a una isla desierta?",-2019,0.00,$0.00
"¿Quién Mató a Sara?","(2021- )",0.00,$0.00
(Un)Well,"(2020- )",0.00,$0.00
"#AnneFrank - Parallel Stories",-2019,0.00,$0.00
#BlackAF,-2020,0.00,$0.00
#cats_the_mewvie,-2020,0.00,$0.00
#differentnotless,"(2017- )",0.00,$0.00
#HappyBirthdaySense8,-2017,0.00,$0.00
#Realityhigh,-2017,0.00,$0.00
#Rucker50,-2016,0.00,$0.00
#Saraitda,-2020,0.00,$0.00
#TemanTapiMenikah,-2018,0.00,$0.00
#TemanTapiMenikah2,-2020,0.00,$0.00
"1 Chance 2 Dance",-2014,0.00,$0.00
"1,000,000 yen no Onnatachi",-2017,0.00,$0.00
"10 000 timmar",-2014,0.00,$0.00
"10 Days in Sun City",-2017,0.00,$0.00
"100 días para enamorarnos","(2020- )",0.00,$0.00
"100 Humans","(2020- )",0.00,$0.00
"100 metros",-2016,0.00,$0.00
"100-man no Inochi no Ue ni Ore wa Tatte Iru","(2020- )",0.00,$0.00
"100% Coco",-2017,0.00,$0.00
"100% Hotter","(2016- )",0.00,$0.00
"101 Dalmatians",-1996,136.19,$136.19
"12 Monkeys",(2015-2018),0.00,$0.00
"12 Rounds 3: Lockdown",-2015,0.00,$0.00
"127 Hours",-2010,18.34,$18.34
"13 Geboden",(2017-2018),0.00,$0.00
"13 Minutes",,0.00,$0.00
"13 Reasons Why",(2017-2020),0.00,$0.00
"13 Reasons Why: Season 2 Date Announcement Commercial",-2018,0.00,$0.00
"13: The Musical",,0.00,$0.00
13th,-2016,0.00,$0.00
"13th: A Conversation with Oprah Winfrey & Ava DuVernay","(2017 Video)",0.00,$0.00
"15 August",-2019,0.00,$0.00
"17 filles",-2011,0.02,$0.02
"18 regali",-2020,0.00,$0.00
"1898. Los últimos de Filipinas",-2016,0.00,$0.00
1899,"(2022- )",0.00,$0.00
1920,-2008,0.00,$0.00
"1920 London",-2016,0.00,$0.00
1922,-2017,0.00,$0.00
1983,-2018,0.00,$0.00
1994,"(I) (2019- )",0.00,$0.00
"1994: Poder, Rebeldía y Crimen en México",-2019,0.00,$0.00
"2 Weeks",-2013,0.00,$0.00
2:22,-2008,0.00,$0.00
"2001: A Space Odyssey",-1968,56.95,$56.95
"2006 Independent Spirit Awards","(2006 TV Special)",0.00,$0.00
"2020 Golden Globe Awards","(2020 TV Special)",0.00,$0.00
2067,-2020,0.00,$0.00
"21 Days Under the Sky",-2016,0.00,$0.00
"21 Sarfarosh Saragarhi 1897","(2018- )",0.00,$0.00
"21 Thunder","(2017- )",0.00,$0.00
"22 July",-2018,0.00,$0.00
"22nd Annual Mark Twain Prize for American Humor celebrating: Dave Chappelle","(2020 TV Special)",0.00,$0.00
23:59,-2011,0.00,$0.00
"26 nyeon",-2012,0.00,$0.00
2gether,-2020,0.00,$0.00
"3 Geezers!",-2013,0.00,$0.00
"3 Türken & ein Baby",-2015,0.00,$0.00
3%,(2016-2020),0.00,$0.00
300,-2006,210.61,$210.61
"300: Rise of an Empire",-2014,106.58,$106.58
"365 dni",-2020,0.00,$0.00
"37 sekanzu",-2019,0.00,$0.00
"3Below: Tales of Arcadia",(2018-2019),0.00,$0.00
"3rd Rock from the Sun",(1996-2001),0.00,$0.00
"4 latas",-2019,0.00,$0.00
"42 días en la oscuridad",,0.00,$0.00
"44 Gatti","(2018- )",0.00,$0.00
"45 Revoluciones",-2019,0.00,$0.00
"46 Yok Olan",-2016,0.00,$0.00
50M2,"(2021- )",0.00,$0.00
"6 Balloons",-2018,0.00,$0.00
"6 Below: Miracle on the Mountain",-2017,0.00,$0.00
"6 Days","(I) (2017)",0.00,$0.00
"6 Underground",-2019,0.00,$0.00
"6 Years",-2015,0.00,$0.00
6-5=2,-2014,0.00,$0.00
"60 Il, Jijeongsaengjonja",-2019,0.00,$0.00
"7 años",-2016,0.00,$0.00
"7 Chinese Brothers",-2015,0.00,$0.00
"7 Days Out","(2018- )",0.00,$0.00
"7 Guardians of the Tomb",-2018,0.00,$0.00
"7 Ilui Wangbi",-2017,0.00,$0.00
"7 Prisioneiros",-2021,0.00,$0.00
7:19,-2016,0.00,$0.00
"71st Golden Globe Awards","(2014 TV Special)",0.00,$0.00
"72 Dangerous Animals - Asia","(2018- )",0.00,$0.00
"72 Dangerous Animals: Latin America",-2017,0.00,$0.00
76,-2016,0.00,$0.00
7Seeds,(2019-2020),0.00,$0.00
8:46,"(2020 TV Special)",0.00,$0.00
"800 metros","(2021- )",0.00,$0.00
"9 Kere Leyla",-2020,0.00,$0.00
"A 3 Minute Hug",-2019,0.00,$0.00
"A Babysitter's Guide to Monster Hunting",-2020,0.00,$0.00
"A Boy Called Christmas",-2021,0.00,$0.00
"A California Christmas",-2020,0.00,$0.00
"A cambio de nada",-2015,0.00,$0.00
"A Castle for Christmas",-2021,0.00,$0.00
"A Chorus Line",,0.00,$0.00
"A Christmas Prince",-2017,0.00,$0.00
"A Christmas Prince: The Royal Baby",-2019,0.00,$0.00
"A Christmas Prince: The Royal Wedding",-2018,0.00,$0.00
"A Christmas Tree Miracle",-2013,0.00,$0.00
"A Cinderella Story",-2004,51.44,$51.44
"A Cinderella Story: Christmas Wish","(2019 Video)",0.00,$0.00
"A Classic Horror Story",-2021,0.00,$0.00
"A Decade of Decadence, Pt. 2: Legacy of Dreams","(2013 Video)",0.00,$0.00
"A Dog's Life: The Oscar Lose Story","(2008 Video)",0.00,$0.00
"A Fall from Grace",-2020,0.00,$0.00
"A Family Reunion Christmas","(2019 TV Movie)",0.00,$0.00
"A Faster Horse",-2015,0.00,$0.00
"A Field Full of Secrets",-2014,0.00,$0.00
"A Final Cut for Orson: 40 Years in the Making",-2018,0.00,$0.00
"A Futile and Stupid Gesture",-2018,0.00,$0.00
"A Garota Invisível",-2021,0.00,$0.00
"A Go! Go! Cory Carson Christmas","(2020 TV Special)",0.00,$0.00
"A Go! Go! Cory Carson Halloween","(2020 TV Special)",0.00,$0.00
"A god in ruins",,0.00,$0.00
"A Haunting at Silver Falls 2",-2019,0.00,$0.00
"A Jazzman's Blues",-2022,0.00,$0.00
"A Killer Uncaged",-2020,0.00,$0.00
"A Life in Men",,0.00,$0.00
"A Little Help with Carol Burnett",-2018,0.00,$0.00
"A Love So Beautiful","(2020- )",0.00,$0.00
"A Love Song for Latasha",-2019,0.00,$0.00
"A Love to Last",-2017,0.00,$0.00
"A Madea Homecoming",-2022,0.00,$0.00
"A Man Apart",-2003,26.18,$26.18
"A Man for All Seasons",-1966,28.35,$28.35
"A Martfüi Rém - A Sorozat","(2020- )",0.00,$0.00
"A mil kilómetros de la Navidad",-2021,0.00,$0.00
"A Million Colours",-2011,0.00,$0.00
"A New York Christmas Wedding",-2020,0.00,$0.00
"A Night for Dying Tigers",-2010,0.00,$0.00
"A Note of Explanation",,0.00,$0.00
"A Perfect Crime",-2020,0.00,$0.00
"A Perfect Ending",-2012,0.00,$0.00
"A Perfect Fit",-2021,0.00,$0.00
"A pesar de todo",-2019,0.00,$0.00
"A Plastic Ocean",-2016,0.00,$0.00
"A Prayer Before Dawn",-2017,0.00,$0.00
"A Primeira Tentação de Cristo",-2019,0.00,$0.00
"A Scandall",-2016,0.00,$0.00
"A Second Chance: Rivals!",-2019,0.00,$0.00
"A Secret Love",-2020,0.00,$0.00
"A Series of Unfortunate Events",(2017-2019),0.00,$0.00
"A Shaun the Sheep Movie: Farmageddon",-2019,0.00,$0.00
"A StoryBots Christmas","(2017 TV Movie)",0.00,$0.00
"A Suitable Boy","(2020- )",0.00,$0.00
"A Taiwanese Tale of Two Cities","(2018- )",0.00,$0.00
"A Tale Dark & Grimm","(2021- )",0.00,$0.00
"A Tale Dark and Grimm",,0.00,$0.00
"A Tale of Two Kitchens",-2019,0.00,$0.00
"A Thousand Goodnights","(2019- )",0.00,$0.00
"A Tiger in the Dark: The Decadence Saga","(2014 Video)",0.00,$0.00
"A Time Lost",(II),0.00,$0.00
"A Toca","(2013- )",0.00,$0.00
"À tombeau ouvert",,0.00,$0.00
"A Trash Truck Christmas","(2020 TV Special)",0.00,$0.00
"A Través De Mi Ventana",,0.00,$0.00
"A United Kingdom",-2016,3.90,$3.90
"A Very Murray Christmas","(2015 TV Special)",0.00,$0.00
"A Walk to Remember",-2002,41.23,$41.23
"A Week Away",-2021,0.00,$0.00
"A Week in Watts",-2018,0.00,$0.00
"A Weekend with the Family",-2016,0.00,$0.00
"A Wish For Christmas","(2016 TV Movie)",0.00,$0.00
"A Year in Burgundy",-2013,0.00,$0.00
"A Year in Space","(2015- )",0.00,$0.00
"A Yellow Bird",-2016,0.00,$0.00
A-reu-gon,-2017,0.00,$0.00
"A.I.C.O. Incarnation",-2018,0.00,$0.00
"A.N.T. Farm",(2011-2014),0.00,$0.00
"Aakash Gupta Special",-2021,0.00,$0.00
"Aala Kaf Ifrit",-2017,0.01,$0.01
"Abby Hatcher",(2018-2021),0.00,$0.00
"Abducted in Plain Sight",-2017,0.00,$0.00
"Abeojiga Isanghae",-2017,0.00,$0.00
"Abla Fahita: Drama Queen","(2021- )",0.00,$0.00
"Abstract: The Art of Design","(2017- )",0.00,$0.00
"Absurd Planet","(2020- )",0.00,$0.00
Abzurdah,-2015,0.00,$0.00
"Accidentally in Love","(2018- )",0.00,$0.00
Accomplice,-2021,0.00,$0.00
"Aci Kiraz",-2020,0.00,$0.00
Acrimony,-2018,43.55,$43.55
"Acts of Violence",-2018,0.00,$0.00
"Ad Vitam",-2018,0.00,$0.00
"Ada Twist, Scientist","(2021- )",0.00,$0.00
"Adam Devine: Best Time of Our Lives","(2019 TV Special)",0.00,$0.00
"Adam Sandler: 100% Fresh","(2018 TV Special)",0.00,$0.00
"Adel Karam: Live from Beirut","(2018 TV Special)",0.00,$0.00
"Adios Amigos",-2016,0.00,$0.00
"Aditi Mittal: Things They Wouldn't Let Me Say","(2017 TV Special)",0.00,$0.00
ADN,-2020,0.00,$0.00
Adú,-2020,0.00,$0.00
"Adult Beginners",-2014,0.10,$0.10
Advantageous,-2015,0.00,$0.00
"Adventure Time",(2010-2018),0.00,$0.00
Advokaten,"(2018- )",0.00,$0.00
Aelay,-2021,0.00,$0.00
Aelliseu,-2020,0.00,$0.00
Aenggeurimam,-2015,0.00,$0.00
"Aetaneun Romaenseu",-2017,0.00,$0.00
Afblijven,-2006,0.00,$0.00
Afflicted,"(2018- )",0.00,$0.00
Affliction,"(III) (2021)",0.00,$0.00
"Afonso Padilha: Alma de Pobre","(2020 TV Special)",0.00,$0.00
"Afro Samurai",-2007,0.00,$0.00
"After Life","(2019- )",0.00,$0.00
"After Maria",-2019,0.00,$0.00
"After Porn Ends",-2012,0.00,$0.00
"After Porn Ends 2",-2017,0.00,$0.00
"After Porn Ends 3",-2018,0.00,$0.00
"After the Raid",-2019,0.00,$0.00
"After Tiller",-2013,0.07,$0.07
"After Trek",(2017-2018),0.00,$0.00
"Afterlife of the Party",-2021,0.00,$0.00
Aftermath,"(IV) (2021)",0.00,$0.00
Again,,0.00,$0.00
"Against the Ice",-2021,0.00,$0.00
"Against the Sun",-2014,0.00,$0.00
"Age of Samurai: Battle for Japan","(2021- )",0.00,$0.00
Agent,"(2019- )",0.00,$0.00
"Agent King",,0.00,$0.00
"Agents of S.H.I.E.L.D.",(2013-2020),0.00,$0.00
"Aggressive Retsuko","(2016- )",0.00,$0.00
Aggretsuko,"(2018- )",0.00,$0.00
"Aguacate El Fruto Del Cielo",-2021,0.00,$0.00
"Agustín Aristarán: Soy Rada","(2018 TV Special)",0.00,$0.00
"Ahí te Encargo",-2020,0.00,$0.00
"Ahiru no Sora","(2019- )",0.00,$0.00
"Ai hui lai",(2011-2012),0.00,$0.00
"Ai-naki mori de sakebe",-2019,0.00,$0.00
Ailiseu,(2009-2013),0.00,$0.00
"Ainori Love Wagon: African Journey","(2020- )",0.00,$0.00
"Ainori Reboot","(2017- )",0.00,$0.00
"Ainori: Asian Journey","(2017- )",0.00,$0.00
"AJ and the Queen",-2020,0.00,$0.00
"Ajeeb Daastaans",-2021,0.00,$0.00
Ajin,"(2016- )",0.00,$0.00
Ajji,-2017,0.00,$0.00
"AK vs AK",-2020,0.00,$0.00
"Akame ga Kill!",-2014,0.00,$0.00
"Akbar Birbal","(2014- )",0.00,$0.00
Akelarre,-2020,0.00,$0.00
"Akhir Kisah Cinta Si Doel",-2020,0.00,$0.00
Akjilkyungchal,-2019,0.00,$0.00
"Al Hayba","(2017- )",0.00,$0.00
"Al midan",-2013,0.12,$0.12
"Al posto suo","(2020 TV Movie)",0.00,$0.00
"Ala Vaikunthapurramuloo",-2020,4.70,$4.70
"Alan Saldaña: Locked Up","(2021 TV Special)",0.00,$0.00
"Alan Saldaña: Mi vida de pobre","(2017 TV Special)",0.00,$0.00
"Alejandra Azcárate",,0.00,$0.00
"Alejandro Riaño: Especial de stand-up","(2018 TV Special)",0.00,$0.00
"Aleksandr's Price",-2013,0.00,$0.00
Alex,(2017-2019),0.00,$0.00
"Alex Fernández: El mejor comediante del mundo","(2020 TV Special)",0.00,$0.00
"Alex Strangelove",-2018,0.00,$0.00
"Alexa & Katie",(2018-2020),0.00,$0.00
"Alexis Viera, una historia de superación",-2019,0.00,$0.00
Algoissjiman,"(2021- )",0.00,$0.00
"Alguien tiene que morir",-2020,0.00,$0.00
"Alhambeura Goongjeonui Chooeok",(2018-2019),0.00,$0.00
"Ali & the Queens",-2021,0.00,$0.00
"Ali Wong: Baby Cobra","(2016 TV Special)",0.00,$0.00
"Ali Wong: Hard Knock Wife","(2018 TV Special)",0.00,$0.00
"Ali's Wedding",-2017,0.00,$0.00
"Alias Grace",-2017,0.00,$0.00
"Alice in Borderland","(2020- )",0.00,$0.00
"Alice in Wonderland",,0.00,$0.00
"Alice Júnior",-2019,0.00,$0.00
"Alice Through the Looking Glass",-2016,77.04,$77.04
"Alien Contact: Outer Space","(2017 Video)",0.00,$0.00
"Alien Secrets","(2006 Video)",0.00,$0.00
"Alien TV","(2020- )",0.00,$0.00
"Alien Warfare",-2019,0.00,$0.00
"Alien Worlds",-2020,0.00,$0.00
"Alien Xmas","(2020 TV Special)",0.00,$0.00
"Aliens on the Moon: The Truth Exposed","(2014 TV Movie)",0.00,$0.00
"Aliens: Zone of Silence",-2017,0.00,$0.00
"Alive Inside",-2014,0.15,$0.15
"All About The Washingtons",-2018,0.00,$0.00
"All Because of You",-2020,0.00,$0.00
"All Day and a Night",-2020,0.00,$0.00
"All Hail King Julien",(2014-2017),0.00,$0.00
"All Hail King Julien: Exiled",-2017,0.00,$0.00
"All Hail King Julien: Happy Birthday to You!","(2017 TV Special)",0.00,$0.00
"All in My Family",-2019,0.00,$0.00
"All on the Line","(2011- )",0.00,$0.00
"All Quiet on the Western Front",-2022,0.00,$0.00
"All the Bright Places",-2020,0.00,$0.00
"All the Queen's Men",-2001,0.02,$0.02
"All the Right Moves",,0.00,$0.00
"All Together Now",-2020,0.00,$0.00
"Alles is zoals het zou moeten zijn",-2020,0.00,$0.00
"Alles ist gut",-2018,0.00,$0.00
"Alles voor elkaar",-2017,0.00,$0.00
Alma,"(2021- )",0.00,$0.00
"Alma Matters - Inside the IIT Dream",-2021,0.00,$0.00
"Along Came Jones",-1945,0.00,$0.00
"Along for the Ride",(II),0.00,$0.00
"Alors, heureux?","(2006 TV Movie)",0.00,$0.00
Alphablocks,(2010-2016),0.00,$0.00
"AlRawabi School for Girls",-2021,0.00,$0.00
"Als de dijken breken",-2016,0.00,$0.00
"Alt Love Building",-2014,0.00,$0.00
"Alta mar",(2019-2020),0.00,$0.00
"Alter Me",-2020,0.00,$0.00
"Altered Carbon",(2018-2020),0.00,$0.00
"Altered Carbon: Resleeved",-2020,0.00,$0.00
Aluna,-2012,0.00,$0.00
"Alvin and the Chipmunks: The Squeakquel",-2009,219.61,$219.61
"Alvinnn!!! And the Chipmunks","(2015- )",0.00,$0.00
"Always Be My Maybe",-2019,0.00,$0.00
"Aman Ya Sahbi",-2017,0.00,$0.00
"Amanda Knox",-2016,0.00,$0.00
Amar,-2017,0.00,$0.00
"Amar y Vivir","(2020- )",0.00,$0.00
Amateur,-2018,0.00,$0.00
"Amazing Hotels: Life Beyond the Lobby","(2017- )",0.00,$0.00
"Amazing Interiors","(2018- )",0.00,$0.00
"Amazing On The Inside",,0.00,$0.00
"Amend: The Fight for America","(I) (2021)",0.00,$0.00
"Amend: The Fight for America","(II) (2021)",0.00,$0.00
"America: The Motion Picture",-2021,0.00,$0.00
"American Crime Story","(2016- )",0.00,$0.00
"American Experience","(1988- )",0.00,$0.00
"American Factory",-2019,0.00,$0.00
"American Factory: A Conversation with the Obamas",-2019,0.00,$0.00
"American Horror Story","(2011- )",0.00,$0.00
"American Jesus",,0.00,$0.00
"American Masters","(1985- )",0.00,$0.00
"American Murder: The Family Next Door",-2020,0.00,$0.00
"American Psycho",-2000,15.07,$15.07
"American Son",-2019,0.00,$0.00
"American Vandal",(2017-2018),0.00,$0.00
"American Violence",-2017,0.00,$0.00
"Amit Tandon: Family Tandoncies","(2019 TV Special)",0.00,$0.00
Amnesty,(II),0.00,$0.00
Amo,"(2017- )",0.00,$0.00
Amok,"(I) (2014)",0.00,$0.00
"Amor con fianza","(2021- )",0.00,$0.00
"Amor de madre",-2022,0.00,$0.00
"Amy Schumer: Growing","(2019 TV Special)",0.00,$0.00
"Amy Schumer: The Leather Special","(2017 TV Special)",0.00,$0.00
"An Act of War",-2015,0.11,$0.11
"An Affair to Die For",-2019,0.00,$0.00
"An Afternoon with SCTV","(TV Special)",0.00,$0.00
"An Astrological Guide for Broken Hearts",,0.00,$0.00
"An Interview with God",-2018,1.25,$1.25
"An lian: Ju sheng huai nan",-2019,0.00,$0.00
"Anatomy of a Love Seen",-2014,0.00,$0.00
"Anatomy of a Scandal",,0.00,$0.00
Anazâ,-2012,0.00,$0.00
"Ancient Extraterrestrials: Aliens and UFOs Before the Dawn of Time","(2012 Video)",0.00,$0.00
"And the Oscar Goes To...","(2014 TV Movie)",0.00,$0.00
"Andes Mágicos","(2019- )",0.00,$0.00
"Andið eðlilega",-2018,0.00,$0.00
"André & His Olive Tree",-2020,0.00,$0.00
Andropoz,,0.00,$0.00
"Anelka: Misunderstood",-2020,0.00,$0.00
"Aneun Waipeu",-2018,0.00,$0.00
"Ang probinsyano","(2015- )",0.00,$0.00
"Angel 'n' Devil",(2014-2015),0.00,$0.00
"Angela's Christmas",-2017,0.00,$0.00
"Angela's Christmas Wish",-2020,0.00,$0.00
"Angkeumhan Dolshingnyeo","(2014- )",0.00,$0.00
"Angry Birds Blues",-2017,0.00,$0.00
"Angry Birds Stella",(2014-2016),0.00,$0.00
"Angry Birds Toons",(2013-2018),0.00,$0.00
"Angry Birds: Summer Madness",,0.00,$0.00
"Angry Indian Goddesses",-2015,0.00,$0.00
Anima,"(I) (2019)",0.00,$0.00
"Animal Crackers",-2017,0.00,$0.00
"Animal Farm",,0.00,$0.00
"Animal Kingdom","(2016- )",0.00,$0.00
"Animales sin collar",-2018,0.00,$0.00
"Animals on the Loose: A You vs. Wild Movie","(2021 TV Movie)",0.00,$0.00
Ánimas,-2018,0.00,$0.00
"Anitta: Made in Honório","(2020- )",0.00,$0.00
"Anjaan: Special Crimes Unit","(2018- )",0.00,$0.00
"Anjelah Johnson: Not Fancy","(2015 TV Special)",0.00,$0.00
"Anna Karenina",(III),0.00,$0.00
Annarasumanara,,0.00,$0.00
Anne,(2017-2019),0.00,$0.00
Annihilation,-2018,32.73,$32.73
"Annyeong? Naya!","(2021- )",0.00,$0.00
Anon,"(I) (2018)",0.00,$0.00
"Another Life","(2019- )",0.00,$0.00
"Another Self",,0.00,$0.00
"Answer for Heaven","(2019- )",0.00,$0.00
"Anthony Jeselnik: Fire in the Maternity Ward","(2019 TV Special)",0.00,$0.00
"Anthony Jeselnik: Thoughts and Prayers","(2015 Video)",0.00,$0.00
"Anthony Joshua: The Road to Klitschko","(2017 TV Movie)",0.00,$0.00
"Antiracist Baby",,0.00,$0.00
"Antoine Griezmann: The Making of a Legend","(2019 TV Movie)",0.00,$0.00
"Antologi Rasa",-2019,0.00,$0.00
"Anxious People",,0.00,$0.00
"Any Day Now","(I) (2012)",0.20,$0.20
Anytown,-2009,0.00,$0.00
"Ao no ekusoshisuto: Kuro no iede","(2011 Video)",0.00,$0.00
"Apache: La vida de Carlos Tevez",-2019,0.00,$0.00
Apan,-2009,0.00,$0.00
"Apenas o Fim",-2008,0.00,$0.00
Apenstreken,-2015,0.00,$0.00
"Apollo 10 1/2: A Space Age Adventure",-2022,0.00,$0.00
Apostle,-2018,0.00,$0.00
"Aram, Aram",-2015,0.00,$0.00
"Arango y Sanint: Ríase el show","(2018 TV Special)",0.00,$0.00
Arangsaddojeon,-2012,0.00,$0.00
Aranyak,,0.00,$0.00
"Arashi's Diary: Voyage",-2019,0.00,$0.00
Arbitrage,-2012,7.92,$7.92
Arcane,"(2021- )",0.00,$0.00
Archer,"(2009- )",0.00,$0.00
"Archibald's Next Big Thing",(2019-2020),0.00,$0.00
"Archive 81",,0.00,$0.00
"Are You the One?","(2014- )",0.00,$0.00
Ares,-2020,0.00,$0.00
"Året der gik","(2020 TV Special)",0.00,$0.00
"Areumdaun Sesang","(2019- )",0.00,$0.00
"Ari Shaffir: Double Negative","(2016 TV Special)",0.00,$0.00
"Ariana Grande: Excuse Me, I Love You",-2020,0.00,$0.00
"Arifureta Shokugyou de Sekai Saikyou","(2019- )",0.00,$0.00
"Arlo the Alligator Boy","(2021 TV Movie)",0.00,$0.00
"Armed Girl's Machiavellism",-2017,0.00,$0.00
"Army of the Dead",-2021,0.00,$0.00
"Army of the Dead: Lost Vegas","(2022- )",0.00,$0.00
"Army of Thieves",-2021,0.00,$0.00
ARQ,-2016,0.00,$0.00
"Arranged Marriage",(III),0.00,$0.00
"Arrested Development",(2003-2019),0.00,$0.00
Arrival,"(II) (2016)",100.55,$100.55
Arrow,(2012-2020),0.00,$0.00
"Arsenio Hall: Smart and Classy","(2019 TV Special)",0.00,$0.00
"Art of Flight: The Series","(2012- )",0.00,$0.00
"Art of the Game: Ukiyo-e Heroes",-2017,0.00,$0.00
"Article 15",-2019,0.00,$0.00
Artifact,-2012,0.00,$0.00
"Aruna & Her Palate",-2018,0.00,$0.00
"As We Sleep",-2002,0.00,$0.00
Ascension,-2014,0.00,$0.00
"Aseudal Yeondaegi","(2019- )",0.00,$0.00
"Ash vs Evil Dead",(2015-2018),0.00,$0.00
Ashby,-2015,0.00,$0.00
"Ashes of Love",-2018,0.00,$0.00
"Ashley Garcia: Genius in Love","(2020 TV Special)",0.00,$0.00
"Ashley Madison: Sex, Lies & Cyber Attacks","(2016 TV Movie)",0.00,$0.00
"Ask 101","(2020- )",0.00,$0.00
"Ask Taktikleri",,0.00,$0.00
"Ask the Doctor","(2017- )",0.00,$0.00
"Ask the StoryBots",(2016-2019),0.00,$0.00
"Ask-i Memnu",(2008-2010),0.00,$0.00
"Asktan Kaçilmaz","(2014- )",0.00,$0.00
"Asobi Asobase","(2018- )",0.00,$0.00
"Asperger's Are Us",-2016,0.00,$0.00
"Assassin's Creed",,0.00,$0.00
"Assassinio sul Tevere",-1979,0.00,$0.00
Astérix,,0.00,$0.00
Astérix,-2023,0.00,$0.00
"Astronomy Club",-2019,0.00,$0.00
"Asukô mâchi: Asuka kôgyô kôkô monogatari","(2011- )",0.00,$0.00
"At the Dolphin Bay",-2003,0.00,$0.00
"Atari: Game Over",-2014,0.00,$0.00
"Ataúd Blanco: El Juego Diabólico",-2016,0.00,$0.00
Atelier,-2015,0.00,$0.00
Aterrados,-2017,0.00,$0.00
"Athlete A",-2020,0.00,$0.00
Atlantique,-2019,0.00,$0.00
"Atomic Blonde",-2017,51.69,$51.69
Atone,-2019,0.00,$0.00
"Att angöra en brygga",-1965,0.00,$0.00
"Att döda ett barn",-1953,0.00,$0.00
Atypical,(2017-2021),0.00,$0.00
"Au service de la France",(2015-2018),0.00,$0.00
Audible,-2021,0.00,$0.00
"Audrie & Daisy",-2016,0.00,$0.00
"Auntie Claus",,0.00,$0.00
"Aunty Donna's Big Ol' House of Fun","(2020- )",0.00,$0.00
Aurora,"(IV) (2018)",0.00,$0.00
"Autistic Driving School",-2010,0.00,$0.00
Autohead,-2016,0.00,$0.00
Autumn,"(I) (2009)",0.00,$0.00
"Ava's Possessions",-2015,0.00,$0.00
"Avatar: The Last Airbender",,0.00,$0.00
"Avatar: The Last Airbender",(2005-2008),0.00,$0.00
Avengement,"(I) (2019)",0.00,$0.00
"Avicii: True Stories",-2017,0.00,$0.00
Avlu,"(2018- )",0.00,$0.00
Awake,"(III) (2021)",0.00,$0.00
"Awake: The Million Dollar Game","(2019- )",0.00,$0.00
Away,-2020,0.00,$0.00
Away,"(I) (2016)",0.00,$0.00
"Axis Mundi","(2022- )",0.00,$0.00
Axone,-2019,0.00,$0.00
"Ayotzinapa, El paso de la Tortuga",-2018,0.00,$0.00
Azali,-2018,0.00,$0.00
"Aziz Ansari Live in Madison Square Garden","(2015 TV Special)",0.00,$0.00
"Aziz Ansari: Buried Alive","(2013 TV Special)",0.00,$0.00
"Aziz Ansari: Right Now","(2019 TV Special)",0.00,$0.00
Azizler,-2021,0.00,$0.00
"B: The Beginning","(2018- )",0.00,$0.00
"Baahubali: Before the Beginning",,0.00,$0.00
Babies,"(2020- )",0.00,$0.00
"Babies Behind Bars","(2011 TV Movie)",0.00,$0.00
Baby,(2018-2020),0.00,$0.00
"Baby Ballroom","(2017- )",0.00,$0.00
"Baby Driver",-2017,107.83,$107.83
"Baby Reindeer",,0.00,$0.00
Babylon,-2014,0.00,$0.00
"BAC Nord",-2020,0.00,$0.00
"Back Street Girls",-2018,0.00,$0.00
"Back to the Outback",-2021,0.00,$0.00
"Back With the Ex","(2018- )",0.00,$0.00
Backfire,"(II) (2017)",0.00,$0.00
Backlash,-1956,0.00,$0.00
Backstabbed,"(2016 TV Movie)",0.00,$0.00
"Bad Blood","(2017- )",0.00,$0.00
"Bad Blood","(II) (2015)",0.00,$0.00
"Bad Boy","(I) (2020)",0.00,$0.00
"Bad Boy Billionaires: India","(2020- )",0.00,$0.00
"Bad Day for the Cut",-2017,0.00,$0.00
"Bad Investigate",-2018,0.00,$0.00
"Bad Papa","(2018- )",0.00,$0.00
"Bad Samaritans",-2013,0.00,$0.00
"Bad Trip",-2021,0.00,$0.00
Badla,-2019,0.00,$0.00
Baegabondeu,-2019,0.00,$0.00
"Baekilui Nanggoonnim",-2018,0.00,$0.00
Baggage,"(I) (2008)",0.00,$0.00
Baires,-2015,0.00,$0.00
"Bajo la piel de lobo",-2017,0.00,$0.00
Bajocero,-2021,0.00,$0.00
"Bake Squad","(2021- )",0.00,$0.00
Baki,(2018-2020),0.00,$0.00
"Bakugan: Battle Planet","(2018- )",0.00,$0.00
Bala,-2019,0.00,$0.00
"Ball and Chain",,0.00,$0.00
"Balle perdue",-2020,0.00,$0.00
"Bameul geotneun seonbi",-2015,0.00,$0.00
"Ban-deu-si jab-neun-da",-2017,0.00,$0.00
"Banana Split",-2018,0.00,$0.00
Bangistan,-2015,0.00,$0.00
"Bangkok Breaking","(2021- )",0.00,$0.00
"Bangkok Buddies",-2019,0.00,$0.00
"Bangkok Love Stories: Hey You","(2018- )",0.00,$0.00
"Bangkok Love Stories: Innocence",(2018-2019),0.00,$0.00
"Bangkok Love Stories: Objects of Affection","(2019- )",0.00,$0.00
"Bangkok Love Stories: Plead","(2019- )",0.00,$0.00
"Bank el-Hazz",-2017,0.00,$0.00
"Bankier van het verzet",-2018,0.00,$0.00
Banlieusards,-2019,0.00,$0.00
"Bap Jal Sajuneun Yeppeun Nuna",-2018,0.00,$0.00
"Barami Boonda","(2019- )",0.00,$0.00
"Barangay 143","(2018- )",0.00,$0.00
Barbarians,"(2020- )",0.00,$0.00
"Barbie & Chelsea the Lost Birthday","(2021 Video)",0.00,$0.00
"Barbie Dreamhouse Adventures","(2018- )",0.00,$0.00
"Barbie Princess Adventure",-2020,0.00,$0.00
"Barbie: Big City, Big Dreams","(2021 TV Movie)",0.00,$0.00
"Barbie: Dolphin Magic","(2017 Video)",0.00,$0.00
"Barbie: Happy Birthday to You!","(2017 TV Special)",0.00,$0.00
"Barbie: Life in the Dreamhouse","(2012- )",0.00,$0.00
"Barbra: The Music... The Mem'ries... The Magic!","(2017 TV Special)",0.00,$0.00
"Bard of Blood","(2019- )",0.00,$0.00
Bardo,,0.00,$0.00
Barry,"(II) (2016)",0.00,$0.00
Bartita,-2012,0.00,$0.00
Bartkowiak,-2021,0.00,$0.00
Baruca,,0.00,$0.00
"Basilisk: Ouka Ninpouchou",-2018,0.00,$0.00
"Basketball or Nothing","(2019- )",0.00,$0.00
"Bates Motel",(2013-2017),0.00,$0.00
"Batman v Superman: Dawn of Justice",-2016,330.36,$330.36
"Batman: The Movie",-1966,0.00,$0.00
Battle,"(I) (2018)",0.00,$0.00
"Battle Kitty","(2022- )",0.00,$0.00
"Battle of Britain",-1969,4.36,$4.36
"Battle of the Hearts",-2020,0.00,$0.00
"Battle: Freestyle",-2021,0.00,$0.00
Battlefish,"(2018- )",0.00,$0.00
Bayoneta,-2018,0.00,$0.00
Baywatch,-2017,58.06,$58.06
"Be Here Now",-2015,0.02,$0.02
Beastars,"(2019- )",0.00,$0.00
"Beasts of No Nation",-2015,0.08,$0.08
"Beat Bugs",(2016-2018),0.00,$0.00
"Beat Bugs: Happy Birthday to You!","(2017 TV Special)",0.00,$0.00
Beats,"(I) (2019)",0.00,$0.00
"Beautiful Sunday",-2007,0.00,$0.00
Beauty,-2021,0.00,$0.00
"Beauty and the Beast",-1991,218.97,$218.97
"Beauty and the Beast","(I) (2017)",504.01,$504.01
Beckett,-2021,0.00,$0.00
Becoming,"(II) (2020)",0.00,$0.00
"Becoming Champions","(2018- )",0.00,$0.00
"Bed & Breakfast: Love is a Happy Accident",-2010,0.00,$0.00
"Bee & Puppycat: Lazy in Space","(2013- )",0.00,$0.00
"Bee and PuppyCat","(2013- )",0.00,$0.00
Beef,,0.00,$0.00
"Been So Long",-2018,0.00,$0.00
"Before I Wake",-2016,0.00,$0.00
"Begin Again","(II) (2013)",16.17,$16.17
"Behind Her Eyes",-2021,0.00,$0.00
"Behind the Curtain: Todrick Hall",-2017,0.00,$0.00
"Being Elmo: A Puppeteer's Journey",-2011,0.30,$0.30
"Being Human",(2008-2013),0.00,$0.00
"Being Mrs Elliot",-2014,0.00,$0.00
"Being Napoleon",-2018,0.00,$0.00
Beirut,-2018,5.02,$5.02
"Bella Donna's",-2017,0.00,$0.00
"Bellas de Noche",-2016,0.00,$0.00
"Below Deck","(2013- )",0.00,$0.00
"Below Deck Mediterranean","(2016- )",0.00,$0.00
"Below Her Mouth",-2016,0.00,$0.00
"Ben Platt Live from Radio City Music Hall","(2020 TV Special)",0.00,$0.00
"Ben X Jim","(2020- )",0.00,$0.00
Bendo,"(2022- )",0.00,$0.00
"Beneath the Leaves",-2019,0.00,$0.00
"Beni Çok Sev",-2021,0.00,$0.00
Benji,"(I) (2018)",0.00,$0.00
"Benvenuto Presidente!",-2013,0.00,$0.00
"Benvinguts a la família",(2018-2019),0.00,$0.00
"Berlin Calling",-2008,0.00,$0.00
"Berlin Syndrome",-2017,0.03,$0.03
"Berlin, Berlin",-2020,0.00,$0.00
"Berlin, I Love You",-2019,0.00,$0.00
"Berserk: Ougon Jidai-hen I - Haou no Tamago",-2012,0.00,$0.00
"Berserk: Ougon jidai-hen II - Dorudorei koryaku",-2012,0.00,$0.00
"Berserk: Ougon jidai-hen III - Kourin",-2013,0.00,$0.00
"Bert Kreischer: Hey Big Boy","(2020 TV Special)",0.00,$0.00
"Bert Kreischer: Secret Time","(2018 TV Special)",0.00,$0.00
"Bert Kreischer: The Machine","(2016 TV Special)",0.00,$0.00
"Bert Visscher: Zelden zoiets gezien","(2017 TV Special)",0.00,$0.00
Beruseruku,(2016-2017),0.00,$0.00
"Best Leftovers Ever!","(2020- )",0.00,$0.00
"Best of Stand-up 2020","(2020 TV Special)",0.00,$0.00
"Best. Worst. Weekend. Ever.",-2018,0.00,$0.00
Betaal,"(2020- )",0.00,$0.00
"Bethany Hamilton: Unstoppable",-2018,0.59,$0.59
"Betoben baireoseu",-2008,0.00,$0.00
Betonrausch,-2020,0.00,$0.00
"Better Call Saul","(2015- )",0.00,$0.00
"Better Watch Out","(II) (2016)",0.02,$0.02
"Bettie Page Reveals All",-2012,0.10,$0.10
"Betty en NY","(2019- )",0.00,$0.00
Between,(2015-2016),0.00,$0.00
"Between Two Ferns: The Movie",-2019,0.00,$0.00
"Beuramseureul Joahaseyo",-2020,0.00,$0.00
"Beverly Hills Cop 4",,0.00,$0.00
"Beyblade Burst","(2016- )",0.00,$0.00
"Beyond a Reasonable Doubt",-2009,0.03,$0.03
"Beyond Stranger Things",-2017,0.00,$0.00
"BG: Shinpen keigonin",(2018-2020),0.00,$0.00
"Bhaag Beanie Bhaag","(2020- )",0.00,$0.00
"Bhaage Re Mann",,0.00,$0.00
"Bhangra Paa Le",-2020,0.00,$0.00
Bhouri,-2016,0.00,$0.00
"Bienvenidos a Edén","(2021- )",0.00,$0.00
"Big Bear",-2017,0.00,$0.00
"Big Dreams, Small Spaces",(2014-2017),0.00,$0.00
"Big Game",-2014,0.02,$0.02
"Big Guns","(2006 Video)",0.00,$0.00
"Big in Bollywood",-2011,0.00,$0.00
"Big Mouth","(2017- )",0.00,$0.00
"Big Timber","(2020- )",0.00,$0.00
"Big Vape",,0.00,$0.00
"Big Vape: The Incendiary Rise of Juul",,0.00,$0.00
"Big Words",-2013,0.01,$0.01
BigBug,,0.00,$0.00
"Bigflo & Oli: Hip Hop Frenzy",-2020,0.00,$0.00
"Biggie: I Got a Story to Tell",-2021,0.00,$0.00
"Bikram: Yogi, Guru, Predator",-2019,0.00,$0.00
Bikya,-2018,0.00,$0.00
"Bill Burr: I'm Sorry You Feel That Way","(2014 TV Special)",0.00,$0.00
"Bill Burr: Paper Tiger","(2019 TV Special)",0.00,$0.00
"Bill Burr: Walk Your Way Out","(2017 TV Special)",0.00,$0.00
"Bill Burr: You People Are All the Same.","(2012 TV Special)",0.00,$0.00
"Bill Cosby: 77","(2014 Video)",0.00,$0.00
"Bill Cosby: Far from Finished","(2013 TV Special)",0.00,$0.00
"Bill Hicks: Reflections",-2015,0.00,$0.00
"Bill Hicks: Relentless","(1992 Video)",0.00,$0.00
"Bill Hicks: Revelations","(1993 TV Special)",0.00,$0.00
"Bill Hicks: Sane Man","(1989 Video)",0.00,$0.00
"Bill Nye Saves the World",(2017-2018),0.00,$0.00
Billions,"(2016- )",0.00,$0.00
"Bimilui Soop","(2017- )",0.00,$0.00
Bing-ui,"(2019- )",0.00,$0.00
Binsenjo,"(2021- )",0.00,$0.00
Biohackers,"(2020- )",0.00,$0.00
"Bir Baba Hindu",-2016,0.00,$0.00
"Bir Baskadir","(2020- )",0.00,$0.00
"Bir Denizalti Hikayesi",,0.00,$0.00
"Bird Box",-2018,0.00,$0.00
Birders,-2019,0.00,$0.00
"Birdman or (The Unexpected Virtue of Ignorance)",-2014,42.34,$42.34
Bitten,(2014-2016),0.00,$0.00
"Bitter Daisies",(2018-2020),0.00,$0.00
"Black Beach",-2020,0.00,$0.00
"Black Clover",(2017-2021),0.00,$0.00
"Black Crab",-2022,0.00,$0.00
"Black Earth Rising",-2018,0.00,$0.00
"Black Heart",-2014,0.00,$0.00
"Black Ink Crew","(2012- )",0.00,$0.00
"Black Lagoon",-2006,0.00,$0.00
"Black Lightning",(2017-2021),0.00,$0.00
"Black Man White Skin",-2015,0.00,$0.00
"Black Mirror","(2011- )",0.00,$0.00
"Black Mirror: Bandersnatch",-2018,0.00,$0.00
"Black Privilege","(2019 TV Movie)",0.00,$0.00
"Black Sails",(2014-2017),0.00,$0.00
"Black Site Delta",-2017,0.00,$0.00
"Black Space","(2020- )",0.00,$0.00
"Black Stallions",,0.00,$0.00
"Black Summer","(2019- )",0.00,$0.00
Blackout,"(2013 TV Movie)",0.00,$0.00
Blackout,(XLI),0.00,$0.00
"Blackpink: Light Up the Sky",-2020,0.00,$0.00
Blame!,-2017,0.00,$0.00
"Blanche comme neige",-2019,0.00,$0.00
Blasted,-2022,0.00,$0.00
"Blazing Transfer Students",-2017,0.00,$0.00
"Bleach: Burîchi",(2004-2012),0.00,$0.00
"Bleach: Burîchu",-2018,0.00,$0.00
"Bling Empire","(2021- )",0.00,$0.00
Blitz,-2011,0.00,$0.00
Blockbuster,-2018,0.00,$0.00
"Bloed, Zweet & Tranen",-2015,0.00,$0.00
Blonde,"(II) (2022)",0.00,$0.00
"Blood & Water","(2020- )",0.00,$0.00
"Blood Brother",-2013,0.12,$0.12
"Blood Brother",-2018,0.00,$0.00
"Blood Brothers: Malcolm X & Muhammad Ali",-2021,0.00,$0.00
"Blood Cells",-2014,0.00,$0.00
"Blood of Zeus","(2020- )",0.00,$0.00
"Blood Red Sky",-2021,0.00,$0.00
Bloodline,(2015-2017),0.00,$0.00
Bloodride,"(2020- )",0.00,$0.00
Bloom,,0.00,$0.00
"Bloom Into You","(2018- )",0.00,$0.00
"Blown Away","(2019- )",0.00,$0.00
Blue,"(II) (2009)",0.00,$0.00
"Blue Bloods","(2010- )",0.00,$0.00
"Blue Eye Samurai",,0.00,$0.00
"Blue Gold: American Jeans",-2014,0.00,$0.00
"Blue Jasmine",-2013,33.41,$33.41
"Blue Jay","(I) (2016)",0.01,$0.01
"Blue Kids",-2017,0.00,$0.00
"Blue Miracle",-2021,0.00,$0.00
"Blue Mountain State",(2010-2011),0.00,$0.00
"Blue Mountain State: The Rise of Thadland",-2016,0.00,$0.00
BNA,-2020,0.00,$0.00
"Bo Burnham: Inside","(2021 TV Special)",0.00,$0.00
"Bo Burnham: Make Happy","(2016 TV Special)",0.00,$0.00
"Bo Burnham: what.","(2013 TV Special)",0.00,$0.00
"Bob Ross: Happy Accidents, Betrayal & Greed",-2021,0.00,$0.00
"Bob Saget: That's What I'm Talkin' About","(2013 TV Special)",0.00,$0.00
"Bobby Kennedy for President",-2018,0.00,$0.00
"Bobby Robson: More Than a Manager",-2018,0.00,$0.00
"Boca a Boca","(I) (2020- )",0.00,$0.00
"Boca Juniors Confidencial",-2018,0.00,$0.00
Bodyguard,-2018,0.00,$0.00
Bodyguard,"(I) (2011)",0.00,$0.00
"Bogdan Boner: Egzorcysta","(2020- )",0.00,$0.00
Boi,-2019,0.00,$0.00
Boiseu,(2017-2021),0.00,$0.00
"BoJack Horseman",(2014-2020),0.00,$0.00
Bojwagwan,"(2019- )",0.00,$0.00
"Boku dake ga inai machi",-2016,0.00,$0.00
"Boku dake ga inai machi",-2017,0.00,$0.00
"Boku no hîrô akademia","(2016- )",0.00,$0.00
"Boku wa tomodachi ga sukunai","(2011- )",0.00,$0.00
"Bolbol Hayran",-2010,0.00,$0.00
"Bolívar: Una lucha admirable",-2019,0.00,$0.00
"Bom Dia, Verônica","(2020- )",0.00,$0.00
Bombairiya,-2019,0.00,$0.00
Bombam,"(2019- )",0.00,$0.00
"Bombay Begums","(2021- )",0.00,$0.00
"Bombay Rose",-2019,0.00,$0.00
"Bon Bini Holland",-2015,0.00,$0.00
"Bon Cop Bad Cop 2",-2017,0.00,$0.00
"Bon Cop, Bad Cop",-2006,0.00,$0.00
Bonding,(2018-2021),0.00,$0.00
Bone,,0.00,$0.00
Bongwater,-1998,0.00,$0.00
Bonusfamiljen,"(2017- )",0.00,$0.00
"Boo, Bitch",,0.00,$0.00
Booba,"(2014- )",0.00,$0.00
"Booba: Food Puzzle","(2020- )",0.00,$0.00
"Bookmarks: Celebrating Black Voices","(2020- )",0.00,$0.00
Booksmart,-2019,22.68,$22.68
"Boons and Curses",,0.00,$0.00
"Border Security: America's Front Line","(2016- )",0.00,$0.00
"Border: Keishichô Sôsa Ikka Satsujinhan Sôsa Dai 4-gakkari","(2014- )",0.00,$0.00
"BORDER2 Shokuzai","(2017 TV Movie)",0.00,$0.00
Borderline,(2016-2017),0.00,$0.00
Borgen,"(2010- )",0.00,$0.00
Borgia,(2011-2014),0.00,$0.00
"Born to Be Blue",-2015,0.83,$0.83
"Born to Raise Hell",-2010,0.00,$0.00
"Børning 3",-2020,0.00,$0.00
Borstal,-2017,0.00,$0.00
Börü,-2018,0.00,$0.00
Boss,(2011-2012),0.00,$0.00
"Bottersnikes & Gumbles","(2015- )",0.00,$0.00
"Bottled Life: Nestle's Business with Water",-2012,0.00,$0.00
"Bottom of the World",-2017,0.00,$0.00
"Boy Meets Girl","(I) (2014)",0.02,$0.02
"Boyka: Undisputed IV","(2016 Video)",0.00,$0.00
"Brad Paisley's Comedy Rodeo","(2017 TV Special)",0.00,$0.00
"Brahman Naman",-2016,0.00,$0.00
"Brain on Fire",-2016,0.00,$0.00
Brainchild,"(2018- )",0.00,$0.00
"Brand New Cherry Flavor",-2021,0.00,$0.00
Braqueurs,,0.00,$0.00
Braqueurs,-2015,0.00,$0.00
Brasslands,-2013,0.00,$0.00
"Brave Blue World",-2019,0.00,$0.00
"Brave Miss World",-2013,0.00,$0.00
"Braxton Family Values","(2011- )",0.00,$0.00
Breach,"(IV) (2020)",0.00,$0.00
"Bread Barbershop","(2020- )",0.00,$0.00
BreadCrumbs,-2011,0.00,$0.00
Break,"(IV) (2018)",0.00,$0.00
"Break It All: The History of Rock in Latin America",-2020,0.00,$0.00
"Breakfast at Tiffany's",-1961,0.00,$0.00
"Breakfast, Lunch & Dinner","(2019- )",0.00,$0.00
"Breaking Bad",(2008-2013),0.00,$0.00
"Breaking Boundaries: The Science of Our Planet",-2021,0.00,$0.00
"Breaking the Bee",-2018,0.00,$0.00
Breathe,(IV),0.00,$0.00
"Brené Brown: The Call to Courage",-2019,0.00,$0.00
"Brent Morin: I'm Brent Morin","(2015 TV Special)",0.00,$0.00
"Brews Brothers","(2020- )",0.00,$0.00
"Brian Regan: Nunchucks and Flamethrowers","(2017 TV Special)",0.00,$0.00
"Brian Regan: On the Rocks","(2021 TV Special)",0.00,$0.00
Bridegroom,-2013,0.00,$0.00
Bridgerton,"(2020- )",0.00,$0.00
"Brigada Costa del Sol",-2019,0.00,$0.00
Bright,"(I) (2017)",0.00,$0.00
"Bright 2",,0.00,$0.00
"Bright: Samurai Soul",,0.00,$0.00
"Brij Mohan Amar Rahe",-2017,0.00,$0.00
Broadchurch,(2013-2017),0.00,$0.00
Broken,"(2019- )",0.00,$0.00
"Broken City",-2013,19.70,$19.70
Bronx,-2020,0.00,$0.00
Brooklyn,-2015,38.32,$38.32
"Brooklyn Nine-Nine",(2013-2022),0.00,$0.00
"Brooklyn's Finest",-2009,27.15,$27.15
"Brotherly Love","(III) (2015)",0.44,$0.44
"Brown Nation",-2016,0.00,$0.00
Bruised,-2020,0.00,$0.00
"Bruna Surfistinha",-2011,0.00,$0.00
"Bruno & Boots: Go Jump in the Pool","(2016 TV Movie)",0.00,$0.00
"Bruno Motta: Melhor que os Outros Stand Ups que Eu Já Fiz em 15 Anos de Carreira","(2017 TV Special)",0.00,$0.00
"Bruno Motta: O Show do Ano","(2011 TV Special)",0.00,$0.00
BRZRKR,,0.00,$0.00
Bubbles,(I),0.00,$0.00
Bucin,-2020,0.00,$0.00
Budapest,-2018,0.00,$0.00
Buddi,"(2020- )",0.00,$0.00
"Buddy Thunderstruck",-2017,0.00,$0.00
Buds,-2016,0.00,$0.00
Bulbbul,-2020,0.00,$0.00
"Bulbul Tarang",-2022,0.00,$0.00
"Bullet Head",-2017,0.00,$0.00
Bulyaseong,(2016-2017),0.00,$0.00
"Bumi Manusia",-2019,0.00,$0.00
"Bump of Chicken Tour 2019: aurora ark Tokyo Dome",-2020,0.00,$0.00
Bumperkleef,-2019,0.00,$0.00
"Bumping Mics with Jeff Ross & Dave Attell","(2018- )",0.00,$0.00
"Bungou Stray Dogs","(2016- )",0.00,$0.00
"Buried by the Bernards","(2021- )",0.00,$0.00
"Burn Out","(I) (2017)",0.00,$0.00
"Burning Daylight",-2010,0.00,$0.00
"Burning Sands",-2017,0.00,$0.00
"Burt's Buzz",-2013,0.00,$0.00
"Busted! I Know Who You Are!",(2018-2021),0.00,$0.00
"Button Man: The Killing Game",,0.00,$0.00
"Byeol-e-seo on geu-dae",(2013-2014),0.00,$0.00
Byeong-won-seon,-2017,0.00,$0.00
"Byeonhyeokui Sarang",-2017,0.00,$0.00
"Byron Baes",,0.00,$0.00
"Byuti Insaideu",-2018,0.00,$0.00
"C'est quoi cette famille?!",-2016,0.00,$0.00
"Cabins in the Wild with Dick Strawbridge",-2017,0.00,$0.00
"Cabras da Peste",-2021,0.00,$0.00
"Café dans le temps","(2019- )",0.00,$0.00
Caïd,"(2021- )",0.00,$0.00
"Cain and Abel",-2009,0.00,$0.00
Calibre,-2018,0.00,$0.00
Californication,(2007-2014),0.00,$0.00
"Call Me Lucky",-2015,0.00,$0.00
"Call Your Daughter Home",,0.00,$0.00
"Calum Von Moger: Unbroken",-2019,0.00,$0.00
Cam,-2018,0.00,$0.00
"Camino a Roma",-2020,0.00,$0.00
"Can Dostlar",-2019,0.00,$0.00
"Cancer's Last Stand",-2017,0.00,$0.00
"Canciones y Recuerdos",,0.00,$0.00
"Candy Jar",-2018,0.00,$0.00
"Canine Intervention","(2021- )",0.00,$0.00
"Cannon Busters","(2019- )",0.00,$0.00
"Cannot Write","(2021- )",0.00,$0.00
Canvas,"(III) (2020)",0.00,$0.00
"Cap Kakumei Bottleman","(2020- )",0.00,$0.00
"Capital C",-2014,0.00,$0.00
Capitani,(2019-2020),0.00,$0.00
"Captain America: Civil War",-2016,408.08,$408.08
"Captain Fall",,0.00,$0.00
"Captain Laserhawk: A Blood Dragon Remix",,0.00,$0.00
Captive,"(2016- )",0.00,$0.00
"Car Masters: Rust to Riches","(2018- )",0.00,$0.00
"Cardboard Gangsters",-2017,0.00,$0.00
"Care Bears and Cousins",(2015-2016),0.00,$0.00
Cargo,"(I) (2017)",0.00,$0.00
"Carlos Almaraz: Playing with Fire",-2019,0.00,$0.00
"Carlos Ballarta: Furia ñera","(2018 TV Special)",0.00,$0.00
"Carmel: ¿Quién mató a María Marta?",-2020,0.00,$0.00
"Carmen Sandiego",,0.00,$0.00
"Carmen Sandiego",(2019-2021),0.00,$0.00
"Carmen Sandiego: To Steal or Not to Steal",-2020,0.00,$0.00
Carnaval,-2021,0.00,$0.00
"Carole & Tuesday",-2019,0.00,$0.00
"Cars 3",-2017,152.90,$152.90
"Cash Only",-2015,0.00,$0.00
"Casi Feliz","(2020- )",0.00,$0.00
"Cast Party","(II) (2015)",0.00,$0.00
Caste,,0.00,$0.00
"Casting JonBenet",-2017,0.00,$0.00
"Castle & Castle","(2018- )",0.00,$0.00
"Castle Rock",(2018-2019),0.00,$0.00
Castlevania,(2017-2021),0.00,$0.00
"Cat People","(2021- )",0.00,$0.00
"CAT. 8","(2013- )",0.00,$0.00
"Catching Feelings",-2017,0.00,$0.00
"Cateva conversatii despre o fata foarte inalta",-2018,0.00,$0.00
Catfight,"(I) (2016)",0.00,$0.00
"CCTV: Caught on Camera","(2014- )",0.00,$0.00
"Cedonia Avenue",-2015,0.00,$0.00
"Cedric the Entertainer: Live from the Ville","(2016 TV Special)",0.00,$0.00
"Cek Toko Sebelah: The Series",(2018-2019),0.00,$0.00
"Celeste & Jesse Forever",-2012,3.09,$3.09
Cellmates,-2011,0.00,$0.00
"Cementerio General",-2013,0.00,$0.00
Centauro,-2022,0.00,$0.00
Centaurworld,"(2021- )",0.00,$0.00
"Chadwick Boseman: Portrait of an Artist",-2021,0.00,$0.00
"Challenger: The Final Flight",-2020,0.00,$0.00
"Chaman Bahaar",-2020,0.00,$0.00
Chambers,-2019,0.00,$0.00
Champions,-2018,0.00,$0.00
Champs,-2014,0.00,$0.00
"Chandni Bar",-2001,0.00,$0.00
"Change Agent",,0.00,$0.00
"Channeru wa sono mama!",-2019,0.00,$0.00
"Chanranhan yusan",-2009,0.00,$0.00
"Chapo: el escape del siglo",-2016,0.00,$0.00
"Chappelle's Show",(2003-2006),0.00,$0.00
Charité,"(2017- )",0.00,$0.00
"Charlie and the Chocolate Factory",,0.00,$0.00
"Charlie's Angels",-2019,0.00,$0.00
"Charlie's Colorforms City","(2019- )",0.00,$0.00
Charming,-2018,0.00,$0.00
"Chasing Beauty",-2013,0.00,$0.00
"Chasing Cameron","(2016- )",0.00,$0.00
"Chasing Coral",-2017,0.00,$0.00
Chatroom,-2010,0.00,$0.00
"Check Point",-2017,0.00,$0.00
Cheer,-2020,0.00,$0.00
Cheers,(1982-1993),0.00,$0.00
"Cheese in the Trap",-2016,0.00,$0.00
"Chef's Table",(2015-2019),0.00,$0.00
"Chef's Table: BBQ","(2020- )",0.00,$0.00
"Chef's Table: France","(2016- )",0.00,$0.00
"Chek dou",-2015,0.00,$0.00
Chelsea,(2016-2017),0.00,$0.00
"Chelsea Does",-2016,0.00,$0.00
"Chelsea Peretti: One of the Greats","(2014 TV Special)",0.00,$0.00
"Chemi Bednieri Ojakhi",-2017,0.00,$0.00
"Chen qing ling",-2019,0.00,$0.00
Cheongchunsidae,(2016-2017),0.00,$0.00
Chernobyl,-2021,0.00,$0.00
"Chesapeake Shores","(2016- )",0.00,$0.00
Chevolution,-2008,0.00,$0.00
"Chewing Gum",(2015-2017),0.00,$0.00
"Chhota Bheem","(2008- )",0.00,$0.00
"Chhota Bheem Kung Fu Dhamaka",-2019,0.00,$0.00
"Chi m'ha visto",-2017,0.00,$0.00
"Chiamatemi Francesco","(2016- )",0.00,$0.00
"Chicago Overcoat",-2009,0.00,$0.00
