Movies,Year,MaxRating,MinRating,AvgRating
"¡A cantar!","(2020- )",7.3,6.2,6.9
"¡Ay, mi madre!",-2019,3.9,3.9,3.9
"¿A quién te llevarías a una isla desierta?",-2019,5.3,5.3,5.3
"¿Quién Mató a Sara?","(2021- )",8.1,6.4,7.3
(Un)Well,"(2020- )",6.4,6.4,6.4
"#AnneFrank - Parallel Stories",-2019,6.5,6.5,6.5
#BlackAF,-2020,6.8,6.8,6.8
#cats_the_mewvie,-2020,5.3,5.3,5.3
#differentnotless,"(2017- )",N/A,N/A,N/A
#HappyBirthdaySense8,-2017,8.9,8.9,8.9
#Realityhigh,-2017,5.2,5.2,5.2
#Rucker50,-2016,5.2,5.2,5.2
#Saraitda,-2020,6.3,6.3,6.3
#TemanTapiMenikah,-2018,6.9,6.9,6.9
#TemanTapiMenikah2,-2020,6.9,6.9,6.9
"1 Chance 2 Dance",-2014,4.8,4.8,4.8
"1,000,000 yen no Onnatachi",-2017,7.5,7.5,7.5
"10 000 timmar",-2014,4.4,4.4,4.4
"10 Days in Sun City",-2017,5.1,5.1,5.1
"100 días para enamorarnos","(2020- )",6.9,6.9,6.9
"100 Humans","(2020- )",5.7,5.7,5.7
"100 metros",-2016,7.5,7.5,7.5
"100-man no Inochi no Ue ni Ore wa Tatte Iru","(2020- )",6.4,6.4,6.4
"100% Coco",-2017,4.7,4.7,4.7
"100% Hotter","(2016- )",4.4,4.4,4.4
"101 Dalmatians",-1996,5.7,5.7,5.7
"12 Monkeys",(2015-2018),7.7,7.7,7.7
"12 Rounds 3: Lockdown",-2015,5.2,5.2,5.2
"127 Hours",-2010,7.5,7.5,7.5
"13 Geboden",(2017-2018),7,7,7
"13 Minutes",,N/A,N/A,N/A
"13 Reasons Why",(2017-2020),7.7,5.1,6.3
"13 Reasons Why: Season 2 Date Announcement Commercial",-2018,7.2,7.2,7.2
"13: The Musical",,N/A,N/A,N/A
13th,-2016,8.2,8.2,8.2
"13th: A Conversation with Oprah Winfrey & Ava DuVernay","(2017 Video)",7.1,7.1,7.1
"15 August",-2019,5.9,5.9,5.9
"17 filles",-2011,6,6,6
"18 regali",-2020,6.7,6.7,6.7
"1898. Los últimos de Filipinas",-2016,6.5,6.5,6.5
1899,"(2022- )",N/A,N/A,N/A
1920,-2008,6.4,6.4,6.4
"1920 London",-2016,4.1,4.1,4.1
1922,-2017,6.3,6.3,6.3
1983,-2018,6.8,6.8,6.8
1994,"(I) (2019- )",7.6,7.6,7.6
"1994: Poder, Rebeldía y Crimen en México",-2019,8.7,8.7,8.7
"2 Weeks",-2013,8.1,8.1,8.1
2:22,-2008,5.2,5.2,5.2
"2001: A Space Odyssey",-1968,8.3,8.3,8.3
"2006 Independent Spirit Awards","(2006 TV Special)",6.6,6.6,6.6
"2020 Golden Globe Awards","(2020 TV Special)",7.2,7.2,7.2
2067,-2020,4.9,4.9,4.9
"21 Days Under the Sky",-2016,6.7,6.7,6.7
"21 Sarfarosh Saragarhi 1897","(2018- )",8.2,8.2,8.2
"21 Thunder","(2017- )",6.2,6.2,6.2
"22 July",-2018,6.8,6.8,6.8
"22nd Annual Mark Twain Prize for American Humor celebrating: Dave Chappelle","(2020 TV Special)",7.5,7.5,7.5
23:59,-2011,4.6,4.6,4.6
"26 nyeon",-2012,6.3,6.3,6.3
2gether,-2020,7.9,7.9,7.9
"3 Geezers!",-2013,3.3,3.3,3.3
"3 Türken & ein Baby",-2015,5.5,5.5,5.5
3%,(2016-2020),7.4,7.4,7.4
300,-2006,7.6,7.6,7.6
"300: Rise of an Empire",-2014,6.2,6.2,6.2
"365 dni",-2020,3.3,3.3,3.3
"37 sekanzu",-2019,7.3,7.3,7.3
"3Below: Tales of Arcadia",(2018-2019),8.6,7.2,7.9
"3rd Rock from the Sun",(1996-2001),7.7,7.7,7.7
"4 latas",-2019,5.9,5.9,5.9
"42 días en la oscuridad",,N/A,N/A,N/A
"44 Gatti","(2018- )",6.1,6.1,6.1
"45 Revoluciones",-2019,7.3,7.3,7.3
"46 Yok Olan",-2016,8.4,8.4,8.4
50M2,"(2021- )",7.8,6.9,7.3
"6 Balloons",-2018,5.9,5.9,5.9
"6 Below: Miracle on the Mountain",-2017,5.7,5.7,5.7
"6 Days","(I) (2017)",6.2,6.2,6.2
"6 Underground",-2019,6.1,6.1,6.1
"6 Years",-2015,5.6,5.6,5.6
6-5=2,-2014,4.3,4.3,4.3
"60 Il, Jijeongsaengjonja",-2019,8.1,8.1,8.1
"7 años",-2016,6.8,6.8,6.8
"7 Chinese Brothers",-2015,5.6,5.6,5.6
"7 Days Out","(2018- )",6.8,6.8,6.8
"7 Guardians of the Tomb",-2018,4.5,4.5,4.5
"7 Ilui Wangbi",-2017,7.8,7.8,7.8
"7 Prisioneiros",-2021,N/A,N/A,N/A
7:19,-2016,5.9,5.9,5.9
"71st Golden Globe Awards","(2014 TV Special)",7.2,7.2,7.2
"72 Dangerous Animals - Asia","(2018- )",6.6,6.6,6.6
"72 Dangerous Animals: Latin America",-2017,6.6,6.6,6.6
76,-2016,7.2,7.2,7.2
7Seeds,(2019-2020),7.8,6.4,7.1
8:46,"(2020 TV Special)",8.1,8.1,8.1
"800 metros","(2021- )",N/A,N/A,N/A
"9 Kere Leyla",-2020,3.7,3.7,3.7
"A 3 Minute Hug",-2019,6.6,6.6,6.6
"A Babysitter's Guide to Monster Hunting",-2020,5.4,5.4,5.4
"A Boy Called Christmas",-2021,N/A,N/A,N/A
"A California Christmas",-2020,5.8,5.8,5.8
"A cambio de nada",-2015,6.6,6.6,6.6
"A Castle for Christmas",-2021,N/A,N/A,N/A
"A Chorus Line",,N/A,N/A,N/A
"A Christmas Prince",-2017,5.8,5.8,5.8
"A Christmas Prince: The Royal Baby",-2019,5.4,5.4,5.4
"A Christmas Prince: The Royal Wedding",-2018,5.3,5.3,5.3
"A Christmas Tree Miracle",-2013,6.7,6.7,6.7
"A Cinderella Story",-2004,5.9,5.9,5.9
"A Cinderella Story: Christmas Wish","(2019 Video)",5.3,5.3,5.3
"A Classic Horror Story",-2021,5.7,5.7,5.7
"A Decade of Decadence, Pt. 2: Legacy of Dreams","(2013 Video)",8.1,8.1,8.1
"A Dog's Life: The Oscar Lose Story","(2008 Video)",N/A,N/A,N/A
"A Fall from Grace",-2020,5.9,5.9,5.9
"A Family Reunion Christmas","(2019 TV Movie)",5.7,5.7,5.7
"A Faster Horse",-2015,6.7,6.7,6.7
"A Field Full of Secrets",-2014,5.7,5.7,5.7
"A Final Cut for Orson: 40 Years in the Making",-2018,7.2,7.2,7.2
"A Futile and Stupid Gesture",-2018,6.8,6.8,6.8
"A Garota Invisível",-2021,4.6,4.6,4.6
"A Go! Go! Cory Carson Christmas","(2020 TV Special)",6.4,6.4,6.4
"A Go! Go! Cory Carson Halloween","(2020 TV Special)",6.1,6.1,6.1
"A god in ruins",,N/A,N/A,N/A
"A Haunting at Silver Falls 2",-2019,3.2,3.2,3.2
"A Jazzman's Blues",-2022,N/A,N/A,N/A
"A Killer Uncaged",-2020,5.2,5.2,5.2
"A Life in Men",,N/A,N/A,N/A
"A Little Help with Carol Burnett",-2018,6.2,6.2,6.2
"A Love So Beautiful","(2020- )",7.4,7.4,7.4
"A Love Song for Latasha",-2019,6.8,6.8,6.8
"A Love to Last",-2017,8.8,8.8,8.8
"A Madea Homecoming",-2022,N/A,N/A,N/A
"A Man Apart",-2003,6.1,6.1,6.1
"A Man for All Seasons",-1966,7.7,7.7,7.7
"A Martfüi Rém - A Sorozat","(2020- )",7.6,7.6,7.6
"A mil kilómetros de la Navidad",-2021,N/A,N/A,N/A
"A Million Colours",-2011,6.6,6.6,6.6
"A New York Christmas Wedding",-2020,5.4,5.4,5.4
"A Night for Dying Tigers",-2010,5.1,5.1,5.1
"A Note of Explanation",,N/A,N/A,N/A
"A Perfect Crime",-2020,7.3,7.3,7.3
"A Perfect Ending",-2012,5.7,5.7,5.7
"A Perfect Fit",-2021,5.2,5.2,5.2
"A pesar de todo",-2019,5.4,5.4,5.4
"A Plastic Ocean",-2016,8,8,8
"A Prayer Before Dawn",-2017,6.9,6.9,6.9
"A Primeira Tentação de Cristo",-2019,4.6,4.6,4.6
"A Scandall",-2016,3.1,3.1,3.1
"A Second Chance: Rivals!",-2019,5,5,5
"A Secret Love",-2020,7.9,7.9,7.9
"A Series of Unfortunate Events",(2017-2019),7.8,7.8,7.8
"A Shaun the Sheep Movie: Farmageddon",-2019,6.8,6.8,6.8
"A StoryBots Christmas","(2017 TV Movie)",6.1,6.1,6.1
"A Suitable Boy","(2020- )",6.3,5.7,6.1
"A Taiwanese Tale of Two Cities","(2018- )",6.5,6.5,6.5
"A Tale Dark & Grimm","(2021- )",N/A,N/A,N/A
"A Tale Dark and Grimm",,N/A,N/A,N/A
"A Tale of Two Kitchens",-2019,6.3,6.3,6.3
"A Thousand Goodnights","(2019- )",7.9,7.9,7.9
"A Tiger in the Dark: The Decadence Saga","(2014 Video)",7.7,7.7,7.7
"A Time Lost",(II),N/A,N/A,N/A
"A Toca","(2013- )",4.1,4.1,4.1
"À tombeau ouvert",,N/A,N/A,N/A
"A Trash Truck Christmas","(2020 TV Special)",5.6,5.6,5.6
"A Través De Mi Ventana",,N/A,N/A,N/A
"A United Kingdom",-2016,6.9,6.9,6.9
"A Very Murray Christmas","(2015 TV Special)",5.5,5.5,5.5
"A Walk to Remember",-2002,7.3,7.3,7.3
"A Week Away",-2021,5.8,5.8,5.8
"A Week in Watts",-2018,6.3,6.3,6.3
"A Weekend with the Family",-2016,4.9,4.9,4.9
"A Wish For Christmas","(2016 TV Movie)",6,6,6
"A Year in Burgundy",-2013,6.9,6.9,6.9
"A Year in Space","(2015- )",7.4,7.4,7.4
"A Yellow Bird",-2016,5.5,5.5,5.5
A-reu-gon,-2017,7.4,7.4,7.4
"A.I.C.O. Incarnation",-2018,6.4,6.4,6.4
"A.N.T. Farm",(2011-2014),5.1,5.1,5.1
"Aakash Gupta Special",-2021,N/A,N/A,N/A
"Aala Kaf Ifrit",-2017,7,7,7
"Abby Hatcher",(2018-2021),6.2,6.2,6.2
"Abducted in Plain Sight",-2017,6.8,6.8,6.8
"Abeojiga Isanghae",-2017,8.3,8.3,8.3
"Abla Fahita: Drama Queen","(2021- )",6.6,6.6,6.6
"Abstract: The Art of Design","(2017- )",8.4,8.4,8.4
"Absurd Planet","(2020- )",3.9,3.9,3.9
Abzurdah,-2015,5.4,5.4,5.4
"Accidentally in Love","(2018- )",7.6,7.6,7.6
Accomplice,-2021,7.3,7.3,7.3
"Aci Kiraz",-2020,5,5,5
Acrimony,-2018,5.8,5.8,5.8
"Acts of Violence",-2018,5.3,5.3,5.3
"Ad Vitam",-2018,6.5,6.5,6.5
"Ada Twist, Scientist","(2021- )",N/A,N/A,N/A
"Adam Devine: Best Time of Our Lives","(2019 TV Special)",5.8,5.8,5.8
"Adam Sandler: 100% Fresh","(2018 TV Special)",7.6,7.6,7.6
"Adel Karam: Live from Beirut","(2018 TV Special)",5.4,5.4,5.4
"Adios Amigos",-2016,6.6,6.6,6.6
"Aditi Mittal: Things They Wouldn't Let Me Say","(2017 TV Special)",4.4,4.4,4.4
ADN,-2020,5.9,5.9,5.9
Adú,-2020,6.7,6.7,6.7
"Adult Beginners",-2014,5.6,5.6,5.6
Advantageous,-2015,6.2,6.2,6.2
"Adventure Time",(2010-2018),8.6,8.6,8.6
Advokaten,"(2018- )",7,7,7
Aelay,-2021,7.1,7.1,7.1
Aelliseu,-2020,7.2,7.2,7.2
Aenggeurimam,-2015,7.6,7.6,7.6
"Aetaneun Romaenseu",-2017,7.1,7.1,7.1
Afblijven,-2006,5.3,5.3,5.3
Afflicted,"(2018- )",5,5,5
Affliction,"(III) (2021)",6.2,6.2,6.2
"Afonso Padilha: Alma de Pobre","(2020 TV Special)",6.8,6.8,6.8
"Afro Samurai",-2007,7.7,7.7,7.7
"After Life","(2019- )",9,7.9,8.3
"After Maria",-2019,4.6,4.6,4.6
"After Porn Ends",-2012,5.7,5.7,5.7
"After Porn Ends 2",-2017,5.5,5.5,5.5
"After Porn Ends 3",-2018,5.3,5.3,5.3
"After the Raid",-2019,4.3,4.3,4.3
"After Tiller",-2013,7.4,7.4,7.4
"After Trek",(2017-2018),4.9,4.9,4.9
"Afterlife of the Party",-2021,N/A,N/A,N/A
Aftermath,"(IV) (2021)",6.5,6.5,6.5
Again,,N/A,N/A,N/A
"Against the Ice",-2021,N/A,N/A,N/A
"Against the Sun",-2014,6.5,6.5,6.5
"Age of Samurai: Battle for Japan","(2021- )",7.6,7.4,7.4
Agent,"(2019- )",7.2,7.2,7.2
"Agent King",,N/A,N/A,N/A
"Agents of S.H.I.E.L.D.",(2013-2020),7.5,7.5,7.5
"Aggressive Retsuko","(2016- )",8.3,8.3,8.3
Aggretsuko,"(2018- )",8.1,8.1,8.1
"Aguacate El Fruto Del Cielo",-2021,N/A,N/A,N/A
"Agustín Aristarán: Soy Rada","(2018 TV Special)",6.5,6.5,6.5
"Ahí te Encargo",-2020,5.8,5.8,5.8
"Ahiru no Sora","(2019- )",7.5,7.5,7.5
"Ai hui lai",(2011-2012),6.6,6.6,6.6
"Ai-naki mori de sakebe",-2019,6.3,6.3,6.3
Ailiseu,(2009-2013),7.9,7.9,7.9
"Ainori Love Wagon: African Journey","(2020- )",7.1,7.1,7.1
"Ainori Reboot","(2017- )",N/A,N/A,N/A
"Ainori: Asian Journey","(2017- )",6.9,6.9,6.9
"AJ and the Queen",-2020,7.5,7.5,7.5
"Ajeeb Daastaans",-2021,6.7,6.7,6.7
Ajin,"(2016- )",7.6,7.6,7.6
Ajji,-2017,6.9,6.9,6.9
"AK vs AK",-2020,6.9,6.9,6.9
"Akame ga Kill!",-2014,7.8,7.8,7.8
"Akbar Birbal","(2014- )",7.5,7.5,7.5
Akelarre,-2020,6.3,6.3,6.3
"Akhir Kisah Cinta Si Doel",-2020,6.7,6.7,6.7
Akjilkyungchal,-2019,6.3,6.3,6.3
"Al Hayba","(2017- )",7.4,7.4,7.4
"Al midan",-2013,8.1,8.1,8.1
"Al posto suo","(2020 TV Movie)",6.1,6.1,6.1
"Ala Vaikunthapurramuloo",-2020,7.3,7.3,7.3
"Alan Saldaña: Locked Up","(2021 TV Special)",4.1,4.1,4.1
"Alan Saldaña: Mi vida de pobre","(2017 TV Special)",6.1,6.1,6.1
"Alejandra Azcárate",,N/A,N/A,N/A
"Alejandro Riaño: Especial de stand-up","(2018 TV Special)",4.9,4.9,4.9
"Aleksandr's Price",-2013,4.9,4.9,4.9
Alex,(2017-2019),7.6,7,7.4
"Alex Fernández: El mejor comediante del mundo","(2020 TV Special)",6.1,6.1,6.1
"Alex Strangelove",-2018,6.3,6.3,6.3
"Alexa & Katie",(2018-2020),7.5,7.5,7.5
"Alexis Viera, una historia de superación",-2019,7.2,7.2,7.2
Algoissjiman,"(2021- )",7.7,7.7,7.7
"Alguien tiene que morir",-2020,7.1,6.3,6.7
"Alhambeura Goongjeonui Chooeok",(2018-2019),7.8,7.8,7.8
"Ali & the Queens",-2021,7.1,7.1,7.1
"Ali Wong: Baby Cobra","(2016 TV Special)",7.6,7.6,7.6
"Ali Wong: Hard Knock Wife","(2018 TV Special)",7.4,7.4,7.4
"Ali's Wedding",-2017,6.9,6.9,6.9
"Alias Grace",-2017,7.7,7.7,7.7
"Alice in Borderland","(2020- )",8.3,6.9,7.7
"Alice in Wonderland",,N/A,N/A,N/A
"Alice Júnior",-2019,7,7,7
"Alice Through the Looking Glass",-2016,6.2,6.2,6.2
"Alien Contact: Outer Space","(2017 Video)",3.9,3.9,3.9
"Alien Secrets","(2006 Video)",5.5,5.5,5.5
"Alien TV","(2020- )",6.2,6.2,6.2
"Alien Warfare",-2019,2.6,2.6,2.6
"Alien Worlds",-2020,6.5,6.5,6.5
"Alien Xmas","(2020 TV Special)",6.2,6.2,6.2
"Aliens on the Moon: The Truth Exposed","(2014 TV Movie)",3.5,3.5,3.5
"Aliens: Zone of Silence",-2017,3.5,3.5,3.5
"Alive Inside",-2014,8.2,8.2,8.2
"All About The Washingtons",-2018,4.5,4.5,4.5
"All Because of You",-2020,4,4,4
"All Day and a Night",-2020,5.8,5.8,5.8
"All Hail King Julien",(2014-2017),7.1,7.1,7.1
"All Hail King Julien: Exiled",-2017,7.5,7.5,7.5
"All Hail King Julien: Happy Birthday to You!","(2017 TV Special)",4.4,4.4,4.4
"All in My Family",-2019,6.8,6.8,6.8
"All on the Line","(2011- )",7.8,7.8,7.8
"All Quiet on the Western Front",-2022,N/A,N/A,N/A
"All the Bright Places",-2020,6.5,6.5,6.5
"All the Queen's Men",-2001,4.9,4.9,4.9
"All the Right Moves",,N/A,N/A,N/A
"All Together Now",-2020,6.5,6.5,6.5
"Alles is zoals het zou moeten zijn",-2020,5.7,5.7,5.7
"Alles ist gut",-2018,6.5,6.5,6.5
"Alles voor elkaar",-2017,5.4,5.4,5.4
Alma,"(2021- )",N/A,N/A,N/A
"Alma Matters - Inside the IIT Dream",-2021,8.5,8.5,8.5
"Along Came Jones",-1945,6.5,6.5,6.5
"Along for the Ride",(II),N/A,N/A,N/A
"Alors, heureux?","(2006 TV Movie)",6.8,6.8,6.8
Alphablocks,(2010-2016),7.8,7.8,7.8
"AlRawabi School for Girls",-2021,N/A,N/A,N/A
"Als de dijken breken",-2016,6.6,6.6,6.6
"Alt Love Building",-2014,5.9,5.9,5.9
"Alta mar",(2019-2020),8,6.4,7.5
"Alter Me",-2020,5.7,5.7,5.7
"Altered Carbon",(2018-2020),8,8,8
"Altered Carbon: Resleeved",-2020,6.5,6.5,6.5
Aluna,-2012,7.7,7.7,7.7
"Alvin and the Chipmunks: The Squeakquel",-2009,4.5,4.5,4.5
"Alvinnn!!! And the Chipmunks","(2015- )",4.5,4.5,4.5
"Always Be My Maybe",-2019,6.8,6.8,6.8
"Aman Ya Sahbi",-2017,2.8,2.8,2.8
"Amanda Knox",-2016,6.9,6.9,6.9
Amar,-2017,5.2,5.2,5.2
"Amar y Vivir","(2020- )",7,7,7
Amateur,-2018,5.9,5.9,5.9
"Amazing Hotels: Life Beyond the Lobby","(2017- )",7.8,7.8,7.8
"Amazing Interiors","(2018- )",6.7,6.7,6.7
"Amazing On The Inside",,N/A,N/A,N/A
"Amend: The Fight for America","(I) (2021)",7.9,7.9,7.9
"Amend: The Fight for America","(II) (2021)",6.2,6.2,6.2
"America: The Motion Picture",-2021,5.7,5.7,5.7
"American Crime Story","(2016- )",8.4,8.4,8.4
"American Experience","(1988- )",6.8,6.6,6.7
"American Factory",-2019,7.4,7.4,7.4
"American Factory: A Conversation with the Obamas",-2019,5.2,5.2,5.2
"American Horror Story","(2011- )",8,8,8
"American Jesus",,N/A,N/A,N/A
"American Masters","(1985- )",7.8,7.8,7.8
"American Murder: The Family Next Door",-2020,7.2,7.2,7.2
"American Psycho",-2000,7.6,7.6,7.6
"American Son",-2019,5.8,5.8,5.8
"American Vandal",(2017-2018),8.2,8.2,8.2
"American Violence",-2017,4.5,4.5,4.5
"Amit Tandon: Family Tandoncies","(2019 TV Special)",7.1,7.1,7.1
Amnesty,(II),N/A,N/A,N/A
Amo,"(2017- )",6.5,6.5,6.5
Amok,"(I) (2014)",5.6,5.6,5.6
"Amor con fianza","(2021- )",N/A,N/A,N/A
"Amor de madre",-2022,N/A,N/A,N/A
"Amy Schumer: Growing","(2019 TV Special)",5.2,5.2,5.2
"Amy Schumer: The Leather Special","(2017 TV Special)",2.9,2.9,2.9
"An Act of War",-2015,5.2,5.2,5.2
"An Affair to Die For",-2019,4.8,4.8,4.8
"An Afternoon with SCTV","(TV Special)",N/A,N/A,N/A
"An Astrological Guide for Broken Hearts",,N/A,N/A,N/A
"An Interview with God",-2018,5.8,5.8,5.8
"An lian: Ju sheng huai nan",-2019,7.3,7.3,7.3
"Anatomy of a Love Seen",-2014,4.7,4.7,4.7
"Anatomy of a Scandal",,N/A,N/A,N/A
Anazâ,-2012,7.6,7.6,7.6
"Ancient Extraterrestrials: Aliens and UFOs Before the Dawn of Time","(2012 Video)",5.6,5.6,5.6
"And the Oscar Goes To...","(2014 TV Movie)",7.1,7.1,7.1
"Andes Mágicos","(2019- )",7.8,7.8,7.8
"Andið eðlilega",-2018,6.9,6.9,6.9
"André & His Olive Tree",-2020,6.8,6.8,6.8
Andropoz,,N/A,N/A,N/A
"Anelka: Misunderstood",-2020,6.4,6.4,6.4
"Aneun Waipeu",-2018,7.6,7.6,7.6
"Ang probinsyano","(2015- )",4.1,4.1,4.1
"Angel 'n' Devil",(2014-2015),4.9,4.9,4.9
"Angela's Christmas",-2017,7.1,7.1,7.1
"Angela's Christmas Wish",-2020,7,7,7
"Angkeumhan Dolshingnyeo","(2014- )",7.6,7.6,7.6
"Angry Birds Blues",-2017,6.3,6.3,6.3
"Angry Birds Stella",(2014-2016),6.9,6.9,6.9
"Angry Birds Toons",(2013-2018),6.2,6.2,6.2
"Angry Birds: Summer Madness",,N/A,N/A,N/A
"Angry Indian Goddesses",-2015,7,7,7
Anima,"(I) (2019)",7.7,7.7,7.7
"Animal Crackers",-2017,5.8,5.8,5.8
"Animal Farm",,N/A,N/A,N/A
"Animal Kingdom","(2016- )",8.2,8.2,8.2
"Animales sin collar",-2018,5,5,5
"Animals on the Loose: A You vs. Wild Movie","(2021 TV Movie)",5.8,5.8,5.8
Ánimas,-2018,4.8,4.8,4.8
"Anitta: Made in Honório","(2020- )",7,7,7
"Anjaan: Special Crimes Unit","(2018- )",7.3,7.3,7.3
"Anjelah Johnson: Not Fancy","(2015 TV Special)",5.8,5.8,5.8
"Anna Karenina",(III),N/A,N/A,N/A
Annarasumanara,,N/A,N/A,N/A
Anne,(2017-2019),9.6,8.7,9.2
Annihilation,-2018,6.8,6.8,6.8
"Annyeong? Naya!","(2021- )",7.2,7.2,7.2
Anon,"(I) (2018)",6.1,6.1,6.1
"Another Life","(2019- )",5,5,5
"Another Self",,N/A,N/A,N/A
"Answer for Heaven","(2019- )",5.9,5.9,5.9
"Anthony Jeselnik: Fire in the Maternity Ward","(2019 TV Special)",7.2,7.2,7.2
"Anthony Jeselnik: Thoughts and Prayers","(2015 Video)",7.8,7.8,7.8
"Anthony Joshua: The Road to Klitschko","(2017 TV Movie)",7.2,7.2,7.2
"Antiracist Baby",,N/A,N/A,N/A
"Antoine Griezmann: The Making of a Legend","(2019 TV Movie)",6.5,6.5,6.5
"Antologi Rasa",-2019,6.4,6.4,6.4
"Anxious People",,N/A,N/A,N/A
"Any Day Now","(I) (2012)",7.5,7.5,7.5
Anytown,-2009,4.8,4.8,4.8
"Ao no ekusoshisuto: Kuro no iede","(2011 Video)",7.1,7.1,7.1
"Apache: La vida de Carlos Tevez",-2019,6.6,6.6,6.6
Apan,-2009,6,6,6
"Apenas o Fim",-2008,6.9,6.9,6.9
Apenstreken,-2015,5.8,5.8,5.8
"Apollo 10 1/2: A Space Age Adventure",-2022,N/A,N/A,N/A
Apostle,-2018,6.3,6.3,6.3
"Aram, Aram",-2015,6.6,6.6,6.6
"Arango y Sanint: Ríase el show","(2018 TV Special)",4,4,4
Arangsaddojeon,-2012,7.5,7.5,7.5
Aranyak,,N/A,N/A,N/A
"Arashi's Diary: Voyage",-2019,7.5,7.5,7.5
Arbitrage,-2012,6.6,6.6,6.6
Arcane,"(2021- )",N/A,N/A,N/A
Archer,"(2009- )",8.6,8.6,8.6
"Archibald's Next Big Thing",(2019-2020),7.8,7.8,7.8
"Archive 81",,N/A,N/A,N/A
"Are You the One?","(2014- )",6.5,6.5,6.5
Ares,-2020,5.6,5.6,5.6
"Året der gik","(2020 TV Special)",N/A,N/A,N/A
"Areumdaun Sesang","(2019- )",8.4,8.4,8.4
"Ari Shaffir: Double Negative","(2016 TV Special)",6.8,6.8,6.8
"Ariana Grande: Excuse Me, I Love You",-2020,6.4,6.4,6.4
"Arifureta Shokugyou de Sekai Saikyou","(2019- )",7,7,7
"Arlo the Alligator Boy","(2021 TV Movie)",6.7,6.7,6.7
"Armed Girl's Machiavellism",-2017,6.6,6.6,6.6
"Army of the Dead",-2021,5.8,5.8,5.8
"Army of the Dead: Lost Vegas","(2022- )",N/A,N/A,N/A
"Army of Thieves",-2021,N/A,N/A,N/A
ARQ,-2016,6.4,6.4,6.4
"Arranged Marriage",(III),N/A,N/A,N/A
"Arrested Development",(2003-2019),8.7,8.7,8.7
Arrival,"(II) (2016)",7.9,7.9,7.9
Arrow,(2012-2020),7.5,7.5,7.5
"Arsenio Hall: Smart and Classy","(2019 TV Special)",6,6,6
"Art of Flight: The Series","(2012- )",8.8,8.8,8.8
"Art of the Game: Ukiyo-e Heroes",-2017,8.1,8.1,8.1
"Article 15",-2019,8.2,8.2,8.2
Artifact,-2012,8,8,8
"Aruna & Her Palate",-2018,7.3,7.3,7.3
"As We Sleep",-2002,N/A,N/A,N/A
Ascension,-2014,7.2,7.2,7.2
"Aseudal Yeondaegi","(2019- )",8.9,8.3,8.7
"Ash vs Evil Dead",(2015-2018),8.4,8.4,8.4
Ashby,-2015,6.4,6.4,6.4
"Ashes of Love",-2018,8.4,8.4,8.4
"Ashley Garcia: Genius in Love","(2020 TV Special)",6.9,6.9,6.9
"Ashley Madison: Sex, Lies & Cyber Attacks","(2016 TV Movie)",5.4,5.4,5.4
"Ask 101","(2020- )",8.2,7.1,7.7
"Ask Taktikleri",,N/A,N/A,N/A
"Ask the Doctor","(2017- )",6.6,6.6,6.6
"Ask the StoryBots",(2016-2019),8.4,8.4,8.4
"Ask-i Memnu",(2008-2010),7.4,7.4,7.4
"Asktan Kaçilmaz","(2014- )",6.2,6.2,6.2
"Asobi Asobase","(2018- )",7.9,7.9,7.9
"Asperger's Are Us",-2016,6.7,6.7,6.7
"Assassin's Creed",,N/A,N/A,N/A
"Assassinio sul Tevere",-1979,6.3,6.3,6.3
Astérix,,N/A,N/A,N/A
Astérix,-2023,N/A,N/A,N/A
"Astronomy Club",-2019,7.1,6.4,6.8
"Asukô mâchi: Asuka kôgyô kôkô monogatari","(2011- )",7.2,7.2,7.2
"At the Dolphin Bay",-2003,7.1,7.1,7.1
"Atari: Game Over",-2014,6.7,6.7,6.7
"Ataúd Blanco: El Juego Diabólico",-2016,4.1,4.1,4.1
Atelier,-2015,7.2,7.2,7.2
Aterrados,-2017,6.5,6.5,6.5
"Athlete A",-2020,7.6,7.6,7.6
Atlantique,-2019,6.7,6.7,6.7
"Atomic Blonde",-2017,6.7,6.7,6.7
Atone,-2019,3.1,3.1,3.1
"Att angöra en brygga",-1965,6.9,6.9,6.9
"Att döda ett barn",-1953,7.4,7.4,7.4
Atypical,(2017-2021),8.3,8.3,8.3
"Au service de la France",(2015-2018),7.8,7.8,7.8
Audible,-2021,5.3,5.3,5.3
"Audrie & Daisy",-2016,7.2,7.2,7.2
"Auntie Claus",,N/A,N/A,N/A
"Aunty Donna's Big Ol' House of Fun","(2020- )",8,8,8
Aurora,"(IV) (2018)",4.3,4.3,4.3
"Autistic Driving School",-2010,5.3,5.3,5.3
Autohead,-2016,5.9,5.9,5.9
Autumn,"(I) (2009)",3.2,3.2,3.2
"Ava's Possessions",-2015,5.7,5.7,5.7
"Avatar: The Last Airbender",,N/A,N/A,N/A
"Avatar: The Last Airbender",(2005-2008),9.9,7,8.7
Avengement,"(I) (2019)",6.6,6.6,6.6
"Avicii: True Stories",-2017,7.6,7.6,7.6
Avlu,"(2018- )",7.2,7.2,7.2
Awake,"(III) (2021)",4.8,4.8,4.8
"Awake: The Million Dollar Game","(2019- )",5.9,5.9,5.9
Away,-2020,6.6,6.6,6.6
Away,"(I) (2016)",6.8,6.8,6.8
"Axis Mundi","(2022- )",N/A,N/A,N/A
Axone,-2019,7,7,7
"Ayotzinapa, El paso de la Tortuga",-2018,7.5,7.5,7.5
Azali,-2018,5.6,5.6,5.6
"Aziz Ansari Live in Madison Square Garden","(2015 TV Special)",6.6,6.6,6.6
"Aziz Ansari: Buried Alive","(2013 TV Special)",7.3,7.3,7.3
"Aziz Ansari: Right Now","(2019 TV Special)",7.5,7.5,7.5
Azizler,-2021,6,6,6
"B: The Beginning","(2018- )",7.2,7.2,7.2
"Baahubali: Before the Beginning",,N/A,N/A,N/A
Babies,"(2020- )",7,7,7
"Babies Behind Bars","(2011 TV Movie)",6.2,6.2,6.2
Baby,(2018-2020),8,6.8,7.7
"Baby Ballroom","(2017- )",7.8,7.8,7.8
"Baby Driver",-2017,7.6,7.6,7.6
"Baby Reindeer",,N/A,N/A,N/A
Babylon,-2014,7.1,7.1,7.1
"BAC Nord",-2020,6.2,6.2,6.2
"Back Street Girls",-2018,6.7,6.7,6.7
"Back to the Outback",-2021,N/A,N/A,N/A
"Back With the Ex","(2018- )",6.2,6.2,6.2
Backfire,"(II) (2017)",3.5,3.5,3.5
Backlash,-1956,6.6,6.6,6.6
Backstabbed,"(2016 TV Movie)",4.8,4.8,4.8
"Bad Blood","(2017- )",7.5,7.5,7.5
"Bad Blood","(II) (2015)",4.7,4.7,4.7
"Bad Boy","(I) (2020)",3.8,3.8,3.8
"Bad Boy Billionaires: India","(2020- )",8,8,8
"Bad Day for the Cut",-2017,6.5,6.5,6.5
"Bad Investigate",-2018,6.6,6.6,6.6
"Bad Papa","(2018- )",7.4,7.4,7.4
"Bad Samaritans",-2013,6.7,6.7,6.7
"Bad Trip",-2021,6.6,6.6,6.6
Badla,-2019,7.8,7.8,7.8
Baegabondeu,-2019,8.3,8.3,8.3
"Baekilui Nanggoonnim",-2018,7.7,7.7,7.7
Baggage,"(I) (2008)",4.8,4.8,4.8
Baires,-2015,4.2,4.2,4.2
"Bajo la piel de lobo",-2017,5.8,5.8,5.8
Bajocero,-2021,6.2,6.2,6.2
"Bake Squad","(2021- )",N/A,N/A,N/A
Baki,(2018-2020),8,6.6,7.2
"Bakugan: Battle Planet","(2018- )",4.9,4.9,4.9
Bala,-2019,7.3,7.3,7.3
"Ball and Chain",,N/A,N/A,N/A
"Balle perdue",-2020,6.2,6.2,6.2
"Bameul geotneun seonbi",-2015,7.3,7.3,7.3
"Ban-deu-si jab-neun-da",-2017,6.6,6.6,6.6
"Banana Split",-2018,6.2,6.2,6.2
Bangistan,-2015,4.5,4.5,4.5
"Bangkok Breaking","(2021- )",N/A,N/A,N/A
"Bangkok Buddies",-2019,6.8,6.8,6.8
"Bangkok Love Stories: Hey You","(2018- )",5.9,5.9,5.9
"Bangkok Love Stories: Innocence",(2018-2019),6.8,6.8,6.8
"Bangkok Love Stories: Objects of Affection","(2019- )",5.8,5.8,5.8
"Bangkok Love Stories: Plead","(2019- )",7.1,7.1,7.1
"Bank el-Hazz",-2017,6.1,6.1,6.1
"Bankier van het verzet",-2018,6.9,6.9,6.9
Banlieusards,-2019,6.4,6.4,6.4
"Bap Jal Sajuneun Yeppeun Nuna",-2018,8.1,8.1,8.1
"Barami Boonda","(2019- )",7.7,7.7,7.7
"Barangay 143","(2018- )",6.4,6.4,6.4
Barbarians,"(2020- )",8.1,7.2,7.5
"Barbie & Chelsea the Lost Birthday","(2021 Video)",6,6,6
"Barbie Dreamhouse Adventures","(2018- )",6.8,6.8,6.8
"Barbie Princess Adventure",-2020,5.6,5.6,5.6
"Barbie: Big City, Big Dreams","(2021 TV Movie)",N/A,N/A,N/A
"Barbie: Dolphin Magic","(2017 Video)",5.7,5.7,5.7
"Barbie: Happy Birthday to You!","(2017 TV Special)",4.1,4.1,4.1
"Barbie: Life in the Dreamhouse","(2012- )",7.4,7.4,7.4
"Barbra: The Music... The Mem'ries... The Magic!","(2017 TV Special)",7.5,7.5,7.5
"Bard of Blood","(2019- )",6.9,6.9,6.9
Bardo,,N/A,N/A,N/A
Barry,"(II) (2016)",5.8,5.8,5.8
Bartita,-2012,5.2,5.2,5.2
Bartkowiak,-2021,5,5,5
Baruca,,N/A,N/A,N/A
"Basilisk: Ouka Ninpouchou",-2018,4.7,4.7,4.7
"Basketball or Nothing","(2019- )",7.4,7.4,7.4
"Bates Motel",(2013-2017),8.1,8.1,8.1
"Batman v Superman: Dawn of Justice",-2016,6.4,6.4,6.4
"Batman: The Movie",-1966,6.5,6.5,6.5
Battle,"(I) (2018)",5.9,5.9,5.9
"Battle Kitty","(2022- )",N/A,N/A,N/A
"Battle of Britain",-1969,7,7,7
"Battle of the Hearts",-2020,N/A,N/A,N/A
"Battle: Freestyle",-2021,N/A,N/A,N/A
Battlefish,"(2018- )",7.1,7.1,7.1
Bayoneta,-2018,5.7,5.7,5.7
Baywatch,-2017,5.5,5.5,5.5
"Be Here Now",-2015,8.6,8.6,8.6
Beastars,"(2019- )",7.8,7.8,7.8
"Beasts of No Nation",-2015,7.7,7.7,7.7
"Beat Bugs",(2016-2018),7.6,7.6,7.6
"Beat Bugs: Happy Birthday to You!","(2017 TV Special)",N/A,N/A,N/A
Beats,"(I) (2019)",6.4,6.4,6.4
"Beautiful Sunday",-2007,5.7,5.7,5.7
Beauty,-2021,N/A,N/A,N/A
"Beauty and the Beast",-1991,8,8,8
"Beauty and the Beast","(I) (2017)",7.1,7.1,7.1
Beckett,-2021,N/A,N/A,N/A
Becoming,"(II) (2020)",6.8,6.8,6.8
"Becoming Champions","(2018- )",6.7,6.7,6.7
"Bed & Breakfast: Love is a Happy Accident",-2010,5.1,5.1,5.1
"Bee & Puppycat: Lazy in Space","(2013- )",8.6,8.6,8.6
"Bee and PuppyCat","(2013- )",8.2,,0.5
Beef,,N/A,N/A,N/A
"Been So Long",-2018,5.5,5.5,5.5
"Before I Wake",-2016,6.2,6.2,6.2
"Begin Again","(II) (2013)",7.4,7.4,7.4
"Behind Her Eyes",-2021,8.2,7,7.4
"Behind the Curtain: Todrick Hall",-2017,6.8,6.8,6.8
"Being Elmo: A Puppeteer's Journey",-2011,7.6,7.6,7.6
"Being Human",(2008-2013),7.8,7.8,7.8
"Being Mrs Elliot",-2014,6.5,6.5,6.5
"Being Napoleon",-2018,5.3,5.3,5.3
Beirut,-2018,6.5,6.5,6.5
"Bella Donna's",-2017,5.9,5.9,5.9
"Bellas de Noche",-2016,7.3,7.3,7.3
"Below Deck","(2013- )",7.3,7.3,7.3
"Below Deck Mediterranean","(2016- )",7.3,7.3,7.3
"Below Her Mouth",-2016,5.5,5.5,5.5
"Ben Platt Live from Radio City Music Hall","(2020 TV Special)",8.4,8.4,8.4
"Ben X Jim","(2020- )",6.6,,1.6
Bendo,"(2022- )",N/A,N/A,N/A
"Beneath the Leaves",-2019,4.6,4.6,4.6
"Beni Çok Sev",-2021,N/A,N/A,N/A
Benji,"(I) (2018)",6.3,6.3,6.3
"Benvenuto Presidente!",-2013,6.2,6.2,6.2
"Benvinguts a la família",(2018-2019),6.7,6.7,6.7
"Berlin Calling",-2008,7.2,7.2,7.2
"Berlin Syndrome",-2017,6.3,6.3,6.3
"Berlin, Berlin",-2020,3.7,3.7,3.7
"Berlin, I Love You",-2019,4.6,4.6,4.6
"Berserk: Ougon Jidai-hen I - Haou no Tamago",-2012,7.6,7.6,7.6
"Berserk: Ougon jidai-hen II - Dorudorei koryaku",-2012,7.8,7.8,7.8
"Berserk: Ougon jidai-hen III - Kourin",-2013,7.9,7.9,7.9
"Bert Kreischer: Hey Big Boy","(2020 TV Special)",7.1,7.1,7.1
"Bert Kreischer: Secret Time","(2018 TV Special)",7.4,7.4,7.4
"Bert Kreischer: The Machine","(2016 TV Special)",7.7,7.7,7.7
"Bert Visscher: Zelden zoiets gezien","(2017 TV Special)",7,7,7
Beruseruku,(2016-2017),6.8,6.8,6.8
"Best Leftovers Ever!","(2020- )",5.7,5.7,5.7
"Best of Stand-up 2020","(2020 TV Special)",5.5,5.5,5.5
"Best. Worst. Weekend. Ever.",-2018,6.4,6.4,6.4
Betaal,"(2020- )",5.4,5.4,5.4
"Bethany Hamilton: Unstoppable",-2018,7.4,7.4,7.4
"Betoben baireoseu",-2008,7.6,7.6,7.6
Betonrausch,-2020,5.8,5.8,5.8
"Better Call Saul","(2015- )",8.8,8.8,8.8
"Better Watch Out","(II) (2016)",6.5,6.5,6.5
"Bettie Page Reveals All",-2012,7.1,7.1,7.1
"Betty en NY","(2019- )",7.7,7.7,7.7
Between,(2015-2016),6,6,6
"Between Two Ferns: The Movie",-2019,6.1,6.1,6.1
"Beuramseureul Joahaseyo",-2020,7.7,7.7,7.7
"Beverly Hills Cop 4",,N/A,N/A,N/A
"Beyblade Burst","(2016- )",6.7,6.7,6.7
"Beyond a Reasonable Doubt",-2009,5.9,5.9,5.9
"Beyond Stranger Things",-2017,7.5,7.5,7.5
"BG: Shinpen keigonin",(2018-2020),6.2,6.2,6.2
"Bhaag Beanie Bhaag","(2020- )",3.8,3.8,3.8
"Bhaage Re Mann",,N/A,N/A,N/A
"Bhangra Paa Le",-2020,6,6,6
Bhouri,-2016,6.7,6.7,6.7
"Bienvenidos a Edén","(2021- )",N/A,N/A,N/A
"Big Bear",-2017,5.1,5.1,5.1
"Big Dreams, Small Spaces",(2014-2017),8.1,8.1,8.1
"Big Game",-2014,5.4,5.4,5.4
"Big Guns","(2006 Video)",7.7,7.7,7.7
"Big in Bollywood",-2011,7.8,7.8,7.8
"Big Mouth","(2017- )",8.1,7.6,7.9
"Big Timber","(2020- )",6.5,6.5,6.5
"Big Vape",,N/A,N/A,N/A
"Big Vape: The Incendiary Rise of Juul",,N/A,N/A,N/A
"Big Words",-2013,5.9,5.9,5.9
BigBug,,N/A,N/A,N/A
"Bigflo & Oli: Hip Hop Frenzy",-2020,6.8,6.8,6.8
"Biggie: I Got a Story to Tell",-2021,6.9,6.9,6.9
"Bikram: Yogi, Guru, Predator",-2019,6.7,6.7,6.7
Bikya,-2018,4.5,4.5,4.5
"Bill Burr: I'm Sorry You Feel That Way","(2014 TV Special)",8.3,8.3,8.3
"Bill Burr: Paper Tiger","(2019 TV Special)",8.2,8.2,8.2
"Bill Burr: Walk Your Way Out","(2017 TV Special)",7.3,7.3,7.3
"Bill Burr: You People Are All the Same.","(2012 TV Special)",8.3,8.3,8.3
"Bill Cosby: 77","(2014 Video)",4,4,4
"Bill Cosby: Far from Finished","(2013 TV Special)",6.8,6.8,6.8
"Bill Hicks: Reflections",-2015,6.8,6.8,6.8
"Bill Hicks: Relentless","(1992 Video)",8.6,8.6,8.6
"Bill Hicks: Revelations","(1993 TV Special)",8.6,8.6,8.6
"Bill Hicks: Sane Man","(1989 Video)",8.4,8.4,8.4
"Bill Nye Saves the World",(2017-2018),3.6,3.6,3.6
Billions,"(2016- )",8.4,8.4,8.4
"Bimilui Soop","(2017- )",8.6,8.6,8.6
Bing-ui,"(2019- )",6.9,6.9,6.9
Binsenjo,"(2021- )",8.5,8.5,8.5
Biohackers,"(2020- )",6.8,6.8,6.8
"Bir Baba Hindu",-2016,2.7,2.7,2.7
"Bir Baskadir","(2020- )",8.6,8,8.3
"Bir Denizalti Hikayesi",,N/A,N/A,N/A
"Bird Box",-2018,6.6,6.6,6.6
Birders,-2019,6.4,6.4,6.4
"Birdman or (The Unexpected Virtue of Ignorance)",-2014,7.7,7.7,7.7
Bitten,(2014-2016),7,7,7
"Bitter Daisies",(2018-2020),7.2,7.2,7.2
"Black Beach",-2020,5.5,5.5,5.5
"Black Clover",(2017-2021),8.3,8.3,8.3
"Black Crab",-2022,N/A,N/A,N/A
"Black Earth Rising",-2018,7.5,7.5,7.5
"Black Heart",-2014,6.5,6.5,6.5
"Black Ink Crew","(2012- )",4.6,4.6,4.6
"Black Lagoon",-2006,8,8,8
"Black Lightning",(2017-2021),7.8,6.1,7.1
"Black Man White Skin",-2015,6.3,6.3,6.3
"Black Mirror","(2011- )",8.8,8.8,8.8
"Black Mirror: Bandersnatch",-2018,7.1,7.1,7.1
"Black Privilege","(2019 TV Movie)",3.3,3.3,3.3
"Black Sails",(2014-2017),8.2,8.2,8.2
"Black Site Delta",-2017,3.8,3.8,3.8
"Black Space","(2020- )",6.8,6.8,6.8
"Black Stallions",,N/A,N/A,N/A
"Black Summer","(2019- )",7.8,6.5,7.2
Blackout,"(2013 TV Movie)",6.5,6.5,6.5
Blackout,(XLI),N/A,N/A,N/A
"Blackpink: Light Up the Sky",-2020,7.5,7.5,7.5
Blame!,-2017,6.7,6.7,6.7
"Blanche comme neige",-2019,5.3,5.3,5.3
Blasted,-2022,N/A,N/A,N/A
"Blazing Transfer Students",-2017,6.6,6.6,6.6
"Bleach: Burîchi",(2004-2012),9.1,6.1,8.1
"Bleach: Burîchu",-2018,6.4,6.4,6.4
"Bling Empire","(2021- )",6.3,5.8,6
Blitz,-2011,6.2,6.2,6.2
Blockbuster,-2018,5.5,5.5,5.5
"Bloed, Zweet & Tranen",-2015,7.1,7.1,7.1
Blonde,"(II) (2022)",N/A,N/A,N/A
"Blood & Water","(2020- )",7.9,6.4,7.4
"Blood Brother",-2013,8.3,8.3,8.3
"Blood Brother",-2018,4.5,4.5,4.5
"Blood Brothers: Malcolm X & Muhammad Ali",-2021,N/A,N/A,N/A
"Blood Cells",-2014,7,7,7
"Blood of Zeus","(2020- )",8.7,7.5,8.1
"Blood Red Sky",-2021,6.1,6.1,6.1
Bloodline,(2015-2017),7.9,7.9,7.9
Bloodride,"(2020- )",6.7,5.9,6.4
Bloom,,N/A,N/A,N/A
"Bloom Into You","(2018- )",7.8,7.8,7.8
"Blown Away","(2019- )",7.1,7.1,7.1
Blue,"(II) (2009)",7.5,7.5,7.5
"Blue Bloods","(2010- )",7.6,7.6,7.6
"Blue Eye Samurai",,N/A,N/A,N/A
"Blue Gold: American Jeans",-2014,6.9,6.9,6.9
"Blue Jasmine",-2013,7.3,7.3,7.3
"Blue Jay","(I) (2016)",7.3,7.3,7.3
"Blue Kids",-2017,4.8,4.8,4.8
"Blue Miracle",-2021,6.7,6.7,6.7
"Blue Mountain State",(2010-2011),8.3,8.3,8.3
"Blue Mountain State: The Rise of Thadland",-2016,5.7,5.7,5.7
BNA,-2020,7.2,7.2,7.2
"Bo Burnham: Inside","(2021 TV Special)",8.7,8.7,8.7
"Bo Burnham: Make Happy","(2016 TV Special)",8.4,8.4,8.4
"Bo Burnham: what.","(2013 TV Special)",8.4,8.4,8.4
"Bob Ross: Happy Accidents, Betrayal & Greed",-2021,N/A,N/A,N/A
"Bob Saget: That's What I'm Talkin' About","(2013 TV Special)",5.2,5.2,5.2
"Bobby Kennedy for President",-2018,8.2,8.2,8.2
"Bobby Robson: More Than a Manager",-2018,8.2,8.2,8.2
"Boca a Boca","(I) (2020- )",6.4,6.4,6.4
"Boca Juniors Confidencial",-2018,6.3,6.3,6.3
Bodyguard,-2018,8.1,8.1,8.1
Bodyguard,"(I) (2011)",4.7,4.7,4.7
"Bogdan Boner: Egzorcysta","(2020- )",7.5,7.5,7.5
Boi,-2019,5,5,5
Boiseu,(2017-2021),7.7,7.7,7.7
"BoJack Horseman",(2014-2020),9.9,8.1,8.8
Bojwagwan,"(2019- )",8.7,7.5,8.2
"Boku dake ga inai machi",-2016,8.5,8.5,8.5
"Boku dake ga inai machi",-2017,7.8,7.8,7.8
"Boku no hîrô akademia","(2016- )",8.4,8.4,8.4
"Boku wa tomodachi ga sukunai","(2011- )",7.1,7.1,7.1
"Bolbol Hayran",-2010,6.4,6.4,6.4
"Bolívar: Una lucha admirable",-2019,7.5,7.5,7.5
"Bom Dia, Verônica","(2020- )",8,7.6,7.9
Bombairiya,-2019,4.5,4.5,4.5
Bombam,"(2019- )",7.9,7.9,7.9
"Bombay Begums","(2021- )",4.9,4.9,4.9
"Bombay Rose",-2019,6.1,6.1,6.1
"Bon Bini Holland",-2015,5.5,5.5,5.5
"Bon Cop Bad Cop 2",-2017,6.7,6.7,6.7
"Bon Cop, Bad Cop",-2006,6.8,6.8,6.8
Bonding,(2018-2021),7.2,7.2,7.2
Bone,,N/A,N/A,N/A
Bongwater,-1998,5.4,5.4,5.4
Bonusfamiljen,"(2017- )",7.6,7.6,7.6
"Boo, Bitch",,N/A,N/A,N/A
Booba,"(2014- )",7,7,7
"Booba: Food Puzzle","(2020- )",8.7,8.7,8.7
"Bookmarks: Celebrating Black Voices","(2020- )",4.9,4.9,4.9
Booksmart,-2019,7.2,7.2,7.2
"Boons and Curses",,N/A,N/A,N/A
"Border Security: America's Front Line","(2016- )",6.6,6.6,6.6
"Border: Keishichô Sôsa Ikka Satsujinhan Sôsa Dai 4-gakkari","(2014- )",6.7,6.7,6.7
"BORDER2 Shokuzai","(2017 TV Movie)",6.5,6.5,6.5
Borderline,(2016-2017),7.2,7.2,7.2
Borgen,"(2010- )",8.5,8.5,8.5
Borgia,(2011-2014),7.8,7.8,7.8
"Born to Be Blue",-2015,6.9,6.9,6.9
"Born to Raise Hell",-2010,4.4,4.4,4.4
"Børning 3",-2020,5.1,5.1,5.1
Borstal,-2017,4.6,4.6,4.6
Börü,-2018,8.2,8.2,8.2
Boss,(2011-2012),8.1,8.1,8.1
"Bottersnikes & Gumbles","(2015- )",5.2,5.2,5.2
"Bottled Life: Nestle's Business with Water",-2012,6.8,6.8,6.8
"Bottom of the World",-2017,5.2,5.2,5.2
"Boy Meets Girl","(I) (2014)",7.1,7.1,7.1
"Boyka: Undisputed IV","(2016 Video)",7,7,7
"Brad Paisley's Comedy Rodeo","(2017 TV Special)",5.7,5.7,5.7
"Brahman Naman",-2016,5.6,5.6,5.6
"Brain on Fire",-2016,6.6,6.6,6.6
Brainchild,"(2018- )",8.1,8.1,8.1
"Brand New Cherry Flavor",-2021,N/A,N/A,N/A
Braqueurs,,N/A,N/A,N/A
Braqueurs,-2015,6.3,6.3,6.3
Brasslands,-2013,7.5,7.5,7.5
"Brave Blue World",-2019,6.7,6.7,6.7
"Brave Miss World",-2013,7.1,7.1,7.1
"Braxton Family Values","(2011- )",5.9,5.9,5.9
Breach,"(IV) (2020)",3.1,3.1,3.1
"Bread Barbershop","(2020- )",8.6,8.6,8.6
BreadCrumbs,-2011,3.2,3.2,3.2
Break,"(IV) (2018)",5.9,5.9,5.9
"Break It All: The History of Rock in Latin America",-2020,7.6,7.6,7.6
"Breakfast at Tiffany's",-1961,7.6,7.6,7.6
"Breakfast, Lunch & Dinner","(2019- )",7.6,6.4,7
"Breaking Bad",(2008-2013),9.4,9.4,9.4
"Breaking Boundaries: The Science of Our Planet",-2021,7.8,7.8,7.8
"Breaking the Bee",-2018,6.9,6.9,6.9
Breathe,(IV),N/A,N/A,N/A
"Brené Brown: The Call to Courage",-2019,7.7,7.7,7.7
"Brent Morin: I'm Brent Morin","(2015 TV Special)",6.6,6.6,6.6
"Brews Brothers","(2020- )",7,5.1,6.2
"Brian Regan: Nunchucks and Flamethrowers","(2017 TV Special)",6.3,6.3,6.3
"Brian Regan: On the Rocks","(2021 TV Special)",6.9,6.9,6.9
Bridegroom,-2013,8,8,8
Bridgerton,"(2020- )",8.1,,5.8
"Brigada Costa del Sol",-2019,8.4,6.8,7.8
Bright,"(I) (2017)",6.3,6.3,6.3
"Bright 2",,N/A,N/A,N/A
"Bright: Samurai Soul",,N/A,N/A,N/A
"Brij Mohan Amar Rahe",-2017,6.8,6.8,6.8
Broadchurch,(2013-2017),8.4,8.4,8.4
Broken,"(2019- )",6.9,6.9,6.9
"Broken City",-2013,6.2,6.2,6.2
Bronx,-2020,6.1,6.1,6.1
Brooklyn,-2015,7.5,7.5,7.5
"Brooklyn Nine-Nine",(2013-2022),8.4,8.4,8.4
"Brooklyn's Finest",-2009,6.7,6.7,6.7
"Brotherly Love","(III) (2015)",6.7,6.7,6.7
"Brown Nation",-2016,7,7,7
Bruised,-2020,7.2,7.2,7.2
"Bruna Surfistinha",-2011,6.1,6.1,6.1
"Bruno & Boots: Go Jump in the Pool","(2016 TV Movie)",5.8,5.8,5.8
"Bruno Motta: Melhor que os Outros Stand Ups que Eu Já Fiz em 15 Anos de Carreira","(2017 TV Special)",N/A,N/A,N/A
"Bruno Motta: O Show do Ano","(2011 TV Special)",N/A,N/A,N/A
BRZRKR,,N/A,N/A,N/A
Bubbles,(I),N/A,N/A,N/A
Bucin,-2020,4.1,4.1,4.1
Budapest,-2018,5.4,5.4,5.4
Buddi,"(2020- )",7,,0.4
"Buddy Thunderstruck",-2017,7.8,7.8,7.8
Buds,-2016,N/A,N/A,N/A
Bulbbul,-2020,6.6,6.6,6.6
"Bulbul Tarang",-2022,N/A,N/A,N/A
"Bullet Head",-2017,5.4,5.4,5.4
Bulyaseong,(2016-2017),7,7,7
"Bumi Manusia",-2019,6.6,6.6,6.6
"Bump of Chicken Tour 2019: aurora ark Tokyo Dome",-2020,N/A,N/A,N/A
Bumperkleef,-2019,5.7,5.7,5.7
"Bumping Mics with Jeff Ross & Dave Attell","(2018- )",7.7,7.7,7.7
"Bungou Stray Dogs","(2016- )",7.8,7.8,7.8
"Buried by the Bernards","(2021- )",7.3,7.3,7.3
"Burn Out","(I) (2017)",6.2,6.2,6.2
"Burning Daylight",-2010,5.4,5.4,5.4
"Burning Sands",-2017,6.1,6.1,6.1
"Burt's Buzz",-2013,6.6,6.6,6.6
"Busted! I Know Who You Are!",(2018-2021),7.7,7.7,7.7
"Button Man: The Killing Game",,N/A,N/A,N/A
"Byeol-e-seo on geu-dae",(2013-2014),8.2,8.2,8.2
Byeong-won-seon,-2017,6.3,6.3,6.3
"Byeonhyeokui Sarang",-2017,7.1,7.1,7.1
"Byron Baes",,N/A,N/A,N/A
"Byuti Insaideu",-2018,7.5,7.5,7.5
"C'est quoi cette famille?!",-2016,6.2,6.2,6.2
"Cabins in the Wild with Dick Strawbridge",-2017,6.8,6.8,6.8
"Cabras da Peste",-2021,6.2,6.2,6.2
"Café dans le temps","(2019- )",N/A,N/A,N/A
Caïd,"(2021- )",7.6,6.2,7.2
"Cain and Abel",-2009,7.7,7.7,7.7
Calibre,-2018,6.8,6.8,6.8
Californication,(2007-2014),8.3,8.3,8.3
"Call Me Lucky",-2015,7.6,7.6,7.6
"Call Your Daughter Home",,N/A,N/A,N/A
"Calum Von Moger: Unbroken",-2019,6.2,6.2,6.2
Cam,-2018,5.9,5.9,5.9
"Camino a Roma",-2020,7.7,7.7,7.7
"Can Dostlar",-2019,5.7,5.7,5.7
"Cancer's Last Stand",-2017,N/A,N/A,N/A
"Canciones y Recuerdos",,N/A,N/A,N/A
"Candy Jar",-2018,5.8,5.8,5.8
"Canine Intervention","(2021- )",7.6,6.5,7.2
"Cannon Busters","(2019- )",7,6.1,6.7
"Cannot Write","(2021- )",6.9,6.9,6.9
Canvas,"(III) (2020)",6.5,6.5,6.5
"Cap Kakumei Bottleman","(2020- )",N/A,N/A,N/A
"Capital C",-2014,6.8,6.8,6.8
Capitani,(2019-2020),6.6,6.6,6.6
"Captain America: Civil War",-2016,7.8,7.8,7.8
"Captain Fall",,N/A,N/A,N/A
"Captain Laserhawk: A Blood Dragon Remix",,N/A,N/A,N/A
Captive,"(2016- )",6.9,6.9,6.9
"Car Masters: Rust to Riches","(2018- )",8.8,8.8,8.8
"Cardboard Gangsters",-2017,6.4,6.4,6.4
"Care Bears and Cousins",(2015-2016),6.8,6.8,6.8
Cargo,"(I) (2017)",6.3,6.3,6.3
"Carlos Almaraz: Playing with Fire",-2019,7.4,7.4,7.4
"Carlos Ballarta: Furia ñera","(2018 TV Special)",7.2,7.2,7.2
"Carmel: ¿Quién mató a María Marta?",-2020,7.1,7.1,7.1
"Carmen Sandiego",,N/A,N/A,N/A
"Carmen Sandiego",(2019-2021),9.2,7.9,8.5
"Carmen Sandiego: To Steal or Not to Steal",-2020,7,7,7
Carnaval,-2021,3.9,3.9,3.9
"Carole & Tuesday",-2019,7.9,7.9,7.9
"Cars 3",-2017,6.7,6.7,6.7
"Cash Only",-2015,6.1,6.1,6.1
"Casi Feliz","(2020- )",7.6,6.4,6.8
"Cast Party","(II) (2015)",6.1,6.1,6.1
Caste,,N/A,N/A,N/A
"Casting JonBenet",-2017,6.1,6.1,6.1
"Castle & Castle","(2018- )",8.6,8.6,8.6
"Castle Rock",(2018-2019),7.6,7.6,7.6
Castlevania,(2017-2021),9.5,7.9,8.5
"Cat People","(2021- )",6.2,6.2,6.2
"CAT. 8","(2013- )",4.4,4.4,4.4
"Catching Feelings",-2017,5.7,5.7,5.7
"Cateva conversatii despre o fata foarte inalta",-2018,5.9,5.9,5.9
Catfight,"(I) (2016)",5.9,5.9,5.9
"CCTV: Caught on Camera","(2014- )",N/A,N/A,N/A
"Cedonia Avenue",-2015,4.2,4.2,4.2
"Cedric the Entertainer: Live from the Ville","(2016 TV Special)",6,6,6
"Cek Toko Sebelah: The Series",(2018-2019),8.3,8.3,8.3
"Celeste & Jesse Forever",-2012,6.6,6.6,6.6
Cellmates,-2011,5.6,5.6,5.6
"Cementerio General",-2013,3.9,3.9,3.9
Centauro,-2022,N/A,N/A,N/A
Centaurworld,"(2021- )",9,,4.4
"Chadwick Boseman: Portrait of an Artist",-2021,6.5,6.5,6.5
"Challenger: The Final Flight",-2020,8.2,7.6,7.9
"Chaman Bahaar",-2020,7,7,7
Chambers,-2019,6.5,6.5,6.5
Champions,-2018,6.1,6.1,6.1
Champs,-2014,7.3,7.3,7.3
"Chandni Bar",-2001,7.6,7.6,7.6
"Change Agent",,N/A,N/A,N/A
"Channeru wa sono mama!",-2019,7.3,7.3,7.3
"Chanranhan yusan",-2009,7.6,7.6,7.6
"Chapo: el escape del siglo",-2016,3.2,3.2,3.2
"Chappelle's Show",(2003-2006),8.7,8.7,8.7
Charité,"(2017- )",7.9,7.9,7.9
"Charlie and the Chocolate Factory",,N/A,N/A,N/A
"Charlie's Angels",-2019,4.8,4.8,4.8
"Charlie's Colorforms City","(2019- )",7.1,7.1,7.1
Charming,-2018,5.6,5.6,5.6
"Chasing Beauty",-2013,6.1,6.1,6.1
"Chasing Cameron","(2016- )",3.7,3.7,3.7
"Chasing Coral",-2017,8.1,8.1,8.1
Chatroom,-2010,5.5,5.5,5.5
"Check Point",-2017,3.2,3.2,3.2
Cheer,-2020,8.1,8.1,8.1
Cheers,(1982-1993),7.9,7.9,7.9
"Cheese in the Trap",-2016,7.4,7.4,7.4
"Chef's Table",(2015-2019),8.5,8.5,8.5
"Chef's Table: BBQ","(2020- )",7.8,7.8,7.8
"Chef's Table: France","(2016- )",8.3,8.3,8.3
"Chek dou",-2015,5.6,5.6,5.6
Chelsea,(2016-2017),6,6,6
"Chelsea Does",-2016,7.2,7.2,7.2
"Chelsea Peretti: One of the Greats","(2014 TV Special)",7,7,7
"Chemi Bednieri Ojakhi",-2017,7.4,7.4,7.4
"Chen qing ling",-2019,9,9,9
Cheongchunsidae,(2016-2017),8.3,8.3,8.3
Chernobyl,-2021,5,5,5
"Chesapeake Shores","(2016- )",7.5,7.5,7.5
Chevolution,-2008,6.5,6.5,6.5
"Chewing Gum",(2015-2017),7.7,7.7,7.7
"Chhota Bheem","(2008- )",4.3,4.3,4.3
"Chhota Bheem Kung Fu Dhamaka",-2019,5.3,5.3,5.3
"Chi m'ha visto",-2017,5.7,5.7,5.7
"Chiamatemi Francesco","(2016- )",7.5,7.5,7.5
"Chicago Overcoat",-2009,6,6,6
