Movies,Year,TotalVotes
"¡A cantar!","(2020- )",167
"¡Ay, mi madre!",-2019,345
"¿A quién te llevarías a una isla desierta?",-2019,2335
"¿Quién Mató a Sara?","(2021- )",13095
(Un)Well,"(2020- )",901
"#AnneFrank - Parallel Stories",-2019,1296
#BlackAF,-2020,4200
#cats_the_mewvie,-2020,439
#differentnotless,"(2017- )",0
#HappyBirthdaySense8,-2017,828
#Realityhigh,-2017,5947
#Rucker50,-2016,105
#Saraitda,-2020,30530
#TemanTapiMenikah,-2018,602
#TemanTapiMenikah2,-2020,241
"1 Chance 2 Dance",-2014,544
"1,000,000 yen no Onnatachi",-2017,1636
"10 000 timmar",-2014,953
"10 Days in Sun City",-2017,58
"100 días para enamorarnos","(2020- )",645
"100 Humans","(2020- )",3456
"100 metros",-2016,5856
"100-man no Inochi no Ue ni Ore wa Tatte Iru","(2020- )",439
"100% Coco",-2017,838
"100% Hotter","(2016- )",864
"101 Dalmatians",-1996,106580
"12 Monkeys",(2015-2018),42021
"12 Rounds 3: Lockdown",-2015,4021
"127 Hours",-2010,357144
"13 Geboden",(2017-2018),2093
"13 Minutes",,0
"13 Reasons Why",(2017-2020),283322
"13 Reasons Why: Season 2 Date Announcement Commercial",-2018,197
"13: The Musical",,0
13th,-2016,33496
"13th: A Conversation with Oprah Winfrey & Ava DuVernay","(2017 Video)",193
"15 August",-2019,245
"17 filles",-2011,3140
"18 regali",-2020,3312
"1898. Los últimos de Filipinas",-2016,3074
1899,"(2022- )",0
1920,-2008,3183
"1920 London",-2016,1599
1922,-2017,56699
1983,-2018,3882
1994,"(I) (2019- )",442
"1994: Poder, Rebeldía y Crimen en México",-2019,17
"2 Weeks",-2013,628
2:22,-2008,1361
"2001: A Space Odyssey",-1968,622998
"2006 Independent Spirit Awards","(2006 TV Special)",83
"2020 Golden Globe Awards","(2020 TV Special)",703
2067,-2020,6977
"21 Days Under the Sky",-2016,252
"21 Sarfarosh Saragarhi 1897","(2018- )",364
"21 Thunder","(2017- )",979
"22 July",-2018,30905
"22nd Annual Mark Twain Prize for American Humor celebrating: Dave Chappelle","(2020 TV Special)",1715
23:59,-2011,903
"26 nyeon",-2012,1054
2gether,-2020,1276
"3 Geezers!",-2013,726
"3 Türken & ein Baby",-2015,1646
3%,(2016-2020),22943
300,-2006,751815
"300: Rise of an Empire",-2014,286734
"365 dni",-2020,63620
"37 sekanzu",-2019,2345
"3Below: Tales of Arcadia",(2018-2019),6908
"3rd Rock from the Sun",(1996-2001),48780
"4 latas",-2019,2903
"42 días en la oscuridad",,0
"44 Gatti","(2018- )",238
"45 Revoluciones",-2019,426
"46 Yok Olan",-2016,4079
50M2,"(2021- )",5588
"6 Balloons",-2018,3865
"6 Below: Miracle on the Mountain",-2017,6916
"6 Days","(I) (2017)",19869
"6 Underground",-2019,150455
"6 Years",-2015,12049
6-5=2,-2014,182
"60 Il, Jijeongsaengjonja",-2019,910
"7 años",-2016,4660
"7 Chinese Brothers",-2015,1490
"7 Days Out","(2018- )",471
"7 Guardians of the Tomb",-2018,3681
"7 Ilui Wangbi",-2017,388
"7 Prisioneiros",-2021,0
7:19,-2016,605
"71st Golden Globe Awards","(2014 TV Special)",888
"72 Dangerous Animals - Asia","(2018- )",455
"72 Dangerous Animals: Latin America",-2017,475
76,-2016,58
7Seeds,(2019-2020),1857
8:46,"(2020 TV Special)",2042
"800 metros","(2021- )",0
"9 Kere Leyla",-2020,7092
"A 3 Minute Hug",-2019,202
"A Babysitter's Guide to Monster Hunting",-2020,3434
"A Boy Called Christmas",-2021,0
"A California Christmas",-2020,6943
"A cambio de nada",-2015,2347
"A Castle for Christmas",-2021,0
"A Chorus Line",,0
"A Christmas Prince",-2017,17515
"A Christmas Prince: The Royal Baby",-2019,5594
"A Christmas Prince: The Royal Wedding",-2018,9527
"A Christmas Tree Miracle",-2013,769
"A Cinderella Story",-2004,82876
"A Cinderella Story: Christmas Wish","(2019 Video)",5237
"A Classic Horror Story",-2021,8822
"A Decade of Decadence, Pt. 2: Legacy of Dreams","(2013 Video)",50
"A Dog's Life: The Oscar Lose Story","(2008 Video)",0
"A Fall from Grace",-2020,13360
"A Family Reunion Christmas","(2019 TV Movie)",164
"A Faster Horse",-2015,656
"A Field Full of Secrets",-2014,200
"A Final Cut for Orson: 40 Years in the Making",-2018,218
"A Futile and Stupid Gesture",-2018,14676
"A Garota Invisível",-2021,45
"A Go! Go! Cory Carson Christmas","(2020 TV Special)",37
"A Go! Go! Cory Carson Halloween","(2020 TV Special)",41
"A god in ruins",,0
"A Haunting at Silver Falls 2",-2019,271
"A Jazzman's Blues",-2022,0
"A Killer Uncaged",-2020,681
"A Life in Men",,0
"A Little Help with Carol Burnett",-2018,224
"A Love So Beautiful","(2020- )",522
"A Love Song for Latasha",-2019,2140
"A Love to Last",-2017,32
"A Madea Homecoming",-2022,0
"A Man Apart",-2003,46040
"A Man for All Seasons",-1966,32729
"A Martfüi Rém - A Sorozat","(2020- )",222
"A mil kilómetros de la Navidad",-2021,0
"A Million Colours",-2011,267
"A New York Christmas Wedding",-2020,860
"A Night for Dying Tigers",-2010,408
"A Note of Explanation",,0
"A Perfect Crime",-2020,1210
"A Perfect Ending",-2012,4044
"A Perfect Fit",-2021,294
"A pesar de todo",-2019,4437
"A Plastic Ocean",-2016,2770
"A Prayer Before Dawn",-2017,21815
"A Primeira Tentação de Cristo",-2019,3267
"A Scandall",-2016,146
"A Second Chance: Rivals!",-2019,218
"A Secret Love",-2020,3816
"A Series of Unfortunate Events",(2017-2019),55753
"A Shaun the Sheep Movie: Farmageddon",-2019,12154
"A StoryBots Christmas","(2017 TV Movie)",141
"A Suitable Boy","(2020- )",5460
"A Taiwanese Tale of Two Cities","(2018- )",150
"A Tale Dark & Grimm","(2021- )",0
"A Tale Dark and Grimm",,0
"A Tale of Two Kitchens",-2019,251
"A Thousand Goodnights","(2019- )",72
"A Tiger in the Dark: The Decadence Saga","(2014 Video)",50
"A Time Lost",(II),0
"A Toca","(2013- )",13
"À tombeau ouvert",,0
"A Trash Truck Christmas","(2020 TV Special)",159
"A Través De Mi Ventana",,0
"A United Kingdom",-2016,15365
"A Very Murray Christmas","(2015 TV Special)",14605
"A Walk to Remember",-2002,203383
"A Week Away",-2021,3565
"A Week in Watts",-2018,187
"A Weekend with the Family",-2016,363
"A Wish For Christmas","(2016 TV Movie)",4260
"A Year in Burgundy",-2013,537
"A Year in Space","(2015- )",415
"A Yellow Bird",-2016,203
A-reu-gon,-2017,223
"A.I.C.O. Incarnation",-2018,1059
"A.N.T. Farm",(2011-2014),6347
"Aakash Gupta Special",-2021,0
"Aala Kaf Ifrit",-2017,1912
"Abby Hatcher",(2018-2021),133
"Abducted in Plain Sight",-2017,17078
"Abeojiga Isanghae",-2017,391
"Abla Fahita: Drama Queen","(2021- )",388
"Abstract: The Art of Design","(2017- )",5046
"Absurd Planet","(2020- )",1349
Abzurdah,-2015,1945
"Accidentally in Love","(2018- )",933
Accomplice,-2021,230
"Aci Kiraz",-2020,229
Acrimony,-2018,8263
"Acts of Violence",-2018,11683
"Ad Vitam",-2018,1428
"Ada Twist, Scientist","(2021- )",0
"Adam Devine: Best Time of Our Lives","(2019 TV Special)",881
"Adam Sandler: 100% Fresh","(2018 TV Special)",4846
"Adel Karam: Live from Beirut","(2018 TV Special)",130
"Adios Amigos",-2016,547
"Aditi Mittal: Things They Wouldn't Let Me Say","(2017 TV Special)",308
ADN,-2020,733
Adú,-2020,4416
"Adult Beginners",-2014,8169
Advantageous,-2015,5140
"Adventure Time",(2010-2018),81525
Advokaten,"(2018- )",1393
Aelay,-2021,561
Aelliseu,-2020,792
Aenggeurimam,-2015,440
"Aetaneun Romaenseu",-2017,2365
Afblijven,-2006,2132
Afflicted,"(2018- )",1080
Affliction,"(III) (2021)",76
"Afonso Padilha: Alma de Pobre","(2020 TV Special)",150
"Afro Samurai",-2007,15625
"After Life","(2019- )",102993
"After Maria",-2019,381
"After Porn Ends",-2012,7703
"After Porn Ends 2",-2017,2512
"After Porn Ends 3",-2018,1551
"After the Raid",-2019,105
"After Tiller",-2013,1046
"After Trek",(2017-2018),252
"Afterlife of the Party",-2021,0
Aftermath,"(IV) (2021)",20
Again,,0
"Against the Ice",-2021,0
"Against the Sun",-2014,5503
"Age of Samurai: Battle for Japan","(2021- )",4230
Agent,"(2019- )",73
"Agent King",,0
"Agents of S.H.I.E.L.D.",(2013-2020),205119
"Aggressive Retsuko","(2016- )",948
Aggretsuko,"(2018- )",5196
"Aguacate El Fruto Del Cielo",-2021,0
"Agustín Aristarán: Soy Rada","(2018 TV Special)",110
"Ahí te Encargo",-2020,1101
"Ahiru no Sora","(2019- )",451
"Ai hui lai",(2011-2012),13
"Ai-naki mori de sakebe",-2019,2147
Ailiseu,(2009-2013),1810
"Ainori Love Wagon: African Journey","(2020- )",79
"Ainori Reboot","(2017- )",0
"Ainori: Asian Journey","(2017- )",243
"AJ and the Queen",-2020,7137
"Ajeeb Daastaans",-2021,4649
Ajin,"(2016- )",5606
Ajji,-2017,1016
"AK vs AK",-2020,12797
"Akame ga Kill!",-2014,19158
"Akbar Birbal","(2014- )",125
Akelarre,-2020,3610
"Akhir Kisah Cinta Si Doel",-2020,119
Akjilkyungchal,-2019,1768
"Al Hayba","(2017- )",982
"Al midan",-2013,8795
"Al posto suo","(2020 TV Movie)",76
"Ala Vaikunthapurramuloo",-2020,10091
"Alan Saldaña: Locked Up","(2021 TV Special)",24
"Alan Saldaña: Mi vida de pobre","(2017 TV Special)",62
"Alejandra Azcárate",,0
"Alejandro Riaño: Especial de stand-up","(2018 TV Special)",60
"Aleksandr's Price",-2013,687
Alex,(2017-2019),165
"Alex Fernández: El mejor comediante del mundo","(2020 TV Special)",125
"Alex Strangelove",-2018,15972
"Alexa & Katie",(2018-2020),3660
"Alexis Viera, una historia de superación",-2019,42
Algoissjiman,"(2021- )",472
"Alguien tiene que morir",-2020,4522
"Alhambeura Goongjeonui Chooeok",(2018-2019),4367
"Ali & the Queens",-2021,791
"Ali Wong: Baby Cobra","(2016 TV Special)",6141
"Ali Wong: Hard Knock Wife","(2018 TV Special)",4199
"Ali's Wedding",-2017,4644
"Alias Grace",-2017,28424
"Alice in Borderland","(2020- )",28709
"Alice in Wonderland",,0
"Alice Júnior",-2019,448
"Alice Through the Looking Glass",-2016,98302
"Alien Contact: Outer Space","(2017 Video)",421
"Alien Secrets","(2006 Video)",37
"Alien TV","(2020- )",228
"Alien Warfare",-2019,3185
"Alien Worlds",-2020,3006
"Alien Xmas","(2020 TV Special)",997
"Aliens on the Moon: The Truth Exposed","(2014 TV Movie)",993
"Aliens: Zone of Silence",-2017,523
"Alive Inside",-2014,3058
"All About The Washingtons",-2018,653
"All Because of You",-2020,191
"All Day and a Night",-2020,3301
"All Hail King Julien",(2014-2017),1708
"All Hail King Julien: Exiled",-2017,474
"All Hail King Julien: Happy Birthday to You!","(2017 TV Special)",7
"All in My Family",-2019,588
"All on the Line","(2011- )",44
"All Quiet on the Western Front",-2022,0
"All the Bright Places",-2020,24223
"All the Queen's Men",-2001,2590
"All the Right Moves",,0
"All Together Now",-2020,3578
"Alles is zoals het zou moeten zijn",-2020,665
"Alles ist gut",-2018,1293
"Alles voor elkaar",-2017,293
Alma,"(2021- )",0
"Alma Matters - Inside the IIT Dream",-2021,2107
"Along Came Jones",-1945,1983
"Along for the Ride",(II),0
"Alors, heureux?","(2006 TV Movie)",7
Alphablocks,(2010-2016),51
"AlRawabi School for Girls",-2021,0
"Als de dijken breken",-2016,778
"Alt Love Building",-2014,221
"Alta mar",(2019-2020),7806
"Alter Me",-2020,53
"Altered Carbon",(2018-2020),149002
"Altered Carbon: Resleeved",-2020,5301
Aluna,-2012,150
"Alvin and the Chipmunks: The Squeakquel",-2009,45491
"Alvinnn!!! And the Chipmunks","(2015- )",1226
"Always Be My Maybe",-2019,49867
"Aman Ya Sahbi",-2017,35
"Amanda Knox",-2016,22474
Amar,-2017,4083
"Amar y Vivir","(2020- )",123
Amateur,-2018,3972
"Amazing Hotels: Life Beyond the Lobby","(2017- )",329
"Amazing Interiors","(2018- )",723
"Amazing On The Inside",,0
"Amend: The Fight for America","(I) (2021)",1068
"Amend: The Fight for America","(II) (2021)",16
"America: The Motion Picture",-2021,4485
"American Crime Story","(2016- )",83137
"American Experience","(1988- )",235
"American Factory",-2019,19411
"American Factory: A Conversation with the Obamas",-2019,261
"American Horror Story","(2011- )",286488
"American Jesus",,0
"American Masters","(1985- )",142
"American Murder: The Family Next Door",-2020,22404
"American Psycho",-2000,517014
"American Son",-2019,6554
"American Vandal",(2017-2018),28093
"American Violence",-2017,1727
"Amit Tandon: Family Tandoncies","(2019 TV Special)",199
Amnesty,(II),0
Amo,"(2017- )",385
Amok,"(I) (2014)",131
"Amor con fianza","(2021- )",0
"Amor de madre",-2022,0
"Amy Schumer: Growing","(2019 TV Special)",3617
"Amy Schumer: The Leather Special","(2017 TV Special)",9496
"An Act of War",-2015,1422
"An Affair to Die For",-2019,1853
"An Afternoon with SCTV","(TV Special)",0
"An Astrological Guide for Broken Hearts",,0
"An Interview with God",-2018,3470
"An lian: Ju sheng huai nan",-2019,188
"Anatomy of a Love Seen",-2014,2487
"Anatomy of a Scandal",,0
Anazâ,-2012,12437
"Ancient Extraterrestrials: Aliens and UFOs Before the Dawn of Time","(2012 Video)",8
"And the Oscar Goes To...","(2014 TV Movie)",1419
"Andes Mágicos","(2019- )",447
"Andið eðlilega",-2018,2678
"André & His Olive Tree",-2020,159
Andropoz,,0
"Anelka: Misunderstood",-2020,2822
"Aneun Waipeu",-2018,660
"Ang probinsyano","(2015- )",179
"Angel 'n' Devil",(2014-2015),33
"Angela's Christmas",-2017,2560
"Angela's Christmas Wish",-2020,1085
"Angkeumhan Dolshingnyeo","(2014- )",817
"Angry Birds Blues",-2017,148
"Angry Birds Stella",(2014-2016),87
"Angry Birds Toons",(2013-2018),684
"Angry Birds: Summer Madness",,0
"Angry Indian Goddesses",-2015,2774
Anima,"(I) (2019)",10114
"Animal Crackers",-2017,2881
"Animal Farm",,0
"Animal Kingdom","(2016- )",26926
"Animales sin collar",-2018,455
"Animals on the Loose: A You vs. Wild Movie","(2021 TV Movie)",762
Ánimas,-2018,1210
"Anitta: Made in Honório","(2020- )",351
"Anjaan: Special Crimes Unit","(2018- )",291
"Anjelah Johnson: Not Fancy","(2015 TV Special)",633
"Anna Karenina",(III),0
Annarasumanara,,0
Anne,(2017-2019),58055
Annihilation,-2018,293459
"Annyeong? Naya!","(2021- )",344
Anon,"(I) (2018)",40017
"Another Life","(2019- )",25983
"Another Self",,0
"Answer for Heaven","(2019- )",9
"Anthony Jeselnik: Fire in the Maternity Ward","(2019 TV Special)",3157
"Anthony Jeselnik: Thoughts and Prayers","(2015 Video)",4734
"Anthony Joshua: The Road to Klitschko","(2017 TV Movie)",433
"Antiracist Baby",,0
"Antoine Griezmann: The Making of a Legend","(2019 TV Movie)",1019
"Antologi Rasa",-2019,156
"Anxious People",,0
"Any Day Now","(I) (2012)",6037
Anytown,-2009,367
"Ao no ekusoshisuto: Kuro no iede","(2011 Video)",172
"Apache: La vida de Carlos Tevez",-2019,1426
Apan,-2009,1608
"Apenas o Fim",-2008,875
Apenstreken,-2015,131
"Apollo 10 1/2: A Space Age Adventure",-2022,0
Apostle,-2018,46866
"Aram, Aram",-2015,180
"Arango y Sanint: Ríase el show","(2018 TV Special)",40
Arangsaddojeon,-2012,733
Aranyak,,0
"Arashi's Diary: Voyage",-2019,40
Arbitrage,-2012,51051
Arcane,"(2021- )",0
Archer,"(2009- )",141784
"Archibald's Next Big Thing",(2019-2020),241
"Archive 81",,0
"Are You the One?","(2014- )",2061
Ares,-2020,3974
"Året der gik","(2020 TV Special)",0
"Areumdaun Sesang","(2019- )",94
"Ari Shaffir: Double Negative","(2016 TV Special)",667
"Ariana Grande: Excuse Me, I Love You",-2020,2141
"Arifureta Shokugyou de Sekai Saikyou","(2019- )",1613
"Arlo the Alligator Boy","(2021 TV Movie)",794
"Armed Girl's Machiavellism",-2017,205
"Army of the Dead",-2021,132378
"Army of the Dead: Lost Vegas","(2022- )",0
"Army of Thieves",-2021,0
ARQ,-2016,36715
"Arranged Marriage",(III),0
"Arrested Development",(2003-2019),284373
Arrival,"(II) (2016)",623912
Arrow,(2012-2020),414712
"Arsenio Hall: Smart and Classy","(2019 TV Special)",412
"Art of Flight: The Series","(2012- )",189
"Art of the Game: Ukiyo-e Heroes",-2017,247
"Article 15",-2019,26537
Artifact,-2012,4555
"Aruna & Her Palate",-2018,674
"As We Sleep",-2002,0
Ascension,-2014,17926
"Aseudal Yeondaegi","(2019- )",4237
"Ash vs Evil Dead",(2015-2018),67180
Ashby,-2015,15197
"Ashes of Love",-2018,1577
"Ashley Garcia: Genius in Love","(2020 TV Special)",245
"Ashley Madison: Sex, Lies & Cyber Attacks","(2016 TV Movie)",339
"Ask 101","(2020- )",13050
"Ask Taktikleri",,0
"Ask the Doctor","(2017- )",261
"Ask the StoryBots",(2016-2019),750
"Ask-i Memnu",(2008-2010),12276
"Asktan Kaçilmaz","(2014- )",46
"Asobi Asobase","(2018- )",875
"Asperger's Are Us",-2016,680
"Assassin's Creed",,0
"Assassinio sul Tevere",-1979,259
Astérix,,0
Astérix,-2023,0
"Astronomy Club",-2019,693
"Asukô mâchi: Asuka kôgyô kôkô monogatari","(2011- )",63
"At the Dolphin Bay",-2003,29
"Atari: Game Over",-2014,5762
"Ataúd Blanco: El Juego Diabólico",-2016,781
Atelier,-2015,877
Aterrados,-2017,12989
"Athlete A",-2020,8827
Atlantique,-2019,8583
"Atomic Blonde",-2017,182505
Atone,-2019,416
"Att angöra en brygga",-1965,2403
"Att döda ett barn",-1953,200
Atypical,(2017-2021),71544
"Au service de la France",(2015-2018),3115
Audible,-2021,119
"Audrie & Daisy",-2016,6227
"Auntie Claus",,0
"Aunty Donna's Big Ol' House of Fun","(2020- )",5312
Aurora,"(IV) (2018)",554
"Autistic Driving School",-2010,11
Autohead,-2016,373
Autumn,"(I) (2009)",1562
"Ava's Possessions",-2015,2990
"Avatar: The Last Airbender",,0
"Avatar: The Last Airbender",(2005-2008),468998
Avengement,"(I) (2019)",12996
"Avicii: True Stories",-2017,6482
Avlu,"(2018- )",1377
Awake,"(III) (2021)",16262
"Awake: The Million Dollar Game","(2019- )",681
Away,-2020,22137
Away,"(I) (2016)",2079
"Axis Mundi","(2022- )",0
Axone,-2019,2026
"Ayotzinapa, El paso de la Tortuga",-2018,186
Azali,-2018,163
"Aziz Ansari Live in Madison Square Garden","(2015 TV Special)",3066
"Aziz Ansari: Buried Alive","(2013 TV Special)",3775
"Aziz Ansari: Right Now","(2019 TV Special)",4634
Azizler,-2021,9497
"B: The Beginning","(2018- )",4285
"Baahubali: Before the Beginning",,0
Babies,"(2020- )",661
"Babies Behind Bars","(2011 TV Movie)",110
Baby,(2018-2020),10665
"Baby Ballroom","(2017- )",169
"Baby Driver",-2017,468655
"Baby Reindeer",,0
Babylon,-2014,2142
"BAC Nord",-2020,54
"Back Street Girls",-2018,689
"Back to the Outback",-2021,0
"Back With the Ex","(2018- )",567
Backfire,"(II) (2017)",423
Backlash,-1956,1530
Backstabbed,"(2016 TV Movie)",502
"Bad Blood","(2017- )",8238
"Bad Blood","(II) (2015)",402
"Bad Boy","(I) (2020)",893
"Bad Boy Billionaires: India","(2020- )",2687
"Bad Day for the Cut",-2017,7311
"Bad Investigate",-2018,651
"Bad Papa","(2018- )",101
"Bad Samaritans",-2013,432
"Bad Trip",-2021,19931
Badla,-2019,24679
Baegabondeu,-2019,5333
"Baekilui Nanggoonnim",-2018,1328
Baggage,"(I) (2008)",373
Baires,-2015,197
"Bajo la piel de lobo",-2017,2744
Bajocero,-2021,16022
"Bake Squad","(2021- )",0
Baki,(2018-2020),5193
"Bakugan: Battle Planet","(2018- )",190
Bala,-2019,12716
"Ball and Chain",,0
"Balle perdue",-2020,8228
"Bameul geotneun seonbi",-2015,792
"Ban-deu-si jab-neun-da",-2017,2511
"Banana Split",-2018,2774
Bangistan,-2015,1196
"Bangkok Breaking","(2021- )",0
"Bangkok Buddies",-2019,15
"Bangkok Love Stories: Hey You","(2018- )",11
"Bangkok Love Stories: Innocence",(2018-2019),166
"Bangkok Love Stories: Objects of Affection","(2019- )",22
"Bangkok Love Stories: Plead","(2019- )",43
"Bank el-Hazz",-2017,826
"Bankier van het verzet",-2018,8574
Banlieusards,-2019,1356
"Bap Jal Sajuneun Yeppeun Nuna",-2018,4330
"Barami Boonda","(2019- )",33
"Barangay 143","(2018- )",27
Barbarians,"(2020- )",25098
"Barbie & Chelsea the Lost Birthday","(2021 Video)",75
"Barbie Dreamhouse Adventures","(2018- )",414
"Barbie Princess Adventure",-2020,288
"Barbie: Big City, Big Dreams","(2021 TV Movie)",0
"Barbie: Dolphin Magic","(2017 Video)",619
"Barbie: Happy Birthday to You!","(2017 TV Special)",8
"Barbie: Life in the Dreamhouse","(2012- )",1474
"Barbra: The Music... The Mem'ries... The Magic!","(2017 TV Special)",416
"Bard of Blood","(2019- )",10752
Bardo,,0
Barry,"(II) (2016)",6821
Bartita,-2012,107
Bartkowiak,-2021,398
Baruca,,0
"Basilisk: Ouka Ninpouchou",-2018,135
"Basketball or Nothing","(2019- )",528
"Bates Motel",(2013-2017),100394
"Batman v Superman: Dawn of Justice",-2016,657423
"Batman: The Movie",-1966,30610
Battle,"(I) (2018)",3918
"Battle Kitty","(2022- )",0
"Battle of Britain",-1969,21366
"Battle of the Hearts",-2020,0
"Battle: Freestyle",-2021,0
Battlefish,"(2018- )",385
Bayoneta,-2018,504
Baywatch,-2017,170844
"Be Here Now",-2015,3288
Beastars,"(2019- )",7848
"Beasts of No Nation",-2015,76530
"Beat Bugs",(2016-2018),491
"Beat Bugs: Happy Birthday to You!","(2017 TV Special)",0
Beats,"(I) (2019)",4651
"Beautiful Sunday",-2007,110
Beauty,-2021,0
"Beauty and the Beast",-1991,425384
"Beauty and the Beast","(I) (2017)",284484
Beckett,-2021,0
Becoming,"(II) (2020)",5950
"Becoming Champions","(2018- )",350
"Bed & Breakfast: Love is a Happy Accident",-2010,999
"Bee & Puppycat: Lazy in Space","(2013- )",29
"Bee and PuppyCat","(2013- )",1555
Beef,,0
"Been So Long",-2018,996
"Before I Wake",-2016,42362
"Begin Again","(II) (2013)",147794
"Behind Her Eyes",-2021,53350
"Behind the Curtain: Todrick Hall",-2017,298
"Being Elmo: A Puppeteer's Journey",-2011,6897
"Being Human",(2008-2013),24392
"Being Mrs Elliot",-2014,16
"Being Napoleon",-2018,104
Beirut,-2018,20085
"Bella Donna's",-2017,403
"Bellas de Noche",-2016,534
"Below Deck","(2013- )",2222
"Below Deck Mediterranean","(2016- )",1327
"Below Her Mouth",-2016,11129
"Ben Platt Live from Radio City Music Hall","(2020 TV Special)",426
"Ben X Jim","(2020- )",60
Bendo,"(2022- )",0
"Beneath the Leaves",-2019,1389
"Beni Çok Sev",-2021,0
Benji,"(I) (2018)",4163
"Benvenuto Presidente!",-2013,3181
"Benvinguts a la família",(2018-2019),385
"Berlin Calling",-2008,13984
"Berlin Syndrome",-2017,23476
"Berlin, Berlin",-2020,430
"Berlin, I Love You",-2019,2822
"Berserk: Ougon Jidai-hen I - Haou no Tamago",-2012,11327
"Berserk: Ougon jidai-hen II - Dorudorei koryaku",-2012,9421
"Berserk: Ougon jidai-hen III - Kourin",-2013,8987
"Bert Kreischer: Hey Big Boy","(2020 TV Special)",1699
"Bert Kreischer: Secret Time","(2018 TV Special)",2104
"Bert Kreischer: The Machine","(2016 TV Special)",1327
"Bert Visscher: Zelden zoiets gezien","(2017 TV Special)",51
Beruseruku,(2016-2017),4953
"Best Leftovers Ever!","(2020- )",423
"Best of Stand-up 2020","(2020 TV Special)",486
"Best. Worst. Weekend. Ever.",-2018,254
Betaal,"(2020- )",8261
"Bethany Hamilton: Unstoppable",-2018,619
"Betoben baireoseu",-2008,318
Betonrausch,-2020,4387
"Better Call Saul","(2015- )",347857
"Better Watch Out","(II) (2016)",33703
"Bettie Page Reveals All",-2012,1459
"Betty en NY","(2019- )",477
Between,(2015-2016),8647
"Between Two Ferns: The Movie",-2019,28298
"Beuramseureul Joahaseyo",-2020,500
"Beverly Hills Cop 4",,0
"Beyblade Burst","(2016- )",364
"Beyond a Reasonable Doubt",-2009,12570
"Beyond Stranger Things",-2017,1813
"BG: Shinpen keigonin",(2018-2020),372
"Bhaag Beanie Bhaag","(2020- )",3806
"Bhaage Re Mann",,0
"Bhangra Paa Le",-2020,295
Bhouri,-2016,413
"Bienvenidos a Edén","(2021- )",0
"Big Bear",-2017,1280
"Big Dreams, Small Spaces",(2014-2017),309
"Big Game",-2014,31914
"Big Guns","(2006 Video)",20
"Big in Bollywood",-2011,101
"Big Mouth","(2017- )",67118
"Big Timber","(2020- )",333
"Big Vape",,0
"Big Vape: The Incendiary Rise of Juul",,0
"Big Words",-2013,277
BigBug,,0
"Bigflo & Oli: Hip Hop Frenzy",-2020,102
"Biggie: I Got a Story to Tell",-2021,4347
"Bikram: Yogi, Guru, Predator",-2019,6232
Bikya,-2018,105
"Bill Burr: I'm Sorry You Feel That Way","(2014 TV Special)",7364
"Bill Burr: Paper Tiger","(2019 TV Special)",9499
"Bill Burr: Walk Your Way Out","(2017 TV Special)",6625
"Bill Burr: You People Are All the Same.","(2012 TV Special)",6812
"Bill Cosby: 77","(2014 Video)",10
"Bill Cosby: Far from Finished","(2013 TV Special)",464
"Bill Hicks: Reflections",-2015,127
"Bill Hicks: Relentless","(1992 Video)",2425
"Bill Hicks: Revelations","(1993 TV Special)",2983
"Bill Hicks: Sane Man","(1989 Video)",2242
"Bill Nye Saves the World",(2017-2018),6722
Billions,"(2016- )",74094
"Bimilui Soop","(2017- )",6339
Bing-ui,"(2019- )",578
Binsenjo,"(2021- )",7888
Biohackers,"(2020- )",7563
"Bir Baba Hindu",-2016,2410
"Bir Baskadir","(2020- )",28301
"Bir Denizalti Hikayesi",,0
"Bird Box",-2018,297927
Birders,-2019,230
"Birdman or (The Unexpected Virtue of Ignorance)",-2014,595946
Bitten,(2014-2016),16925
"Bitter Daisies",(2018-2020),2864
"Black Beach",-2020,1299
"Black Clover",(2017-2021),13218
"Black Crab",-2022,0
"Black Earth Rising",-2018,4361
"Black Heart",-2014,41
"Black Ink Crew","(2012- )",383
"Black Lagoon",-2006,13031
"Black Lightning",(2017-2021),28275
"Black Man White Skin",-2015,49
"Black Mirror","(2011- )",469407
"Black Mirror: Bandersnatch",-2018,118074
"Black Privilege","(2019 TV Movie)",205
"Black Sails",(2014-2017),96550
"Black Site Delta",-2017,995
"Black Space","(2020- )",1074
"Black Stallions",,0
"Black Summer","(2019- )",26189
Blackout,"(2013 TV Movie)",230
Blackout,(XLI),0
"Blackpink: Light Up the Sky",-2020,5531
Blame!,-2017,7432
"Blanche comme neige",-2019,921
Blasted,-2022,0
"Blazing Transfer Students",-2017,110
"Bleach: Burîchi",(2004-2012),59138
"Bleach: Burîchu",-2018,10897
"Bling Empire","(2021- )",2328
Blitz,-2011,83777
Blockbuster,-2018,446
"Bloed, Zweet & Tranen",-2015,1792
Blonde,"(II) (2022)",0
"Blood & Water","(2020- )",2481
"Blood Brother",-2013,1618
"Blood Brother",-2018,936
"Blood Brothers: Malcolm X & Muhammad Ali",-2021,0
"Blood Cells",-2014,84
"Blood of Zeus","(2020- )",18372
"Blood Red Sky",-2021,21062
Bloodline,(2015-2017),46111
Bloodride,"(2020- )",5554
Bloom,,0
"Bloom Into You","(2018- )",954
"Blown Away","(2019- )",2438
Blue,"(II) (2009)",83
"Blue Bloods","(2010- )",34064
"Blue Eye Samurai",,0
"Blue Gold: American Jeans",-2014,124
"Blue Jasmine",-2013,195580
"Blue Jay","(I) (2016)",15777
"Blue Kids",-2017,79
"Blue Miracle",-2021,4816
"Blue Mountain State",(2010-2011),49898
"Blue Mountain State: The Rise of Thadland",-2016,15091
BNA,-2020,1893
"Bo Burnham: Inside","(2021 TV Special)",31108
"Bo Burnham: Make Happy","(2016 TV Special)",12350
"Bo Burnham: what.","(2013 TV Special)",9995
"Bob Ross: Happy Accidents, Betrayal & Greed",-2021,0
"Bob Saget: That's What I'm Talkin' About","(2013 TV Special)",237
"Bobby Kennedy for President",-2018,1601
"Bobby Robson: More Than a Manager",-2018,2903
"Boca a Boca","(I) (2020- )",674
"Boca Juniors Confidencial",-2018,317
Bodyguard,-2018,103187
Bodyguard,"(I) (2011)",24275
"Bogdan Boner: Egzorcysta","(2020- )",45
Boi,-2019,604
Boiseu,(2017-2021),1496
"BoJack Horseman",(2014-2020),173296
Bojwagwan,"(2019- )",408
"Boku dake ga inai machi",-2016,35113
"Boku dake ga inai machi",-2017,3231
"Boku no hîrô akademia","(2016- )",44367
"Boku wa tomodachi ga sukunai","(2011- )",1975
"Bolbol Hayran",-2010,2445
"Bolívar: Una lucha admirable",-2019,668
"Bom Dia, Verônica","(2020- )",3948
Bombairiya,-2019,394
Bombam,"(2019- )",1739
"Bombay Begums","(2021- )",3615
"Bombay Rose",-2019,520
"Bon Bini Holland",-2015,1211
"Bon Cop Bad Cop 2",-2017,3956
"Bon Cop, Bad Cop",-2006,12296
Bonding,(2018-2021),14488
Bone,,0
Bongwater,-1998,3843
Bonusfamiljen,"(2017- )",2864
"Boo, Bitch",,0
Booba,"(2014- )",318
"Booba: Food Puzzle","(2020- )",21
"Bookmarks: Celebrating Black Voices","(2020- )",143
Booksmart,-2019,103143
"Boons and Curses",,0
"Border Security: America's Front Line","(2016- )",104
"Border: Keishichô Sôsa Ikka Satsujinhan Sôsa Dai 4-gakkari","(2014- )",315
"BORDER2 Shokuzai","(2017 TV Movie)",154
Borderline,(2016-2017),1432
Borgen,"(2010- )",21123
Borgia,(2011-2014),6257
"Born to Be Blue",-2015,8304
"Born to Raise Hell",-2010,4086
"Børning 3",-2020,1916
Borstal,-2017,483
Börü,-2018,6607
Boss,(2011-2012),17281
"Bottersnikes & Gumbles","(2015- )",43
"Bottled Life: Nestle's Business with Water",-2012,816
"Bottom of the World",-2017,4836
"Boy Meets Girl","(I) (2014)",4391
"Boyka: Undisputed IV","(2016 Video)",26802
"Brad Paisley's Comedy Rodeo","(2017 TV Special)",143
"Brahman Naman",-2016,1798
"Brain on Fire",-2016,19354
Brainchild,"(2018- )",368
"Brand New Cherry Flavor",-2021,0
Braqueurs,,0
Braqueurs,-2015,4641
Brasslands,-2013,90
"Brave Blue World",-2019,658
"Brave Miss World",-2013,546
"Braxton Family Values","(2011- )",602
Breach,"(IV) (2020)",10958
"Bread Barbershop","(2020- )",83
BreadCrumbs,-2011,828
Break,"(IV) (2018)",1012
"Break It All: The History of Rock in Latin America",-2020,1091
"Breakfast at Tiffany's",-1961,171297
"Breakfast, Lunch & Dinner","(2019- )",1257
"Breaking Bad",(2008-2013),1552311
"Breaking Boundaries: The Science of Our Planet",-2021,1462
"Breaking the Bee",-2018,675
Breathe,(IV),0
"Brené Brown: The Call to Courage",-2019,1296
"Brent Morin: I'm Brent Morin","(2015 TV Special)",640
"Brews Brothers","(2020- )",2235
"Brian Regan: Nunchucks and Flamethrowers","(2017 TV Special)",632
"Brian Regan: On the Rocks","(2021 TV Special)",493
Bridegroom,-2013,4446
Bridgerton,"(2020- )",98878
"Brigada Costa del Sol",-2019,685
Bright,"(I) (2017)",175334
"Bright 2",,0
"Bright: Samurai Soul",,0
"Brij Mohan Amar Rahe",-2017,3031
Broadchurch,(2013-2017),100611
Broken,"(2019- )",959
"Broken City",-2013,77749
Bronx,-2020,7517
Brooklyn,-2015,135157
"Brooklyn Nine-Nine",(2013-2022),248583
"Brooklyn's Finest",-2009,61994
"Brotherly Love","(III) (2015)",1787
"Brown Nation",-2016,648
Bruised,-2020,47
"Bruna Surfistinha",-2011,6999
"Bruno & Boots: Go Jump in the Pool","(2016 TV Movie)",299
"Bruno Motta: Melhor que os Outros Stand Ups que Eu Já Fiz em 15 Anos de Carreira","(2017 TV Special)",0
"Bruno Motta: O Show do Ano","(2011 TV Special)",0
BRZRKR,,0
Bubbles,(I),0
Bucin,-2020,575
Budapest,-2018,2506
Buddi,"(2020- )",48
"Buddy Thunderstruck",-2017,467
Buds,-2016,0
Bulbbul,-2020,10484
"Bulbul Tarang",-2022,0
"Bullet Head",-2017,9317
Bulyaseong,(2016-2017),260
"Bumi Manusia",-2019,619
"Bump of Chicken Tour 2019: aurora ark Tokyo Dome",-2020,0
Bumperkleef,-2019,2394
"Bumping Mics with Jeff Ross & Dave Attell","(2018- )",1072
"Bungou Stray Dogs","(2016- )",3754
"Buried by the Bernards","(2021- )",312
"Burn Out","(I) (2017)",3275
"Burning Daylight",-2010,233
"Burning Sands",-2017,2682
"Burt's Buzz",-2013,756
"Busted! I Know Who You Are!",(2018-2021),747
"Button Man: The Killing Game",,0
"Byeol-e-seo on geu-dae",(2013-2014),10146
Byeong-won-seon,-2017,309
"Byeonhyeokui Sarang",-2017,536
"Byron Baes",,0
"Byuti Insaideu",-2018,1347
"C'est quoi cette famille?!",-2016,1025
"Cabins in the Wild with Dick Strawbridge",-2017,239
"Cabras da Peste",-2021,1433
"Café dans le temps","(2019- )",0
Caïd,"(2021- )",901
"Cain and Abel",-2009,235
Calibre,-2018,24891
Californication,(2007-2014),174076
"Call Me Lucky",-2015,2006
"Call Your Daughter Home",,0
"Calum Von Moger: Unbroken",-2019,749
Cam,-2018,28739
"Camino a Roma",-2020,578
"Can Dostlar",-2019,311
"Cancer's Last Stand",-2017,0
"Canciones y Recuerdos",,0
"Candy Jar",-2018,4658
"Canine Intervention","(2021- )",954
"Cannon Busters","(2019- )",1483
"Cannot Write","(2021- )",12
Canvas,"(III) (2020)",2064
"Cap Kakumei Bottleman","(2020- )",0
"Capital C",-2014,266
Capitani,(2019-2020),3305
"Captain America: Civil War",-2016,697750
"Captain Fall",,0
"Captain Laserhawk: A Blood Dragon Remix",,0
Captive,"(2016- )",649
"Car Masters: Rust to Riches","(2018- )",8412
"Cardboard Gangsters",-2017,2788
"Care Bears and Cousins",(2015-2016),69
Cargo,"(I) (2017)",39943
"Carlos Almaraz: Playing with Fire",-2019,47
"Carlos Ballarta: Furia ñera","(2018 TV Special)",177
"Carmel: ¿Quién mató a María Marta?",-2020,1979
"Carmen Sandiego",,0
"Carmen Sandiego",(2019-2021),5858
"Carmen Sandiego: To Steal or Not to Steal",-2020,628
Carnaval,-2021,679
"Carole & Tuesday",-2019,1694
"Cars 3",-2017,83135
"Cash Only",-2015,1194
"Casi Feliz","(2020- )",920
"Cast Party","(II) (2015)",13
Caste,,0
"Casting JonBenet",-2017,5171
"Castle & Castle","(2018- )",76
"Castle Rock",(2018-2019),40731
Castlevania,(2017-2021),61387
"Cat People","(2021- )",152
"CAT. 8","(2013- )",1220
"Catching Feelings",-2017,521
"Cateva conversatii despre o fata foarte inalta",-2018,261
Catfight,"(I) (2016)",5779
"CCTV: Caught on Camera","(2014- )",0
"Cedonia Avenue",-2015,14
"Cedric the Entertainer: Live from the Ville","(2016 TV Special)",663
"Cek Toko Sebelah: The Series",(2018-2019),96
"Celeste & Jesse Forever",-2012,30382
Cellmates,-2011,581
"Cementerio General",-2013,293
Centauro,-2022,0
Centaurworld,"(2021- )",318
"Chadwick Boseman: Portrait of an Artist",-2021,119
"Challenger: The Final Flight",-2020,7087
"Chaman Bahaar",-2020,6027
Chambers,-2019,7794
Champions,-2018,3361
Champs,-2014,1887
"Chandni Bar",-2001,2516
"Change Agent",,0
"Channeru wa sono mama!",-2019,267
"Chanranhan yusan",-2009,757
"Chapo: el escape del siglo",-2016,319
"Chappelle's Show",(2003-2006),57671
Charité,"(2017- )",2873
"Charlie and the Chocolate Factory",,0
"Charlie's Angels",-2019,62393
"Charlie's Colorforms City","(2019- )",122
Charming,-2018,3144
"Chasing Beauty",-2013,280
"Chasing Cameron","(2016- )",490
"Chasing Coral",-2017,4784
Chatroom,-2010,8963
"Check Point",-2017,1000
Cheer,-2020,4270
Cheers,(1982-1993),49886
"Cheese in the Trap",-2016,3348
"Chef's Table",(2015-2019),14082
"Chef's Table: BBQ","(2020- )",811
"Chef's Table: France","(2016- )",1637
"Chek dou",-2015,1127
Chelsea,(2016-2017),1995
"Chelsea Does",-2016,2395
"Chelsea Peretti: One of the Greats","(2014 TV Special)",2277
"Chemi Bednieri Ojakhi",-2017,3482
"Chen qing ling",-2019,4650
Cheongchunsidae,(2016-2017),1861
Chernobyl,-2021,4681
"Chesapeake Shores","(2016- )",5407
Chevolution,-2008,554
"Chewing Gum",(2015-2017),8245
"Chhota Bheem","(2008- )",672
"Chhota Bheem Kung Fu Dhamaka",-2019,127
"Chi m'ha visto",-2017,314
"Chiamatemi Francesco","(2016- )",159
"Chicago Overcoat",-2009,1052
